Date,Source,Start_Hour,End_Hour,Production
12/18/2022,Wind,21,22,11400
1/29/2024,Wind,14,15,7917
8/1/2024,Solar,15,16,8835
11/10/2020,Wind,1,2,989
12/19/2022,Wind,1,2,12526
10/18/2024,Solar,13,14,4855
4/10/2020,Solar,17,18,3692
1/25/2023,Wind,0,1,2156
12/12/2021,Wind,12,13,5813
10/11/2020,Wind,13,14,6106
1/8/2024,Wind,23,0,5515
1/8/2020,Wind,18,19,2785
1/29/2022,Wind,20,21,8498
6/2/2021,Solar,15,16,5561
6/11/2024,Wind,7,8,2328
6/5/2020,Wind,21,22,6664
5/2/2021,Solar,13,14,4993
1/13/2022,Wind,0,1,3276
7/24/2020,Wind,3,4,1739
8/29/2024,Wind,5,6,2083
1/3/2024,Wind,0,1,17272
4/2/2024,Wind,2,3,12285
7/29/2020,Solar,16,17,3480
11/5/2024,Wind,6,7,1690
10/24/2022,Wind,8,9,11508
2/27/2023,Wind,10,11,15692
4/2/2020,Solar,15,16,4169
5/13/2020,Wind,3,4,3174
11/22/2023,Wind,14,15,7314
9/11/2021,Solar,11,12,4969
4/7/2025,Solar,15,16,9862
7/27/2025,Wind,22,23,3862
3/11/2021,Wind,13,14,16144
4/30/2022,Solar,16,17,8188
1/19/2023,Wind,23,0,1710
9/11/2022,Wind,4,5,472
9/25/2021,Solar,16,17,3402
8/8/2020,Solar,12,13,3996
6/8/2021,Wind,1,2,1148
6/10/2024,Wind,21,22,4062
6/18/2020,Wind,0,1,1443
5/30/2023,Wind,17,18,13363
2/17/2022,Wind,1,2,15609
5/11/2022,Wind,19,20,8878
5/7/2024,Wind,7,8,2974
11/22/2025,Wind,12,13,12324
4/9/2021,Wind,21,22,5279
12/24/2021,Wind,11,12,3872
3/11/2023,Wind,12,13,6406
8/13/2021,Solar,13,14,5323
2/1/2021,Wind,15,16,7166
9/11/2023,Solar,13,14,7117
7/1/2020,Wind,13,14,5874
3/10/2025,Solar,9,10,4807
6/23/2023,Solar,15,16,7976
2/9/2023,Solar,13,14,5168
5/24/2020,Wind,0,1,4384
7/26/2021,Wind,23,0,1465
9/28/2020,Wind,6,7,3962
8/25/2021,Wind,0,1,6786
12/16/2021,Wind,14,15,5553
3/11/2022,Wind,22,23,10557
4/13/2020,Wind,17,18,10961
10/4/2022,Wind,23,0,2160
6/12/2025,Wind,1,2,8382
8/18/2022,Solar,10,11,3688
10/25/2025,Wind,18,19,8209
10/24/2023,Wind,22,23,6448
10/13/2021,Wind,18,19,2194
7/19/2025,Wind,11,12,10173
6/1/2021,Wind,5,6,5221
6/30/2022,Wind,22,23,2181
1/4/2020,Wind,5,6,3143
4/23/2020,Wind,3,4,2541
9/19/2021,Wind,9,10,4133
2/1/2021,Wind,5,6,5020
7/8/2022,Wind,8,9,3748
7/8/2025,Solar,13,14,13125
7/7/2021,Solar,14,15,5096
1/22/2020,Wind,15,16,4074
6/28/2025,Solar,17,18,7681
2/25/2021,Wind,3,4,4820
5/22/2021,Wind,17,18,10961
2/16/2022,Wind,5,6,14822
6/22/2023,Wind,4,5,3376
6/18/2022,Wind,22,23,8199
6/8/2022,Wind,15,16,10512
12/1/2022,Wind,3,4,3869
4/17/2023,Wind,16,17,10404
12/9/2020,Wind,9,10,3334
2/7/2023,Wind,18,19,5042
9/28/2020,Wind,20,21,4228
2/12/2023,Solar,15,16,5718
11/23/2023,Wind,2,3,2948
12/12/2024,Wind,19,20,3528
5/11/2025,Wind,1,2,7504
5/30/2024,Wind,19,20,8561
7/29/2024,Solar,16,17,8215
8/27/2024,Wind,23,0,3000
11/13/2021,Wind,9,10,5084
9/20/2021,Wind,19,20,3112
2/13/2023,Solar,12,13,6722
11/14/2020,Wind,2,3,4362
1/29/2025,Wind,0,1,18199
3/2/2022,Wind,4,5,2961
6/6/2025,Wind,16,17,7448
7/15/2025,Wind,2,3,3144
5/15/2022,Solar,15,16,9252
6/6/2024,Solar,16,17,7935
12/1/2020,Wind,6,7,7577
2/1/2020,Wind,20,21,10073
12/5/2022,Wind,7,8,723
11/2/2021,Wind,17,18,1723
3/30/2024,Solar,15,16,7864
5/7/2020,Solar,14,15,4403
7/22/2024,Wind,4,5,3323
1/23/2022,Wind,23,0,3658
4/16/2024,Wind,8,9,14410
2/2/2021,Wind,17,18,9228
4/6/2025,Solar,12,13,8484
10/24/2025,Wind,20,21,12993
9/12/2024,Wind,19,20,4668
6/1/2021,Wind,20,21,3220
6/10/2022,Wind,4,5,2337
5/12/2024,Wind,4,5,3727
11/1/2025,Wind,1,2,13837
5/29/2022,Solar,9,10,7338
8/30/2023,Wind,18,19,7641
4/29/2023,Wind,20,21,2453
5/22/2022,Solar,15,16,5188
8/12/2022,Solar,12,13,8910
8/31/2020,Solar,13,14,4731
9/17/2020,Wind,1,2,5365
5/13/2023,Solar,10,11,7155
10/16/2021,Solar,15,16,4121
1/4/2022,Wind,8,9,6398
11/10/2024,Wind,22,23,2532
4/25/2022,Wind,21,22,2493
5/14/2021,Wind,11,12,7152
10/14/2020,Wind,8,9,3082
9/29/2021,Wind,13,14,11398
2/2/2020,Wind,2,3,6412
7/10/2021,Wind,19,20,3038
6/9/2022,Wind,0,1,6305
12/4/2021,Wind,2,3,8913
8/5/2020,Wind,4,5,1018
1/22/2020,Wind,16,17,3930
2/21/2024,Wind,0,1,3618
1/1/2021,Solar,12,13,1994
7/20/2021,Wind,22,23,3054
7/9/2025,Solar,11,12,9719
12/8/2024,Wind,6,7,16946
10/21/2024,Wind,20,21,4621
7/3/2025,Solar,13,14,9835
6/3/2022,Wind,8,9,3026
6/15/2022,Solar,13,14,6208
3/18/2022,Wind,5,6,8159
3/9/2021,Wind,8,9,2948
2/17/2022,Wind,19,20,8507
11/11/2021,Wind,5,6,982
6/6/2020,Wind,1,2,5766
10/24/2020,Wind,8,9,8585
9/18/2023,Wind,9,10,8347
11/24/2025,Wind,7,8,8309
9/9/2021,Wind,1,2,2685
9/25/2025,Wind,18,19,3302
5/12/2021,Wind,17,18,4435
6/2/2022,Solar,9,10,4378
1/14/2025,Solar,15,16,4353
3/22/2023,Wind,14,15,15456
7/7/2024,Wind,19,20,4892
1/28/2021,Wind,4,5,9675
2/12/2025,Wind,1,2,2685
8/25/2021,Solar,14,15,9454
7/17/2023,Wind,6,7,2269
6/25/2025,Solar,13,14,9397
3/3/2021,Wind,9,10,1845
6/22/2021,Wind,14,15,6749
3/19/2025,Solar,13,14,13786
5/31/2020,Wind,19,20,5250
2/21/2020,Wind,16,17,7148
6/4/2023,Wind,8,9,4706
3/3/2025,Wind,18,19,2282
8/17/2025,Solar,12,13,11455
1/3/2020,Wind,21,22,4570
5/19/2023,Wind,18,19,8236
4/3/2021,Wind,5,6,7508
7/16/2025,Solar,12,13,16160
6/8/2024,Wind,5,6,2141
9/29/2022,Solar,15,16,3999
9/19/2024,Wind,8,9,8855
5/23/2021,Wind,20,21,6519
11/19/2024,Wind,2,3,16568
11/2/2025,Wind,12,13,17124
3/6/2020,Wind,19,20,4409
9/24/2025,Wind,14,15,10617
3/6/2021,Wind,0,1,6907
1/8/2024,Wind,1,2,11458
1/29/2024,Wind,9,10,8026
6/8/2024,Wind,21,22,2990
9/5/2020,Wind,2,3,2313
8/29/2023,Solar,16,17,6026
3/31/2023,Wind,21,22,17308
8/2/2021,Solar,12,13,4915
11/12/2021,Wind,19,20,4622
4/7/2024,Wind,13,14,6534
8/23/2022,Wind,20,21,692
3/31/2025,Solar,12,13,12441
12/12/2024,Wind,23,0,3205
10/30/2023,Wind,14,15,6382
7/13/2025,Wind,23,0,2819
3/10/2020,Wind,16,17,12787
1/9/2021,Wind,3,4,2353
4/2/2021,Wind,2,3,7071
11/24/2022,Wind,21,22,10233
8/4/2025,Wind,4,5,2819
9/24/2021,Solar,10,11,3708
11/14/2020,Wind,14,15,9092
2/12/2025,Solar,11,12,3734
11/18/2024,Wind,17,18,7419
8/25/2025,Solar,11,12,7160
11/11/2025,Wind,13,14,13901
9/15/2021,Wind,9,10,2675
8/21/2022,Wind,7,8,794
11/14/2025,Wind,3,4,10916
4/30/2022,Solar,10,11,6810
10/9/2022,Wind,3,4,4965
4/26/2024,Wind,0,1,2294
3/12/2022,Wind,15,16,9696
2/21/2023,Solar,12,13,4252
3/29/2023,Solar,11,12,8491
4/27/2021,Wind,22,23,2003
2/17/2020,Wind,4,5,6453
1/19/2024,Wind,23,0,3521
3/31/2025,Wind,7,8,5090
11/2/2021,Wind,12,13,6192
11/11/2022,Wind,7,8,3461
10/26/2021,Solar,12,13,5605
9/22/2022,Wind,19,20,399
5/11/2025,Solar,13,14,4563
1/28/2022,Wind,1,2,2439
11/20/2022,Wind,10,11,9228
7/12/2022,Wind,1,2,4082
11/24/2024,Wind,12,13,22929
2/1/2020,Wind,4,5,9131
11/6/2024,Wind,5,6,189
10/28/2021,Wind,9,10,6796
10/22/2020,Wind,12,13,5144
3/10/2022,Wind,0,1,6808
11/3/2021,Wind,5,6,3819
12/8/2024,Wind,2,3,16670
6/3/2020,Wind,5,6,631
6/27/2020,Wind,11,12,9506
6/4/2021,Wind,3,4,1527
11/17/2020,Wind,22,23,2667
10/21/2021,Wind,8,9,11321
8/19/2021,Wind,23,0,940
6/4/2020,Wind,23,0,2918
8/14/2023,Solar,11,12,7955
5/13/2024,Wind,3,4,2321
8/11/2024,Solar,16,17,5870
5/4/2021,Wind,7,8,13322
4/26/2025,Solar,11,12,4018
1/21/2020,Wind,18,19,3303
11/2/2021,Wind,19,20,2311
7/29/2023,Wind,1,2,3618
5/21/2023,Wind,8,9,4686
2/7/2025,Wind,18,19,9119
7/25/2022,Wind,11,12,10186
10/16/2024,Wind,16,17,11196
1/11/2022,Wind,18,19,2621
4/19/2024,Wind,2,3,6475
7/28/2024,Wind,23,0,6281
4/5/2025,Wind,18,19,8043
1/4/2022,Wind,20,21,9372
7/6/2023,Wind,4,5,1028
3/22/2024,Wind,23,0,7326
1/16/2024,Wind,9,10,2207
5/8/2024,Wind,20,21,3372
1/26/2025,Wind,19,20,19633
7/20/2020,Wind,7,8,3155
3/2/2024,Wind,1,2,11147
5/17/2021,Wind,13,14,15419
9/22/2024,Wind,4,5,3577
7/18/2021,Wind,3,4,5140
3/20/2020,Wind,15,16,7700
4/14/2025,Wind,23,0,5469
2/19/2020,Wind,7,8,7659
11/21/2021,Wind,4,5,556
10/25/2023,Wind,10,11,10951
7/16/2023,Wind,19,20,5612
7/22/2020,Solar,12,13,3790
3/8/2024,Wind,1,2,10506
12/10/2020,Wind,14,15,3341
6/19/2022,Wind,8,9,7096
10/23/2024,Wind,20,21,5480
6/11/2024,Wind,23,0,2863
9/9/2021,Wind,5,6,1689
6/11/2020,Wind,15,16,5051
6/7/2024,Wind,4,5,1976
3/26/2024,Wind,23,0,8226
2/9/2022,Wind,9,10,4407
2/15/2025,Wind,20,21,5334
4/28/2021,Wind,6,7,857
8/27/2020,Solar,11,12,4553
10/1/2024,Wind,7,8,6398
5/21/2021,Wind,0,1,9704
12/5/2021,Wind,22,23,4707
8/1/2022,Solar,14,15,6729
9/18/2022,Wind,23,0,4648
1/14/2025,Wind,4,5,2738
1/4/2025,Wind,9,10,4819
8/23/2020,Wind,20,21,3074
12/11/2022,Solar,11,12,4059
7/5/2024,Wind,2,3,3591
7/12/2021,Wind,10,11,3055
12/4/2022,Wind,18,19,1267
9/29/2023,Wind,15,16,10069
10/6/2024,Wind,10,11,7982
2/27/2023,Wind,20,21,11622
6/6/2021,Wind,7,8,2047
4/6/2022,Wind,17,18,13616
1/29/2025,Wind,14,15,13601
10/30/2024,Wind,21,22,3374
6/14/2024,Wind,18,19,11508
2/5/2024,Wind,19,20,7217
11/16/2020,Wind,2,3,9712
11/3/2025,Wind,12,13,14275
5/28/2023,Wind,22,23,9225
1/24/2020,Wind,22,23,628
2/4/2022,Wind,5,6,6025
1/2/2020,Wind,18,19,5346
8/30/2022,Wind,0,1,5425
11/29/2025,Wind,0,1,5241
5/14/2025,Solar,10,11,7025
12/25/2024,Wind,2,3,1698
9/16/2024,Solar,11,12,8063
6/13/2020,Wind,2,3,3116
5/26/2025,Solar,10,11,10578
1/29/2022,Wind,9,10,8062
8/29/2021,Wind,7,8,3373
8/17/2023,Wind,4,5,2138
11/1/2021,Wind,16,17,6650
4/27/2025,Solar,13,14,4171
3/25/2020,Wind,20,21,7278
11/13/2025,Wind,13,14,10055
10/29/2022,Wind,9,10,8680
5/12/2025,Wind,3,4,2071
12/26/2021,Wind,18,19,2979
11/27/2022,Wind,5,6,6949
6/10/2025,Wind,19,20,4337
1/14/2020,Wind,11,12,13956
4/19/2025,Wind,14,15,4692
10/16/2022,Wind,4,5,3203
11/8/2025,Solar,12,13,5483
6/3/2023,Wind,0,1,7045
12/21/2022,Wind,4,5,5289
8/15/2022,Wind,6,7,2354
6/14/2025,Wind,21,22,2617
11/11/2021,Wind,19,20,904
4/2/2024,Wind,19,20,9355
12/3/2024,Wind,0,1,6322
8/18/2021,Solar,10,11,4153
2/18/2022,Wind,0,1,6361
6/15/2020,Solar,9,10,3227
6/6/2020,Wind,3,4,5774
10/31/2022,Wind,6,7,3071
8/2/2023,Wind,18,19,18182
6/8/2023,Wind,6,7,4578
4/21/2024,Wind,15,16,10808
11/2/2025,Wind,9,10,11230
1/11/2023,Wind,22,23,15390
3/19/2020,Solar,11,12,3951
8/17/2025,Wind,8,9,6183
8/7/2020,Wind,6,7,2021
11/22/2025,Wind,9,10,8243
9/4/2025,Wind,5,6,6876
7/22/2020,Solar,10,11,2606
4/26/2021,Wind,3,4,9366
8/19/2021,Wind,4,5,1485
10/25/2022,Solar,14,15,5213
4/6/2020,Wind,9,10,6188
7/8/2023,Solar,15,16,8194
5/10/2020,Wind,10,11,2276
1/17/2020,Wind,1,2,9434
1/10/2024,Wind,9,10,2524
3/29/2022,Solar,14,15,4278
12/7/2022,Solar,14,15,3789
6/6/2024,Wind,1,2,1268
1/30/2020,Wind,6,7,6684
8/18/2020,Solar,9,10,1797
12/12/2024,Wind,7,8,3380
4/4/2022,Wind,23,0,8520
10/13/2025,Wind,4,5,6073
6/18/2024,Wind,4,5,2793
5/10/2022,Wind,6,7,2478
4/26/2023,Solar,15,16,4624
6/16/2021,Wind,2,3,1499
9/3/2021,Wind,6,7,2094
4/7/2025,Wind,3,4,6184
7/21/2020,Wind,8,9,3014
5/12/2022,Solar,10,11,4025
12/22/2022,Wind,11,12,13135
10/8/2024,Wind,22,23,13096
6/13/2021,Wind,5,6,2592
3/9/2021,Wind,22,23,2083
1/3/2022,Wind,17,18,8634
2/15/2025,Wind,21,22,5507
12/3/2021,Wind,13,14,13277
5/7/2021,Wind,8,9,3061
6/27/2025,Wind,2,3,3511
2/1/2020,Wind,11,12,11252
7/1/2020,Wind,20,21,4054
5/1/2023,Wind,20,21,3856
7/8/2025,Solar,18,19,8997
2/18/2021,Wind,20,21,6214
11/28/2022,Wind,13,14,5047
7/1/2021,Solar,17,18,3901
11/15/2023,Wind,20,21,4554
1/14/2021,Wind,10,11,8411
5/27/2020,Solar,11,12,5832
4/16/2020,Wind,21,22,1491
6/29/2020,Wind,16,17,10010
4/2/2024,Wind,6,7,13175
5/8/2022,Wind,1,2,4285
12/29/2023,Wind,15,16,13922
3/15/2024,Wind,3,4,10445
6/7/2021,Wind,6,7,1268
3/31/2020,Wind,17,18,10262
9/13/2021,Wind,1,2,2586
1/16/2023,Wind,14,15,16385
2/1/2021,Wind,20,21,3405
9/13/2022,Wind,5,6,1654
7/29/2023,Wind,15,16,11966
8/9/2020,Solar,16,17,3364
9/23/2021,Wind,1,2,1404
3/18/2021,Wind,9,10,4597
1/13/2024,Wind,0,1,2503
6/27/2023,Wind,6,7,2239
12/15/2023,Wind,0,1,2968
6/12/2023,Wind,19,20,3168
12/14/2020,Wind,6,7,8437
5/4/2023,Solar,13,14,11275
1/6/2022,Solar,11,12,5010
5/5/2023,Wind,6,7,2188
3/24/2021,Wind,19,20,2191
11/6/2020,Wind,5,6,6584
10/13/2025,Wind,0,1,7395
4/9/2025,Wind,22,23,11401
6/13/2022,Wind,3,4,3888
12/6/2020,Wind,0,1,3896
12/26/2022,Wind,23,0,5200
7/7/2022,Wind,18,19,8067
9/27/2021,Wind,16,17,10010
1/29/2024,Wind,18,19,7099
3/25/2024,Wind,21,22,8820
12/27/2022,Wind,9,10,4677
12/3/2021,Wind,18,19,11102
4/4/2023,Solar,15,16,10833
3/28/2024,Wind,7,8,15504
12/23/2022,Wind,0,1,11216
4/27/2025,Wind,22,23,3364
4/20/2020,Wind,0,1,5506
10/17/2022,Wind,12,13,6996
1/2/2025,Wind,0,1,12035
7/24/2020,Solar,15,16,6901
11/21/2020,Wind,10,11,4830
8/22/2022,Wind,19,20,2515
12/29/2022,Wind,4,5,11261
11/11/2022,Wind,23,0,4623
7/15/2021,Wind,23,0,5085
6/29/2020,Wind,18,19,8918
11/2/2020,Wind,17,18,8515
6/8/2022,Wind,14,15,10122
11/27/2020,Wind,1,2,1637
3/1/2022,Wind,18,19,1775
8/19/2025,Solar,16,17,6355
11/13/2022,Wind,22,23,2673
11/6/2025,Wind,21,22,2696
7/13/2022,Solar,12,13,6334
12/27/2021,Wind,9,10,8156
10/25/2021,Wind,20,21,3029
9/12/2023,Wind,4,5,705
4/2/2023,Wind,4,5,8890
9/28/2021,Wind,2,3,2108
5/17/2024,Solar,14,15,7184
11/13/2025,Wind,1,2,12913
10/13/2020,Wind,16,17,5579
2/17/2021,Wind,22,23,7964
10/9/2020,Wind,18,19,3322
2/19/2025,Wind,20,21,7629
11/16/2021,Wind,16,17,1087
12/30/2020,Wind,23,0,5476
7/14/2022,Solar,14,15,8923
3/19/2023,Wind,13,14,7895
7/24/2024,Solar,11,12,6845
10/31/2024,Wind,20,21,1073
5/9/2023,Wind,19,20,7431
3/9/2021,Wind,6,7,2088
5/6/2024,Wind,20,21,3270
10/26/2022,Wind,17,18,3223
12/7/2021,Wind,12,13,11221
5/5/2024,Wind,23,0,2081
4/23/2023,Wind,18,19,14741
11/2/2022,Wind,19,20,7737
3/14/2021,Wind,15,16,13538
11/29/2021,Wind,10,11,3702
6/14/2025,Solar,14,15,4546
4/28/2024,Wind,9,10,7916
5/13/2020,Wind,1,2,3264
6/4/2025,Solar,16,17,8625
6/23/2024,Solar,12,13,4144
1/24/2024,Wind,10,11,15539
10/14/2021,Wind,4,5,1720
10/8/2021,Wind,23,0,5380
3/17/2023,Wind,23,0,6418
8/28/2023,Wind,5,6,2801
9/7/2022,Solar,12,13,7186
12/23/2023,Wind,11,12,15819
8/5/2023,Wind,10,11,11382
5/28/2023,Wind,23,0,9894
7/20/2022,Wind,1,2,3765
1/18/2023,Wind,2,3,4661
9/29/2024,Wind,2,3,1731
2/23/2024,Wind,12,13,16403
10/4/2021,Wind,23,0,7024
10/20/2025,Wind,0,1,13425
3/24/2023,Wind,8,9,12405
7/23/2020,Solar,18,19,1954
5/13/2020,Wind,23,0,7165
9/6/2022,Wind,23,0,2214
2/17/2021,Wind,7,8,7775
5/29/2021,Solar,12,13,6169
7/25/2024,Wind,21,22,2257
4/16/2022,Wind,20,21,6001
7/28/2020,Wind,5,6,4107
5/31/2021,Wind,19,20,3587
6/27/2024,Wind,21,22,4170
10/23/2021,Wind,22,23,3701
11/22/2022,Wind,20,21,10307
3/26/2020,Wind,20,21,4960
8/9/2020,Wind,7,8,963
11/23/2025,Wind,22,23,6568
6/17/2022,Wind,3,4,3147
9/6/2020,Wind,6,7,1309
1/8/2023,Wind,12,13,13363
5/27/2020,Wind,2,3,4422
12/29/2023,Wind,12,13,15941
1/6/2022,Wind,3,4,2846
3/8/2025,Wind,0,1,10805
6/25/2023,Solar,16,17,8815
10/31/2023,Wind,12,13,11825
4/18/2021,Wind,7,8,2893
5/5/2020,Wind,14,15,6849
5/3/2023,Solar,9,10,7624
9/3/2023,Wind,19,20,5905
10/25/2024,Wind,21,22,1798
5/11/2022,Wind,6,7,3550
1/30/2025,Wind,14,15,8803
4/29/2020,Wind,5,6,4808
4/3/2020,Wind,5,6,2053
5/14/2020,Wind,1,2,7248
8/22/2020,Wind,9,10,7218
4/24/2021,Wind,19,20,6192
6/26/2025,Wind,17,18,14166
10/7/2020,Wind,20,21,4044
2/11/2020,Wind,13,14,14541
10/21/2024,Wind,23,0,6386
8/7/2022,Wind,8,9,5411
1/8/2021,Wind,7,8,1043
3/27/2020,Solar,12,13,5875
9/14/2022,Solar,13,14,6213
2/9/2021,Wind,17,18,5404
4/25/2021,Wind,5,6,8275
12/20/2022,Wind,1,2,13886
3/15/2023,Wind,8,9,3420
1/9/2024,Wind,18,19,3646
6/5/2021,Solar,15,16,5731
11/28/2024,Wind,22,23,4321
4/28/2020,Wind,3,4,3006
10/8/2025,Wind,2,3,730
7/24/2025,Solar,12,13,8701
5/18/2021,Wind,20,21,3351
4/7/2023,Wind,6,7,1998
2/28/2022,Wind,18,19,2179
11/3/2023,Wind,23,0,10599
4/28/2021,Wind,23,0,2245
10/22/2023,Wind,19,20,1963
12/4/2023,Wind,16,17,14332
3/12/2023,Wind,10,11,11363
6/10/2024,Wind,16,17,9028
12/7/2023,Wind,7,8,7243
1/11/2020,Wind,13,14,6243
6/20/2022,Wind,18,19,6057
12/9/2021,Wind,12,13,6822
10/22/2021,Wind,4,5,2148
8/18/2023,Solar,12,13,7556
8/26/2020,Wind,15,16,10494
5/17/2023,Wind,1,2,7393
12/10/2024,Wind,14,15,9436
9/4/2023,Wind,16,17,10840
6/15/2023,Wind,21,22,2306
1/12/2021,Wind,6,7,12614
4/23/2021,Wind,7,8,5325
5/28/2020,Wind,21,22,4838
4/17/2023,Wind,0,1,3728
1/12/2020,Wind,6,7,7023
11/29/2024,Wind,4,5,7114
4/28/2025,Wind,20,21,4319
6/10/2020,Solar,10,11,3435
2/15/2025,Wind,17,18,3299
3/25/2023,Wind,18,19,9938
10/4/2021,Wind,19,20,4512
8/3/2023,Wind,6,7,11952
8/27/2022,Wind,1,2,2886
2/8/2021,Wind,17,18,1809
2/5/2023,Wind,16,17,10704
4/27/2021,Wind,21,22,1594
12/8/2021,Wind,1,2,10646
9/29/2022,Wind,21,22,1181
8/14/2025,Wind,0,1,3432
8/12/2023,Wind,8,9,2514
4/25/2022,Wind,0,1,3834
3/12/2025,Wind,6,7,2812
1/2/2023,Wind,23,0,4165
6/23/2021,Wind,23,0,2524
1/27/2024,Solar,14,15,5047
4/19/2022,Solar,12,13,5004
11/2/2020,Wind,6,7,11975
2/25/2025,Wind,22,23,11904
9/30/2025,Wind,4,5,1402
3/18/2023,Wind,22,23,3908
11/25/2020,Wind,7,8,6287
11/11/2020,Wind,15,16,3805
5/26/2022,Wind,5,6,3427
4/27/2020,Wind,20,21,2041
7/26/2021,Wind,6,7,1744
7/1/2024,Wind,7,8,2190
10/13/2022,Wind,12,13,6261
4/9/2021,Wind,18,19,5113
10/10/2021,Wind,0,1,2713
4/22/2023,Wind,11,12,8274
1/22/2022,Wind,23,0,1705
10/6/2024,Wind,21,22,8155
5/4/2020,Wind,4,5,772
11/6/2022,Wind,5,6,7347
8/16/2024,Solar,12,13,8933
12/15/2020,Wind,16,17,2633
1/4/2021,Wind,19,20,3018
2/17/2022,Wind,15,16,14562
2/22/2020,Wind,7,8,8585
2/3/2025,Solar,12,13,6618
5/16/2022,Solar,12,13,7824
3/20/2025,Wind,15,16,8861
10/8/2021,Wind,17,18,6180
1/11/2025,Wind,4,5,2047
10/29/2024,Wind,3,4,1443
5/25/2021,Wind,8,9,9963
4/20/2022,Wind,18,19,4079
7/28/2023,Wind,20,21,4401
1/25/2022,Wind,8,9,376
11/12/2024,Wind,0,1,8295
7/2/2021,Wind,4,5,524
4/30/2022,Wind,22,23,4244
3/18/2024,Wind,6,7,2178
12/28/2023,Wind,23,0,13532
4/4/2023,Wind,22,23,4225
6/19/2022,Wind,19,20,7351
10/27/2021,Solar,12,13,5370
1/24/2025,Wind,16,17,14158
6/22/2021,Wind,21,22,3591
7/25/2021,Wind,18,19,5105
12/1/2021,Wind,7,8,13835
3/1/2020,Wind,20,21,8419
3/28/2024,Wind,4,5,14967
1/3/2020,Wind,22,23,4207
11/25/2024,Wind,23,0,6573
5/5/2023,Solar,15,16,8449
4/27/2025,Wind,5,6,4156
5/21/2024,Solar,17,18,6724
10/17/2023,Wind,18,19,7943
5/15/2023,Wind,15,16,12236
4/20/2024,Wind,7,8,6623
4/28/2024,Wind,21,22,3181
6/17/2022,Wind,8,9,3818
3/26/2021,Wind,16,17,10584
10/7/2023,Wind,7,8,2231
2/2/2025,Solar,13,14,5898
7/28/2025,Wind,6,7,3946
10/25/2025,Wind,8,9,12427
12/2/2020,Wind,3,4,4378
6/10/2022,Solar,10,11,6486
11/17/2024,Wind,19,20,5733
11/13/2022,Wind,23,0,3184
6/17/2024,Wind,23,0,2344
10/27/2020,Wind,4,5,5881
5/6/2025,Wind,22,23,9412
7/1/2023,Wind,6,7,7665
11/10/2023,Wind,0,1,12598
7/4/2024,Wind,15,16,8892
6/15/2021,Wind,2,3,2314
8/9/2025,Wind,2,3,1411
10/18/2023,Wind,8,9,11434
5/23/2022,Wind,15,16,11353
9/27/2020,Wind,6,7,11628
4/15/2021,Wind,0,1,5536
11/5/2023,Wind,18,19,13494
11/3/2022,Wind,23,0,10983
5/2/2021,Solar,11,12,4597
2/20/2024,Wind,1,2,3775
7/11/2024,Solar,15,16,6569
10/23/2025,Wind,2,3,18020
6/26/2021,Solar,10,11,3463
1/26/2023,Wind,7,8,2785
4/21/2024,Wind,5,6,5440
2/7/2024,Wind,20,21,10078
11/19/2023,Wind,19,20,12727
1/14/2020,Wind,5,6,11947
10/10/2025,Solar,10,11,6209
5/6/2020,Solar,12,13,5389
6/11/2023,Solar,17,18,5511
7/10/2020,Wind,11,12,5812
8/6/2023,Wind,18,19,12828
9/28/2022,Solar,12,13,6478
4/17/2025,Wind,21,22,2201
2/28/2023,Wind,22,23,7116
8/17/2020,Wind,16,17,6027
5/13/2021,Solar,16,17,4826
8/28/2020,Wind,16,17,8440
2/28/2021,Wind,1,2,8031
3/22/2024,Solar,10,11,7476
5/4/2022,Wind,20,21,1854
9/27/2022,Wind,12,13,12571
8/8/2025,Wind,2,3,1497
7/20/2021,Wind,20,21,2246
11/6/2023,Wind,16,17,9657
10/9/2022,Wind,18,19,2019
3/3/2021,Wind,17,18,1043
6/27/2021,Wind,0,1,3833
5/27/2024,Solar,12,13,6999
10/26/2021,Wind,18,19,2863
7/31/2020,Solar,15,16,5827
3/27/2023,Solar,16,17,7513
10/8/2023,Wind,8,9,1493
7/4/2020,Wind,14,15,12039
1/29/2025,Wind,23,0,6217
4/20/2025,Wind,23,0,4459
9/11/2022,Wind,7,8,587
2/15/2020,Wind,15,16,10985
5/14/2025,Wind,23,0,6132
3/5/2021,Wind,10,11,7772
10/26/2023,Wind,1,2,4909
10/24/2025,Wind,1,2,14684
10/27/2023,Wind,2,3,8268
6/16/2025,Solar,15,16,10527
1/7/2020,Wind,3,4,3967
7/22/2025,Wind,0,1,7645
3/15/2023,Solar,9,10,4554
10/6/2020,Wind,11,12,11671
10/15/2024,Wind,7,8,3772
2/18/2025,Wind,19,20,11327
11/25/2020,Wind,14,15,4090
5/22/2024,Wind,23,0,3024
1/22/2021,Wind,10,11,3354
9/10/2023,Solar,16,17,6517
2/14/2020,Wind,19,20,4429
1/11/2022,Solar,12,13,5018
4/6/2022,Wind,10,11,7764
12/19/2020,Wind,10,11,10892
1/24/2023,Wind,12,13,6696
7/1/2021,Solar,18,19,3022
10/25/2024,Wind,12,13,6893
11/14/2021,Wind,12,13,4665
4/17/2021,Wind,4,5,4834
8/6/2024,Wind,22,23,2097
8/23/2024,Wind,2,3,9509
2/26/2023,Wind,17,18,18051
1/7/2023,Wind,5,6,10262
6/3/2020,Wind,23,0,3683
10/11/2024,Solar,17,18,3556
9/26/2020,Wind,9,10,11246
6/11/2020,Wind,22,23,3909
1/28/2020,Wind,10,11,12987
1/21/2025,Wind,0,1,1210
2/7/2023,Wind,11,12,9517
8/17/2024,Wind,22,23,2408
4/7/2020,Wind,19,20,1971
11/18/2021,Wind,8,9,1817
10/19/2020,Wind,18,19,6659
10/13/2025,Wind,17,18,9362
1/18/2024,Wind,8,9,7755
12/9/2020,Wind,3,4,2518
5/18/2022,Solar,11,12,5814
11/26/2021,Wind,14,15,12653
4/21/2022,Wind,4,5,3354
11/16/2021,Wind,17,18,997
3/3/2025,Wind,2,3,3177
11/15/2021,Wind,22,23,1190
1/28/2024,Wind,22,23,9203
11/24/2020,Wind,15,16,3478
12/28/2020,Wind,10,11,8666
5/26/2021,Wind,17,18,8501
3/20/2023,Solar,12,13,8613
9/29/2023,Wind,0,1,6503
5/28/2024,Wind,12,13,12992
5/7/2023,Wind,4,5,1644
3/7/2020,Wind,13,14,5851
8/21/2025,Wind,18,19,9974
8/16/2023,Wind,7,8,2047
11/14/2020,Wind,17,18,9187
6/9/2024,Solar,9,10,2265
4/28/2024,Wind,14,15,7361
10/20/2025,Wind,1,2,13116
6/10/2025,Wind,22,23,1822
8/25/2022,Solar,10,11,4870
7/11/2025,Solar,13,14,13057
6/19/2020,Solar,8,9,2120
10/2/2023,Wind,1,2,2511
12/24/2024,Wind,6,7,3087
6/21/2024,Wind,18,19,8537
11/10/2024,Wind,3,4,699
6/9/2024,Solar,16,17,4699
9/16/2020,Solar,10,11,2486
4/19/2020,Wind,0,1,1476
5/22/2020,Wind,4,5,3981
1/13/2021,Wind,14,15,8363
8/26/2020,Wind,22,23,2102
1/3/2023,Wind,15,16,9035
6/1/2024,Wind,0,1,6325
12/27/2021,Wind,4,5,4859
3/10/2020,Wind,19,20,11560
1/12/2024,Wind,10,11,7101
5/13/2025,Wind,3,4,778
7/11/2023,Solar,12,13,9090
5/2/2024,Wind,22,23,10099
4/11/2024,Solar,15,16,7830
4/2/2024,Wind,3,4,12881
1/5/2020,Wind,20,21,1866
5/6/2025,Wind,2,3,10973
11/1/2024,Solar,11,12,5193
11/5/2021,Solar,11,12,4471
1/23/2022,Solar,14,15,5443
7/12/2021,Wind,6,7,2449
12/17/2021,Wind,9,10,7522
4/12/2025,Wind,10,11,9316
12/2/2022,Wind,22,23,6777
12/26/2023,Wind,15,16,4387
1/11/2024,Wind,22,23,7264
1/30/2022,Wind,8,9,1935
5/9/2021,Wind,0,1,6909
6/8/2024,Solar,8,9,3057
1/3/2022,Wind,3,4,9945
3/23/2021,Wind,2,3,2209
12/24/2020,Wind,6,7,10656
10/10/2024,Wind,19,20,3695
5/6/2023,Solar,12,13,6882
6/26/2021,Wind,4,5,185
9/17/2025,Wind,21,22,2855
4/24/2023,Wind,16,17,9691
9/6/2020,Solar,10,11,3044
9/6/2023,Wind,5,6,2295
4/17/2020,Wind,2,3,2140
3/20/2025,Wind,16,17,7679
7/16/2021,Wind,11,12,6977
3/18/2025,Wind,10,11,15177
9/25/2025,Wind,17,18,4486
2/22/2024,Wind,23,0,15643
6/20/2022,Solar,13,14,7456
6/12/2022,Solar,8,9,3007
3/9/2023,Wind,18,19,13804
5/9/2022,Wind,6,7,2226
5/5/2024,Wind,7,8,2579
12/4/2023,Wind,7,8,13712
8/4/2023,Solar,14,15,9711
4/6/2020,Wind,3,4,8031
9/15/2024,Wind,5,6,3382
4/5/2021,Wind,3,4,3346
1/27/2024,Wind,3,4,2096
3/12/2023,Wind,4,5,6830
6/8/2022,Wind,21,22,6976
2/17/2021,Wind,13,14,11476
8/16/2020,Wind,1,2,2149
7/7/2020,Solar,12,13,5078
10/31/2023,Wind,13,14,12274
2/11/2024,Wind,20,21,8630
6/12/2025,Solar,10,11,9373
10/28/2024,Wind,4,5,1027
7/11/2022,Wind,23,0,4311
12/25/2023,Wind,19,20,12990
3/27/2022,Solar,12,13,6255
2/14/2022,Wind,23,0,6512
1/29/2025,Wind,6,7,12896
3/12/2021,Wind,0,1,12379
7/5/2022,Wind,2,3,3640
8/19/2021,Solar,13,14,4835
8/5/2025,Solar,12,13,7071
8/28/2024,Wind,22,23,2348
12/27/2021,Wind,16,17,9445
9/18/2021,Wind,2,3,1168
9/23/2025,Wind,14,15,13351
3/20/2020,Wind,6,7,3577
4/27/2020,Wind,17,18,2626
3/22/2025,Wind,16,17,7212
6/12/2020,Wind,4,5,4286
9/12/2020,Wind,1,2,1147
4/18/2021,Solar,11,12,5661
7/10/2024,Solar,13,14,10399
10/7/2023,Wind,6,7,1898
12/8/2024,Wind,8,9,17304
3/17/2024,Wind,4,5,3960
9/19/2023,Wind,3,4,3900
10/21/2020,Wind,9,10,13322
9/16/2025,Wind,16,17,13968
7/8/2022,Wind,18,19,6914
8/29/2022,Wind,20,21,3839
3/7/2024,Wind,9,10,9031
6/16/2021,Wind,19,20,1787
10/21/2020,Wind,10,11,14414
1/10/2025,Wind,6,7,3643
3/27/2024,Wind,23,0,13594
1/20/2022,Wind,19,20,5272
10/23/2023,Wind,20,21,4431
11/13/2023,Wind,2,3,10550
10/24/2023,Wind,13,14,9197
9/13/2024,Solar,15,16,11435
5/8/2025,Wind,3,4,5647
6/26/2023,Solar,12,13,9710
8/17/2024,Solar,16,17,5446
3/9/2022,Wind,15,16,7922
11/29/2020,Wind,4,5,4505
5/23/2020,Wind,19,20,7295
11/4/2022,Wind,23,0,4294
6/2/2024,Wind,23,0,3481
12/16/2024,Wind,10,11,7735
2/6/2021,Wind,20,21,5019
11/9/2021,Wind,23,0,871
5/12/2022,Wind,0,1,5274
5/11/2020,Wind,18,19,11450
3/11/2021,Wind,10,11,15343
7/19/2021,Wind,17,18,7420
7/11/2020,Wind,18,19,4848
3/20/2024,Wind,20,21,1807
1/29/2025,Wind,5,6,13127
2/4/2024,Wind,3,4,6061
3/2/2025,Solar,12,13,12731
2/6/2025,Wind,2,3,3446
9/12/2024,Wind,22,23,3733
4/22/2020,Wind,0,1,4913
11/2/2020,Wind,10,11,12708
9/17/2022,Wind,17,18,8890
4/20/2025,Wind,8,9,8177
1/25/2021,Wind,16,17,4070
12/4/2020,Wind,8,9,9046
8/1/2023,Wind,15,16,16234
10/31/2022,Wind,23,0,12858
11/12/2022,Solar,12,13,5376
8/20/2023,Solar,16,17,6206
6/14/2023,Wind,21,22,3516
4/23/2022,Wind,11,12,7331
10/2/2023,Wind,18,19,4842
1/3/2024,Wind,18,19,18044
10/14/2021,Wind,8,9,2391
1/12/2020,Wind,7,8,7395
7/8/2023,Solar,18,19,4324
4/6/2025,Wind,18,19,10223
11/1/2021,Wind,4,5,8718
4/20/2023,Wind,13,14,12448
6/29/2024,Wind,23,0,3681
11/28/2022,Wind,19,20,3265
3/10/2024,Wind,4,5,2756
3/28/2021,Wind,3,4,3508
8/25/2023,Wind,1,2,2215
10/19/2021,Wind,22,23,10753
9/2/2024,Solar,9,10,4316
5/23/2023,Wind,7,8,6042
5/3/2020,Wind,4,5,1977
5/9/2024,Wind,4,5,3813
5/17/2024,Solar,8,9,3361
2/12/2023,Wind,6,7,2940
7/29/2025,Solar,16,17,10808
9/29/2021,Wind,23,0,2764
7/4/2020,Wind,20,21,7973
12/27/2022,Wind,20,21,9837
11/12/2024,Wind,5,6,9736
9/6/2022,Wind,22,23,2980
11/26/2025,Solar,11,12,6772
5/20/2020,Solar,13,14,5433
8/30/2025,Wind,5,6,4447
4/14/2024,Solar,17,18,5047
9/30/2021,Wind,16,17,6986
8/25/2024,Wind,2,3,6839
3/23/2024,Wind,17,18,15588
3/7/2022,Wind,14,15,10522
8/29/2021,Solar,13,14,7380
5/3/2020,Solar,16,17,4316
3/4/2025,Wind,6,7,2904
8/19/2022,Wind,19,20,4511
11/5/2024,Wind,21,22,91
11/26/2020,Solar,13,14,3501
11/22/2023,Wind,20,21,4282
3/30/2021,Wind,6,7,2984
9/25/2025,Wind,7,8,3047
8/31/2022,Solar,10,11,4337
1/15/2024,Wind,8,9,3779
8/19/2022,Wind,6,7,2570
7/17/2022,Solar,11,12,8145
2/14/2022,Wind,8,9,11199
12/7/2020,Wind,0,1,1051
1/3/2025,Wind,20,21,3705
10/10/2024,Wind,6,7,8274
7/13/2024,Solar,19,20,2289
10/13/2021,Solar,10,11,4051
2/19/2021,Wind,7,8,5554
3/8/2025,Wind,20,21,12639
11/3/2020,Wind,22,23,3571
6/6/2024,Wind,22,23,2561
9/30/2024,Wind,16,17,11102
4/11/2020,Wind,2,3,3011
6/29/2022,Solar,8,9,2385
6/15/2021,Solar,8,9,2124
8/14/2022,Wind,2,3,4666
5/5/2022,Wind,3,4,2050
8/7/2022,Wind,20,21,6195
8/31/2024,Solar,16,17,7347
6/23/2022,Wind,18,19,3896
8/10/2025,Wind,7,8,3182
6/7/2020,Wind,6,7,2147
1/1/2021,Wind,4,5,998
1/25/2021,Wind,2,3,6191
8/20/2022,Wind,23,0,981
3/8/2021,Wind,22,23,2943
10/11/2023,Wind,23,0,7262
12/31/2020,Wind,1,2,5746
3/31/2021,Wind,9,10,3600
8/23/2020,Wind,13,14,8729
12/1/2021,Wind,21,22,5719
1/11/2024,Wind,14,15,8407
4/19/2022,Wind,21,22,4160
7/30/2023,Wind,22,23,5928
5/20/2025,Wind,18,19,8914
6/13/2025,Solar,17,18,8341
4/30/2025,Solar,12,13,5410
7/6/2022,Solar,14,15,7868
6/7/2020,Solar,10,11,3437
2/19/2021,Wind,16,17,6776
5/11/2024,Wind,0,1,6497
7/7/2021,Solar,12,13,5172
7/20/2020,Solar,14,15,5919
2/24/2025,Wind,16,17,9544
4/15/2020,Wind,20,21,3450
6/2/2023,Wind,6,7,7517
1/19/2023,Wind,2,3,3478
11/16/2021,Wind,19,20,1157
7/1/2025,Wind,4,5,1055
2/21/2023,Wind,9,10,3045
8/9/2024,Wind,7,8,5677
3/25/2020,Wind,9,10,4738
9/19/2024,Wind,15,16,15959
8/24/2025,Wind,21,22,3236
3/4/2022,Wind,18,19,3151
7/21/2023,Wind,21,22,3094
7/4/2025,Solar,18,19,5949
1/3/2024,Wind,7,8,17121
9/14/2025,Wind,18,19,13786
6/30/2024,Wind,2,3,3727
12/19/2023,Wind,16,17,12111
3/26/2022,Wind,13,14,13203
2/9/2021,Wind,5,6,1784
2/5/2025,Wind,3,4,2214
5/31/2025,Wind,5,6,1059
10/31/2021,Wind,7,8,10139
4/27/2025,Solar,14,15,4067
2/13/2022,Wind,21,22,15035
6/23/2024,Wind,5,6,2326
4/21/2025,Solar,11,12,8025
3/16/2021,Wind,5,6,3210
4/29/2023,Wind,2,3,1638
12/23/2022,Wind,20,21,12401
1/30/2021,Wind,16,17,6987
7/30/2020,Wind,1,2,2163
5/5/2021,Wind,18,19,8828
2/4/2021,Wind,23,0,3467
1/19/2021,Wind,9,10,11722
7/21/2023,Wind,23,0,3035
6/8/2023,Wind,4,5,4806
5/14/2023,Wind,21,22,3817
6/19/2025,Wind,6,7,4893
5/18/2023,Solar,10,11,7144
2/15/2025,Wind,7,8,5705
11/20/2024,Wind,12,13,9330
9/22/2020,Solar,15,16,2638
12/15/2024,Wind,17,18,8504
11/20/2024,Wind,8,9,5746
6/14/2023,Wind,0,1,4779
3/11/2022,Wind,17,18,11304
4/28/2023,Wind,18,19,6113
4/1/2024,Wind,14,15,9631
9/13/2023,Solar,14,15,5717
5/29/2021,Solar,10,11,4347
4/1/2024,Wind,19,20,9379
12/3/2021,Wind,2,3,2724
11/9/2023,Wind,18,19,13237
1/13/2023,Wind,7,8,14510
1/22/2023,Wind,8,9,5974
4/13/2020,Wind,7,8,5354
6/29/2022,Wind,3,4,1211
4/29/2020,Wind,20,21,6006
10/5/2021,Wind,14,15,12713
8/27/2025,Wind,8,9,3210
6/23/2023,Wind,4,5,1872
5/4/2021,Wind,4,5,13020
5/3/2021,Wind,3,4,632
9/10/2023,Wind,2,3,3759
7/22/2024,Solar,10,11,7974
6/20/2020,Wind,20,21,1472
9/1/2024,Wind,1,2,4179
8/7/2023,Solar,15,16,9917
8/9/2022,Wind,19,20,7289
5/11/2021,Wind,0,1,2157
2/5/2021,Wind,23,0,2434
11/23/2024,Wind,14,15,19392
2/4/2025,Wind,18,19,3899
12/24/2020,Wind,0,1,11579
6/19/2023,Solar,11,12,5286
2/24/2024,Wind,6,7,7785
11/20/2023,Wind,20,21,8192
10/26/2021,Wind,10,11,3866
9/3/2021,Solar,18,19,1713
8/21/2022,Wind,2,3,603
5/17/2024,Wind,22,23,897
3/5/2024,Wind,20,21,3263
5/24/2023,Wind,7,8,5947
9/13/2020,Solar,12,13,3974
10/7/2021,Wind,2,3,1888
10/26/2025,Wind,3,4,9730
11/13/2024,Wind,19,20,5232
3/5/2025,Wind,0,1,2433
3/17/2022,Wind,0,1,5222
11/3/2022,Wind,8,9,10595
4/22/2023,Wind,18,19,6589
9/6/2024,Solar,15,16,6409
8/23/2021,Wind,17,18,7555
2/6/2020,Solar,14,15,4784
10/24/2020,Wind,21,22,11731
4/6/2021,Wind,9,10,4798
11/12/2020,Wind,3,4,7385
4/22/2021,Wind,5,6,5855
6/18/2021,Wind,22,23,3480
12/6/2022,Wind,21,22,2155
11/17/2021,Wind,4,5,1951
10/18/2025,Solar,10,11,8416
4/15/2020,Wind,2,3,6207
2/17/2020,Wind,22,23,10239
3/16/2025,Wind,4,5,8436
5/9/2021,Wind,3,4,7771
8/12/2020,Wind,8,9,2236
10/13/2021,Wind,22,23,2205
9/11/2024,Wind,21,22,5700
11/7/2024,Wind,8,9,2657
3/31/2020,Wind,23,0,7111
10/18/2023,Wind,9,10,11888
12/30/2021,Wind,5,6,8676
6/5/2021,Solar,9,10,4441
2/18/2024,Wind,14,15,13623
8/7/2020,Solar,11,12,3922
2/12/2024,Wind,22,23,3745
3/9/2024,Wind,4,5,11240
9/5/2022,Wind,8,9,3208
10/14/2020,Wind,3,4,1902
10/12/2023,Solar,13,14,9093
12/20/2023,Wind,0,1,9136
11/28/2021,Wind,22,23,5114
8/29/2024,Wind,3,4,2495
4/22/2023,Wind,9,10,6597
10/2/2024,Solar,14,15,5400
5/25/2023,Wind,11,12,14511
1/21/2024,Wind,17,18,14481
5/21/2020,Wind,0,1,2748
3/4/2023,Wind,18,19,3131
3/21/2022,Wind,9,10,5460
1/2/2023,Wind,10,11,5987
1/20/2023,Wind,20,21,5467
7/22/2023,Wind,7,8,2381
11/17/2025,Wind,9,10,8893
1/15/2025,Wind,22,23,3441
10/15/2023,Wind,18,19,3213
7/5/2024,Solar,15,16,11741
8/15/2024,Solar,17,18,8514
10/1/2021,Wind,13,14,9911
1/21/2022,Wind,4,5,4963
12/19/2022,Wind,7,8,13202
8/13/2025,Wind,5,6,1029
12/22/2021,Wind,9,10,3623
5/26/2025,Wind,17,18,10107
3/19/2024,Wind,21,22,1227
1/17/2022,Wind,1,2,1358
10/15/2023,Wind,19,20,3573
2/16/2025,Solar,12,13,8762
10/7/2022,Wind,2,3,1154
9/15/2021,Wind,4,5,1977
3/6/2025,Wind,22,23,10880
12/9/2021,Wind,15,16,5400
1/2/2023,Wind,0,1,11969
4/17/2021,Wind,23,0,5520
7/30/2021,Wind,2,3,1817
8/24/2020,Wind,19,20,1914
5/15/2020,Wind,3,4,7329
11/24/2023,Wind,16,17,11600
9/6/2023,Wind,22,23,3137
11/3/2025,Wind,16,17,8685
10/27/2025,Wind,16,17,15610
6/28/2025,Wind,0,1,1627
6/10/2025,Wind,3,4,1674
5/31/2022,Wind,2,3,1818
10/14/2020,Wind,14,15,7046
8/14/2023,Wind,7,8,2587
7/23/2020,Wind,4,5,1527
4/16/2022,Solar,12,13,10869
4/16/2025,Wind,18,19,4853
6/5/2021,Wind,0,1,2191
4/24/2020,Wind,22,23,2176
11/23/2023,Wind,12,13,7931
11/10/2023,Wind,4,5,12591
9/24/2024,Wind,9,10,8855
2/22/2025,Wind,15,16,10495
5/5/2025,Wind,5,6,9828
3/5/2025,Solar,10,11,8585
6/28/2024,Wind,4,5,3214
10/16/2020,Wind,11,12,4358
1/6/2023,Wind,5,6,7744
9/5/2022,Wind,5,6,2599
11/25/2022,Wind,12,13,6116
12/14/2020,Wind,0,1,9700
12/23/2023,Wind,9,10,14222
10/4/2022,Wind,19,20,937
8/26/2020,Wind,7,8,8615
10/7/2023,Wind,2,3,1790
1/26/2020,Wind,9,10,3118
1/5/2022,Wind,20,21,4018
11/26/2025,Wind,20,21,2920
6/15/2022,Wind,22,23,2879
9/26/2021,Wind,1,2,2233
7/28/2023,Wind,21,22,3768
6/4/2022,Wind,8,9,3189
1/10/2020,Wind,10,11,6407
9/30/2024,Wind,4,5,12240
10/1/2024,Wind,5,6,7834
11/18/2025,Wind,21,22,8784
4/3/2024,Wind,23,0,11683
10/31/2025,Wind,2,3,10049
2/22/2025,Wind,2,3,10894
7/27/2023,Wind,14,15,16122
9/17/2024,Wind,18,19,13680
12/6/2021,Wind,10,11,3931
11/25/2023,Wind,2,3,8586
2/26/2021,Wind,10,11,3948
7/3/2020,Wind,23,0,2522
3/19/2024,Wind,1,2,1178
11/12/2021,Solar,12,13,4637
9/20/2023,Wind,16,17,14551
1/23/2022,Wind,16,17,3865
9/30/2024,Wind,12,13,20041
11/11/2020,Wind,22,23,7638
1/17/2021,Wind,4,5,5008
11/26/2020,Wind,6,7,2436
9/14/2023,Wind,5,6,710
12/17/2020,Wind,7,8,5368
11/10/2022,Wind,17,18,3142
7/2/2022,Wind,22,23,1832
3/17/2023,Wind,9,10,9108
3/29/2023,Solar,12,13,9902
6/27/2025,Solar,11,12,9500
2/9/2025,Wind,5,6,3088
9/18/2020,Wind,14,15,6021
11/18/2024,Wind,7,8,9481
4/19/2022,Solar,11,12,4623
11/27/2020,Wind,10,11,2632
11/16/2020,Wind,11,12,9214
2/12/2020,Wind,2,3,9274
7/15/2021,Wind,0,1,7907
11/27/2025,Wind,4,5,6967
8/5/2024,Solar,14,15,8671
5/16/2021,Wind,20,21,9142
2/24/2021,Wind,21,22,6699
3/5/2020,Wind,6,7,5871
6/3/2024,Wind,1,2,3047
2/6/2025,Wind,7,8,5595
9/2/2023,Wind,2,3,2089
11/14/2022,Wind,16,17,4420
1/31/2020,Wind,9,10,6229
6/13/2021,Wind,7,8,2420
8/14/2024,Wind,19,20,3688
5/25/2024,Solar,18,19,3720
12/27/2020,Wind,22,23,7389
4/1/2020,Solar,13,14,5326
1/18/2023,Wind,18,19,5216
3/13/2021,Wind,23,0,11499
7/25/2024,Solar,9,10,4811
12/25/2024,Solar,11,12,3467
6/23/2023,Wind,6,7,1435
4/22/2022,Solar,14,15,8327
3/16/2020,Wind,14,15,3423
6/6/2022,Wind,1,2,2710
12/11/2021,Wind,0,1,10034
10/12/2021,Wind,8,9,2616
4/8/2025,Solar,11,12,9010
7/30/2025,Solar,11,12,7443
12/19/2020,Wind,8,9,11340
7/6/2023,Solar,13,14,7124
6/13/2021,Solar,15,16,4905
7/11/2020,Solar,10,11,4169
9/4/2020,Solar,18,19,2508
8/18/2020,Wind,21,22,697
6/23/2024,Solar,19,20,3387
12/18/2020,Wind,5,6,5793
10/4/2025,Wind,6,7,17093
3/12/2024,Wind,22,23,8894
10/21/2024,Wind,9,10,5133
3/11/2025,Wind,22,23,4647
8/6/2021,Wind,13,14,12722
1/25/2025,Wind,15,16,5523
3/12/2020,Wind,3,4,10434
12/28/2021,Wind,1,2,12227
6/8/2023,Wind,7,8,4772
10/3/2024,Wind,11,12,11198
1/18/2023,Wind,19,20,5226
6/6/2022,Wind,4,5,1864
12/8/2021,Wind,18,19,5364
3/15/2020,Wind,1,2,3727
3/18/2022,Wind,12,13,14015
3/11/2022,Wind,20,21,10416
2/6/2025,Wind,16,17,12071
4/23/2022,Wind,0,1,5823
2/13/2023,Solar,14,15,6344
12/26/2023,Wind,20,21,2721
8/24/2020,Wind,0,1,2460
10/29/2020,Wind,13,14,8549
5/24/2022,Wind,23,0,1737
10/21/2024,Wind,8,9,4204
4/16/2022,Wind,18,19,8184
5/16/2022,Solar,19,20,1701
5/19/2024,Wind,23,0,1146
10/9/2022,Solar,17,18,3480
5/19/2022,Wind,10,11,7130
7/1/2022,Wind,7,8,2336
5/9/2023,Wind,8,9,4052
2/3/2022,Wind,16,17,2472
6/6/2021,Solar,14,15,5111
9/20/2021,Wind,4,5,1552
5/8/2024,Wind,19,20,4590
5/31/2020,Wind,17,18,6587
3/27/2022,Wind,22,23,2412
9/12/2022,Wind,18,19,2581
8/18/2024,Solar,11,12,8765
5/4/2020,Solar,15,16,5337
10/23/2024,Wind,6,7,1709
2/10/2022,Wind,6,7,5360
4/8/2020,Solar,17,18,2595
9/2/2022,Wind,1,2,2750
5/22/2022,Wind,2,3,2963
1/28/2022,Wind,8,9,1216
7/12/2021,Wind,5,6,2454
11/5/2023,Wind,1,2,14785
2/12/2024,Wind,7,8,2207
6/9/2024,Wind,4,5,3499
5/3/2023,Wind,18,19,8694
2/22/2025,Wind,9,10,10315
11/23/2024,Wind,3,4,9018
4/20/2024,Wind,23,0,6161
1/14/2022,Solar,10,11,2655
12/22/2024,Wind,14,15,18534
1/1/2023,Wind,16,17,9041
7/31/2023,Wind,6,7,8004
6/19/2021,Solar,15,16,4434
6/15/2025,Wind,7,8,2381
7/13/2023,Solar,11,12,8460
11/20/2022,Wind,14,15,11679
7/29/2023,Wind,16,17,11633
6/26/2024,Solar,17,18,5746
5/27/2025,Wind,2,3,6782
5/17/2023,Solar,11,12,12591
11/5/2021,Wind,8,9,3138
9/20/2024,Wind,9,10,6343
8/2/2023,Wind,15,16,20359
5/13/2024,Wind,23,0,6358
12/25/2024,Wind,16,17,1322
9/29/2020,Wind,18,19,1250
2/4/2021,Wind,9,10,2756
1/26/2021,Wind,12,13,5374
3/2/2023,Solar,11,12,5920
8/29/2020,Wind,0,1,3168
8/28/2020,Wind,14,15,8716
5/10/2023,Wind,8,9,7126
4/24/2023,Wind,17,18,8130
4/19/2022,Wind,2,3,2920
4/23/2022,Wind,13,14,8065
9/25/2025,Wind,1,2,3175
5/17/2023,Solar,10,11,10667
3/17/2020,Wind,21,22,596
7/6/2023,Solar,12,13,6939
4/9/2020,Solar,9,10,2595
5/1/2023,Solar,12,13,7715
4/21/2023,Solar,18,19,4021
5/5/2023,Wind,22,23,1319
4/24/2020,Wind,1,2,1022
7/17/2023,Solar,12,13,9207
11/6/2020,Wind,18,19,6817
3/17/2020,Solar,9,10,1714
7/28/2020,Wind,7,8,3211
7/19/2022,Wind,6,7,5940
7/9/2020,Wind,18,19,5677
6/24/2023,Wind,7,8,3270
11/27/2021,Wind,10,11,9185
2/12/2022,Solar,14,15,7521
11/6/2021,Wind,4,5,2796
2/14/2021,Wind,15,16,9763
6/24/2024,Solar,18,19,5797
4/4/2020,Wind,9,10,3591
10/23/2022,Wind,0,1,6954
12/10/2023,Wind,20,21,15601
5/26/2023,Wind,21,22,7754
5/22/2025,Wind,20,21,5574
12/27/2021,Wind,1,2,3966
6/27/2022,Wind,6,7,1238
3/24/2022,Solar,16,17,4803
9/27/2020,Wind,18,19,8052
5/2/2022,Wind,6,7,2029
1/5/2020,Wind,9,10,2245
2/15/2021,Wind,0,1,9792
1/16/2024,Wind,1,2,2010
1/16/2025,Wind,16,17,3827
6/20/2025,Solar,14,15,11681
5/14/2023,Wind,8,9,3884
6/16/2025,Solar,9,10,6557
2/4/2021,Wind,17,18,2798
10/22/2023,Wind,3,4,8628
5/19/2024,Solar,10,11,2455
5/17/2022,Solar,9,10,4347
6/4/2022,Solar,15,16,5828
2/22/2025,Wind,5,6,10238
12/7/2021,Wind,14,15,12122
9/6/2024,Solar,17,18,4893
7/12/2022,Wind,6,7,2572
11/15/2024,Solar,14,15,4951
3/22/2020,Wind,13,14,10827
9/30/2023,Wind,7,8,889
8/15/2025,Wind,1,2,4242
1/7/2023,Wind,14,15,15880
2/28/2024,Wind,2,3,3703
4/15/2023,Wind,17,18,13143
4/1/2021,Solar,15,16,6405
9/22/2025,Wind,12,13,15222
3/29/2023,Wind,2,3,4865
2/7/2021,Wind,8,9,4598
8/3/2022,Solar,18,19,3379
3/11/2022,Wind,16,17,12628
9/22/2021,Wind,20,21,1945
7/24/2024,Wind,6,7,1089
4/2/2025,Wind,18,19,15030
8/1/2024,Wind,0,1,1649
2/15/2020,Wind,9,10,8611
12/28/2020,Wind,16,17,9395
6/30/2023,Solar,13,14,8565
5/31/2022,Wind,0,1,2131
6/21/2024,Wind,6,7,1717
8/5/2021,Wind,17,18,9475
5/13/2022,Solar,16,17,6107
12/19/2022,Wind,11,12,14450
4/21/2024,Wind,7,8,5871
11/2/2023,Wind,0,1,17146
11/4/2023,Wind,13,14,18105
11/29/2020,Wind,16,17,2659
1/4/2021,Wind,7,8,1589
12/23/2020,Wind,22,23,12177
12/28/2024,Wind,23,0,638
5/28/2020,Wind,17,18,6840
4/12/2020,Wind,0,1,978
12/15/2020,Wind,21,22,4427
3/21/2022,Wind,18,19,3512
12/31/2022,Wind,19,20,16435
5/31/2021,Solar,15,16,7096
11/13/2024,Wind,4,5,6882
4/9/2023,Solar,12,13,7478
2/22/2021,Wind,1,2,7591
2/25/2025,Wind,4,5,3644
12/19/2021,Wind,18,19,3022
11/24/2020,Wind,23,0,6768
9/10/2021,Wind,22,23,1997
4/13/2021,Wind,1,2,1796
8/4/2022,Wind,0,1,1586
5/4/2025,Wind,18,19,12606
8/29/2020,Wind,14,15,5103
7/19/2023,Wind,8,9,4118
12/4/2023,Wind,3,4,13158
12/4/2022,Wind,4,5,3430
6/13/2024,Wind,20,21,4639
5/7/2025,Wind,1,2,8947
8/28/2023,Wind,19,20,4554
8/5/2023,Wind,20,21,14188
1/18/2025,Wind,3,4,1157
5/23/2022,Wind,0,1,3636
11/30/2025,Wind,6,7,4387
10/7/2021,Solar,16,17,4917
3/12/2020,Wind,6,7,9223
1/20/2021,Wind,15,16,14624
8/5/2024,Wind,22,23,1034
10/23/2025,Wind,3,4,12997
10/20/2020,Wind,6,7,10003
5/5/2022,Solar,12,13,5897
1/23/2020,Wind,22,23,2779
7/7/2021,Solar,13,14,5429
7/25/2020,Wind,1,2,1543
7/18/2020,Wind,1,2,1515
9/26/2021,Wind,6,7,2281
4/29/2024,Wind,1,2,2419
9/19/2021,Wind,22,23,2332
8/30/2022,Wind,4,5,3592
9/16/2023,Solar,13,14,8664
6/22/2022,Wind,1,2,3887
4/19/2020,Wind,19,20,4931
4/9/2024,Wind,22,23,8756
3/11/2025,Wind,17,18,5580
10/1/2024,Wind,9,10,7164
8/16/2024,Wind,19,20,3335
9/5/2024,Wind,1,2,3657
9/29/2025,Solar,11,12,7678
5/24/2020,Wind,5,6,3046
4/15/2023,Wind,10,11,10771
6/7/2023,Wind,3,4,4685
9/2/2021,Wind,17,18,5612
1/2/2023,Wind,22,23,4218
11/4/2021,Wind,16,17,3606
12/6/2024,Wind,11,12,12425
12/13/2023,Wind,4,5,9180
11/30/2024,Solar,13,14,4668
9/16/2025,Wind,6,7,9715
3/3/2023,Wind,20,21,5832
2/17/2023,Wind,3,4,7265
7/19/2024,Wind,3,4,1551
5/9/2022,Solar,10,11,4782
4/8/2022,Wind,9,10,6382
8/30/2023,Wind,19,20,5549
2/15/2023,Solar,16,17,3695
6/9/2022,Solar,16,17,8567
2/13/2020,Wind,6,7,11612
3/20/2023,Solar,16,17,5436
11/15/2023,Wind,14,15,10772
12/12/2024,Wind,22,23,3318
5/14/2021,Wind,21,22,3668
5/18/2024,Solar,9,10,3617
10/24/2020,Wind,0,1,5673
11/19/2020,Wind,11,12,10362
5/17/2023,Wind,0,1,7939
8/19/2021,Solar,14,15,5079
8/7/2024,Solar,9,10,3763
8/10/2022,Wind,7,8,5109
5/30/2020,Wind,0,1,5257
10/14/2021,Wind,19,20,884
10/30/2020,Wind,0,1,8074
11/30/2021,Wind,23,0,12923
10/18/2024,Wind,3,4,5240
11/13/2021,Wind,10,11,5285
6/17/2023,Solar,14,15,6725
3/26/2021,Wind,9,10,5822
7/11/2022,Solar,15,16,8839
10/6/2022,Wind,8,9,1848
11/21/2020,Wind,18,19,2645
6/2/2020,Wind,20,21,1623
12/8/2021,Wind,8,9,7536
6/10/2021,Wind,5,6,1077
8/31/2021,Solar,15,16,8581
1/14/2022,Wind,8,9,891
4/17/2023,Solar,9,10,5631
4/28/2023,Wind,4,5,4743
2/2/2023,Wind,16,17,7966
5/26/2024,Wind,22,23,3079
3/17/2022,Wind,18,19,5041
6/12/2021,Wind,5,6,1612
8/22/2022,Wind,23,0,1343
4/13/2021,Wind,5,6,2747
5/25/2024,Wind,22,23,1939
7/23/2024,Wind,4,5,5296
10/22/2024,Solar,14,15,5151
9/8/2025,Wind,1,2,3247
2/5/2024,Wind,0,1,7250
11/2/2025,Wind,0,1,8891
5/30/2021,Wind,20,21,3606
7/18/2021,Wind,15,16,8491
10/4/2023,Wind,8,9,2909
12/16/2020,Wind,20,21,7854
11/18/2022,Wind,15,16,4771
8/6/2022,Wind,19,20,7487
8/10/2022,Wind,5,6,5582
4/8/2024,Wind,4,5,3115
12/30/2021,Wind,14,15,8402
11/27/2022,Wind,16,17,6863
4/25/2024,Wind,3,4,1051
2/7/2022,Wind,21,22,4624
5/29/2022,Wind,7,8,4550
11/26/2021,Wind,9,10,5880
3/6/2022,Wind,20,21,7259
4/9/2024,Wind,18,19,14993
7/5/2020,Wind,19,20,9243
11/8/2020,Solar,14,15,3198
7/3/2021,Wind,4,5,2200
8/18/2024,Wind,21,22,3802
2/3/2024,Wind,15,16,7256
2/22/2020,Wind,5,6,8212
8/24/2025,Solar,17,18,7445
1/31/2025,Wind,7,8,4032
1/29/2022,Wind,6,7,6295
5/16/2024,Wind,4,5,1985
9/9/2025,Wind,5,6,1712
5/7/2025,Wind,22,23,5970
11/4/2021,Wind,5,6,3125
8/26/2024,Solar,14,15,10162
5/24/2022,Wind,5,6,6008
8/21/2022,Solar,17,18,4032
11/3/2021,Wind,8,9,3933
4/8/2020,Solar,16,17,3264
8/30/2024,Wind,8,9,4148
6/30/2022,Wind,0,1,1528
8/27/2022,Solar,12,13,7198
11/5/2021,Solar,12,13,4648
5/3/2022,Wind,2,3,4519
6/14/2020,Wind,20,21,1888
10/9/2024,Wind,0,1,12523
11/24/2024,Wind,20,21,19513
12/17/2024,Wind,20,21,9136
4/2/2024,Wind,4,5,13180
9/2/2021,Wind,5,6,5765
12/29/2020,Wind,8,9,4269
3/16/2023,Wind,20,21,10081
2/4/2024,Wind,19,20,8459
4/20/2023,Wind,18,19,6268
3/23/2022,Solar,9,10,5419
3/5/2024,Wind,19,20,3141
1/17/2020,Wind,2,3,9390
9/7/2023,Wind,1,2,2893
12/23/2024,Wind,22,23,4916
6/23/2024,Solar,14,15,4090
9/27/2021,Wind,11,12,10123
7/18/2025,Wind,2,3,1564
12/10/2022,Wind,4,5,1533
4/19/2023,Wind,18,19,7115
5/30/2025,Solar,15,16,4444
11/15/2024,Solar,10,11,5039
8/22/2022,Wind,3,4,1609
6/14/2022,Solar,16,17,5556
1/29/2023,Wind,20,21,4213
12/1/2022,Wind,23,0,2895
12/5/2024,Wind,18,19,16688
10/16/2022,Wind,20,21,7022
8/21/2020,Wind,3,4,6690
12/22/2021,Wind,6,7,2824
7/21/2025,Wind,6,7,11030
1/2/2024,Wind,5,6,17248
4/11/2025,Wind,7,8,3644
8/2/2025,Solar,15,16,12289
4/2/2021,Wind,19,20,11290
3/13/2023,Wind,8,9,15437
11/2/2024,Wind,2,3,1771
5/16/2023,Wind,11,12,13805
9/22/2024,Wind,18,19,4071
10/28/2021,Wind,10,11,7333
8/31/2021,Wind,1,2,4199
2/6/2023,Wind,1,2,8096
10/3/2025,Wind,9,10,6874
7/8/2023,Wind,20,21,1493
11/7/2024,Wind,15,16,3966
8/1/2023,Wind,20,21,7412
12/4/2024,Wind,4,5,1527
3/18/2024,Wind,8,9,2921
12/30/2020,Wind,19,20,5298
5/20/2023,Wind,13,14,11018
2/23/2022,Wind,6,7,915
6/24/2024,Wind,6,7,3013
12/9/2020,Wind,22,23,4120
12/2/2020,Wind,6,7,3538
4/18/2025,Wind,20,21,7067
4/17/2022,Wind,22,23,5787
10/6/2020,Wind,21,22,11000
7/28/2024,Solar,18,19,7133
9/14/2021,Wind,6,7,2764
9/3/2025,Wind,6,7,13678
5/5/2025,Wind,17,18,12722
9/1/2020,Solar,14,15,4740
6/6/2022,Wind,5,6,1806
10/4/2020,Wind,2,3,8818
6/26/2021,Solar,7,8,633
6/2/2023,Wind,2,3,7043
2/15/2025,Wind,4,5,5875
1/29/2022,Wind,10,11,9123
2/13/2025,Wind,20,21,4432
9/19/2022,Solar,11,12,6983
6/29/2024,Wind,3,4,4100
7/11/2025,Solar,12,13,12811
3/7/2021,Solar,14,15,2799
3/7/2022,Wind,4,5,6613
6/17/2020,Wind,20,21,1500
3/14/2022,Wind,2,3,6130
5/2/2024,Wind,2,3,5050
3/8/2025,Wind,22,23,12431
5/5/2022,Wind,6,7,1715
6/23/2024,Wind,0,1,2581
2/14/2020,Wind,8,9,3683
8/2/2025,Wind,1,2,4270
5/5/2024,Wind,1,2,3256
4/30/2023,Wind,9,10,4169
2/9/2025,Wind,17,18,1709
8/11/2025,Solar,18,19,6420
3/10/2025,Wind,8,9,3471
4/3/2020,Wind,19,20,1256
2/1/2022,Wind,14,15,14323
4/9/2024,Wind,21,22,9329
5/2/2022,Wind,19,20,3754
10/8/2022,Wind,0,1,3051
11/11/2022,Wind,6,7,3328
10/5/2022,Wind,11,12,11975
5/26/2025,Solar,14,15,6702
2/16/2023,Wind,4,5,3973
12/14/2022,Wind,15,16,2542
2/14/2020,Wind,12,13,5860
3/13/2020,Wind,7,8,6097
12/7/2021,Wind,8,9,5489
9/23/2021,Wind,19,20,1224
9/5/2024,Wind,6,7,5710
11/16/2022,Wind,22,23,15448
3/12/2022,Wind,6,7,6239
2/19/2024,Wind,17,18,7758
3/8/2022,Wind,10,11,7990
9/7/2020,Solar,9,10,3027
9/6/2020,Solar,15,16,4473
1/21/2022,Wind,8,9,4551
9/16/2021,Solar,10,11,1635
4/6/2024,Wind,18,19,8976
11/12/2024,Wind,1,2,8188
10/19/2025,Wind,2,3,6818
5/13/2023,Wind,22,23,5777
12/8/2022,Wind,21,22,2632
3/22/2022,Solar,11,12,8531
12/25/2023,Wind,15,16,12985
2/6/2025,Wind,20,21,12160
2/7/2022,Wind,2,3,13497
1/18/2023,Wind,16,17,5234
1/26/2025,Wind,1,2,10365
5/4/2024,Wind,23,0,3298
6/4/2024,Wind,23,0,4473
1/18/2021,Wind,8,9,2915
11/22/2021,Wind,15,16,11582
2/28/2024,Wind,6,7,2370
11/12/2020,Wind,9,10,5105
8/24/2022,Solar,12,13,6402
11/8/2021,Solar,14,15,4153
1/14/2022,Wind,5,6,1127
6/3/2025,Wind,13,14,6959
1/1/2020,Wind,15,16,1323
5/19/2023,Wind,5,6,5256
7/3/2022,Wind,20,21,2890
6/16/2020,Wind,23,0,1468
2/19/2024,Wind,12,13,10225
1/9/2020,Wind,21,22,10944
6/12/2022,Wind,18,19,5222
4/11/2020,Wind,20,21,725
9/6/2022,Wind,4,5,3166
6/8/2020,Wind,1,2,1496
12/13/2022,Wind,3,4,6816
10/7/2024,Wind,15,16,7138
8/13/2024,Wind,0,1,1600
5/26/2024,Wind,8,9,5565
8/19/2024,Solar,15,16,9088
11/4/2023,Wind,18,19,15770
4/14/2021,Solar,10,11,5528
11/2/2023,Wind,7,8,15300
7/31/2023,Wind,22,23,10752
8/1/2022,Solar,18,19,3859
2/13/2025,Wind,1,2,1112
11/6/2021,Wind,7,8,2797
10/11/2025,Wind,9,10,5515
11/28/2020,Wind,4,5,3659
9/17/2025,Wind,19,20,3567
2/1/2024,Wind,22,23,1902
8/9/2025,Wind,5,6,1061
10/22/2021,Wind,22,23,2376
12/16/2022,Wind,2,3,6144
2/22/2022,Wind,12,13,14675
9/15/2023,Wind,21,22,4226
8/6/2021,Wind,21,22,2893
9/6/2024,Wind,3,4,1393
7/28/2025,Solar,12,13,11478
7/26/2024,Solar,16,17,6307
9/15/2021,Wind,8,9,2190
3/26/2025,Solar,15,16,7167
7/22/2025,Wind,21,22,1826
6/9/2020,Solar,12,13,4970
12/31/2022,Wind,11,12,17264
2/15/2025,Solar,15,16,7084
8/9/2020,Wind,18,19,3103
10/18/2023,Wind,23,0,11879
3/9/2023,Wind,21,22,15820
9/17/2023,Wind,16,17,5366
11/18/2023,Wind,18,19,12524
11/22/2020,Solar,13,14,3338
12/31/2024,Wind,16,17,8495
11/9/2025,Solar,14,15,7371
6/29/2021,Solar,16,17,5193
10/20/2025,Wind,18,19,16757
5/3/2024,Wind,19,20,2964
9/16/2025,Wind,20,21,3536
4/12/2025,Wind,18,19,11549
5/24/2021,Wind,18,19,12791
3/10/2025,Solar,10,11,6063
6/20/2021,Wind,9,10,3324
8/16/2020,Wind,7,8,1272
8/25/2023,Wind,4,5,2460
1/22/2025,Wind,17,18,5102
1/6/2025,Wind,9,10,18975
5/15/2023,Solar,12,13,9340
7/12/2020,Solar,10,11,4498
6/13/2024,Wind,21,22,5123
7/3/2025,Solar,14,15,9855
8/26/2024,Solar,16,17,8375
9/29/2025,Solar,15,16,8318
4/19/2020,Wind,9,10,2105
3/4/2023,Wind,4,5,4490
7/13/2021,Wind,15,16,7535
10/9/2025,Solar,11,12,5069
9/6/2021,Solar,10,11,3616
10/3/2025,Wind,18,19,10465
4/24/2024,Wind,16,17,10914
7/3/2023,Wind,9,10,6964
4/9/2020,Wind,1,2,894
8/8/2020,Wind,1,2,1875
9/26/2021,Solar,15,16,5531
12/25/2023,Wind,11,12,15160
4/2/2022,Wind,22,23,4539
12/14/2023,Wind,5,6,7047
1/23/2020,Wind,16,17,3347
10/15/2023,Solar,15,16,6957
5/31/2020,Wind,6,7,4859
3/29/2025,Wind,21,22,5649
10/8/2020,Wind,22,23,4432
2/17/2021,Wind,2,3,8531
5/11/2020,Wind,5,6,10139
9/5/2022,Wind,7,8,2789
7/7/2021,Wind,3,4,4006
10/12/2024,Wind,6,7,6023
6/20/2022,Wind,4,5,3009
10/26/2024,Wind,7,8,2152
5/18/2020,Wind,3,4,2064
8/2/2022,Wind,0,1,1397
1/14/2022,Wind,2,3,1410
7/25/2024,Solar,16,17,8796
5/26/2023,Solar,11,12,10688
8/22/2024,Solar,10,11,10231
3/22/2024,Wind,5,6,2130
10/26/2021,Wind,16,17,5120
7/19/2025,Wind,13,14,14450
7/28/2024,Wind,6,7,2348
2/1/2024,Wind,15,16,3444
12/26/2022,Wind,13,14,10092
7/30/2024,Solar,17,18,4665
8/18/2022,Wind,2,3,1182
4/16/2025,Solar,17,18,6246
11/15/2020,Wind,21,22,12149
2/26/2025,Wind,9,10,9755
2/20/2022,Wind,7,8,12571
2/20/2025,Wind,9,10,9967
2/27/2022,Wind,3,4,9685
12/31/2021,Wind,18,19,3904
7/28/2022,Solar,12,13,5588
4/28/2021,Wind,2,3,1371
12/23/2021,Wind,5,6,6602
3/14/2024,Wind,23,0,10690
7/14/2023,Solar,9,10,6490
10/18/2025,Wind,4,5,5140
4/7/2021,Wind,3,4,4251
1/14/2024,Solar,13,14,3639
4/18/2022,Wind,3,4,4344
6/1/2024,Wind,9,10,8993
4/24/2020,Solar,15,16,3799
3/13/2022,Wind,18,19,5913
2/23/2025,Wind,12,13,11643
11/6/2021,Solar,12,13,5852
4/4/2025,Wind,15,16,6218
2/10/2022,Solar,13,14,6325
8/15/2021,Wind,2,3,1057
6/22/2023,Wind,14,15,9306
2/23/2020,Wind,10,11,13480
3/10/2022,Wind,22,23,7481
8/14/2021,Wind,0,1,1478
6/5/2020,Wind,3,4,3542
5/22/2020,Wind,21,22,2177
8/26/2025,Wind,20,21,3405
7/5/2022,Wind,7,8,2105
3/30/2024,Solar,13,14,7615
1/4/2022,Wind,11,12,5975
8/19/2025,Solar,10,11,4540
8/12/2023,Wind,3,4,1596
3/23/2024,Wind,10,11,17377
7/7/2025,Wind,23,0,4873
1/20/2023,Wind,10,11,4641
3/2/2024,Wind,16,17,6629
1/5/2022,Wind,14,15,7511
9/12/2025,Wind,13,14,15434
2/8/2025,Wind,18,19,3104
4/11/2020,Wind,7,8,1900
1/23/2020,Wind,18,19,3556
9/30/2025,Wind,8,9,2872
5/1/2020,Wind,22,23,6712
8/10/2021,Solar,13,14,5911
9/16/2021,Solar,18,19,1495
10/27/2023,Wind,12,13,12650
11/11/2025,Wind,3,4,7897
3/24/2020,Wind,7,8,5774
10/20/2023,Wind,17,18,6907
10/29/2025,Wind,15,16,8506
11/21/2023,Wind,16,17,6703
3/26/2024,Wind,20,21,8261
6/30/2022,Wind,20,21,2522
12/25/2020,Wind,4,5,6542
6/26/2021,Solar,15,16,4697
8/4/2020,Wind,0,1,3666
8/22/2022,Wind,2,3,1927
4/17/2022,Solar,16,17,7694
1/7/2021,Wind,5,6,487
5/12/2025,Solar,9,10,5922
6/26/2024,Solar,18,19,4295
7/1/2025,Wind,2,3,778
6/9/2023,Wind,5,6,4644
8/24/2023,Wind,17,18,9861
7/28/2025,Solar,9,10,6834
8/15/2021,Wind,3,4,883
9/23/2024,Wind,16,17,9135
3/25/2024,Wind,13,14,10853
10/7/2025,Wind,4,5,1733
11/15/2020,Wind,1,2,10998
9/14/2023,Solar,14,15,6131
7/1/2024,Wind,4,5,1845
3/13/2022,Wind,12,13,10835
3/4/2021,Wind,22,23,3145
8/24/2022,Wind,5,6,956
6/6/2025,Wind,18,19,10880
12/30/2021,Wind,9,10,8720
4/1/2021,Wind,2,3,1907
8/6/2023,Wind,22,23,5369
6/13/2025,Wind,19,20,5374
10/10/2022,Wind,19,20,2196
9/20/2025,Wind,18,19,11616
9/8/2023,Solar,17,18,4384
12/30/2021,Wind,22,23,5452
3/30/2024,Wind,7,8,3497
5/8/2023,Solar,17,18,5446
4/25/2021,Wind,11,12,10262
7/15/2022,Wind,4,5,4379
11/26/2021,Wind,1,2,2597
10/15/2025,Wind,23,0,5351
1/18/2025,Solar,10,11,3129
3/16/2025,Wind,16,17,9489
10/18/2022,Solar,14,15,5808
2/10/2020,Wind,4,5,10052
4/25/2020,Wind,5,6,1788
5/18/2023,Wind,5,6,5769
4/16/2022,Wind,23,0,8150
3/29/2020,Wind,10,11,13965
3/28/2025,Wind,20,21,8242
12/18/2024,Wind,9,10,15999
3/9/2020,Wind,8,9,6477
5/22/2023,Wind,0,1,3806
11/2/2024,Solar,13,14,7954
3/7/2022,Wind,0,1,7417
1/25/2023,Wind,8,9,2111
1/15/2021,Wind,9,10,6240
5/19/2022,Wind,5,6,3542
10/24/2020,Wind,6,7,7495
10/28/2021,Wind,8,9,5807
1/8/2025,Wind,21,22,12892
4/4/2024,Wind,0,1,12543
12/18/2020,Wind,8,9,6733
9/25/2022,Solar,15,16,6102
10/19/2020,Wind,3,4,1464
2/6/2024,Wind,11,12,14493
4/18/2023,Wind,6,7,6520
5/2/2023,Wind,18,19,7162
6/26/2025,Wind,9,10,9995
9/18/2024,Wind,16,17,16325
11/22/2024,Wind,1,2,6061
3/20/2023,Wind,1,2,1521
1/13/2022,Wind,1,2,3054
6/15/2021,Wind,5,6,1611
1/9/2021,Wind,9,10,4051
2/15/2022,Wind,0,1,6687
3/18/2020,Solar,12,13,4055
8/31/2025,Wind,1,2,8549
11/23/2023,Wind,8,9,3718
9/12/2023,Solar,12,13,4437
9/10/2020,Wind,21,22,2030
7/11/2023,Solar,15,16,9554
9/15/2021,Solar,13,14,3942
5/21/2023,Wind,9,10,5307
4/15/2021,Solar,10,11,6346
11/26/2024,Wind,19,20,4935
10/14/2025,Wind,5,6,5919
3/22/2021,Wind,18,19,2993
2/9/2025,Solar,10,11,4315
7/14/2024,Solar,8,9,2477
2/5/2021,Wind,16,17,1998
8/26/2020,Wind,6,7,8678
4/27/2023,Wind,4,5,1206
3/6/2023,Wind,0,1,1228
5/12/2025,Wind,1,2,2951
2/6/2023,Wind,15,16,8670
8/4/2020,Solar,14,15,5625
3/1/2023,Wind,21,22,7713
10/1/2022,Wind,22,23,7629
11/17/2023,Wind,13,14,7387
10/2/2023,Wind,5,6,2482
2/26/2025,Wind,1,2,10324
12/12/2021,Wind,0,1,5469
9/8/2022,Wind,20,21,5147
5/26/2020,Wind,17,18,6931
3/10/2021,Wind,23,0,13439
5/24/2024,Wind,4,5,712
6/9/2020,Solar,13,14,5042
9/3/2023,Wind,0,1,4539
9/16/2020,Solar,12,13,3732
9/19/2024,Wind,1,2,8994
6/7/2023,Wind,23,0,5602
10/14/2023,Wind,0,1,14148
1/12/2022,Wind,7,8,2263
5/13/2022,Wind,6,7,1900
11/4/2021,Wind,2,3,2836
5/2/2020,Wind,2,3,5334
9/18/2022,Wind,0,1,3466
6/8/2023,Solar,15,16,8328
9/15/2022,Wind,4,5,1546
3/17/2023,Wind,1,2,8075
1/9/2025,Wind,13,14,13396
4/12/2024,Solar,15,16,4291
9/2/2024,Solar,10,11,5818
8/16/2020,Wind,2,3,1867
9/30/2020,Wind,7,8,1223
6/20/2022,Solar,17,18,6713
6/5/2021,Wind,3,4,2400
4/21/2022,Wind,16,17,6557
6/22/2024,Wind,3,4,6081
10/27/2024,Wind,5,6,1792
5/30/2023,Wind,21,22,9690
5/20/2024,Wind,5,6,1434
4/3/2025,Wind,23,0,6528
8/18/2025,Solar,14,15,8983
9/16/2022,Wind,23,0,5346
1/30/2020,Wind,0,1,5384
4/10/2022,Solar,17,18,5961
7/29/2024,Wind,21,22,2404
12/3/2020,Wind,1,2,3330
7/30/2022,Wind,6,7,936
10/20/2023,Wind,3,4,4769
8/17/2022,Solar,17,18,3938
7/7/2022,Wind,1,2,3488
12/27/2024,Wind,6,7,1298
9/13/2024,Wind,23,0,4267
5/20/2020,Solar,15,16,5220
9/19/2020,Wind,21,22,2449
2/19/2022,Wind,22,23,13745
6/22/2023,Wind,10,11,5018
12/17/2024,Wind,16,17,5399
3/4/2023,Wind,2,3,4916
1/19/2022,Wind,3,4,1605
6/8/2023,Solar,9,10,6235
9/10/2023,Solar,17,18,4930
4/29/2021,Wind,11,12,3791
11/19/2025,Wind,16,17,13285
11/6/2023,Wind,9,10,12593
7/18/2022,Solar,11,12,6471
9/15/2021,Wind,2,3,2419
5/8/2022,Wind,8,9,4118
5/27/2022,Solar,15,16,8174
10/4/2022,Wind,20,21,1168
6/19/2020,Wind,1,2,2319
6/12/2022,Solar,10,11,4684
10/8/2022,Wind,9,10,2465
5/24/2025,Wind,19,20,8852
9/30/2025,Wind,20,21,2697
7/6/2025,Wind,20,21,8639
7/6/2020,Wind,15,16,9681
8/11/2023,Wind,7,8,1918
8/20/2025,Wind,16,17,8881
4/19/2021,Wind,22,23,906
5/10/2021,Wind,7,8,7041
3/7/2021,Wind,2,3,2521
1/22/2021,Wind,16,17,3696
4/23/2021,Solar,10,11,5659
12/8/2021,Wind,5,6,9297
8/4/2020,Wind,22,23,1340
2/18/2023,Wind,23,0,8067
12/14/2022,Wind,21,22,2161
7/9/2023,Wind,3,4,2355
7/11/2024,Wind,2,3,1053
2/24/2020,Wind,10,11,11258
2/3/2021,Wind,2,3,9275
12/5/2022,Wind,23,0,1854
4/23/2023,Wind,0,1,6724
6/8/2021,Solar,10,11,4183
2/26/2023,Wind,10,11,20500
3/2/2024,Wind,10,11,12926
5/18/2024,Wind,1,2,713
8/30/2020,Wind,11,12,5251
9/29/2021,Wind,14,15,11739
8/3/2021,Wind,0,1,930
1/11/2023,Wind,1,2,14468
2/21/2024,Wind,15,16,15550
3/16/2020,Wind,6,7,3309
11/10/2020,Wind,21,22,805
11/8/2022,Wind,1,2,12163
11/14/2022,Wind,2,3,3659
2/15/2024,Wind,18,19,10200
11/3/2023,Wind,0,1,12874
1/24/2025,Wind,8,9,18114
1/2/2024,Wind,0,1,17307
8/4/2023,Wind,21,22,3747
7/18/2020,Wind,23,0,1750
7/21/2021,Wind,4,5,2191
3/31/2023,Wind,15,16,21172
1/5/2023,Wind,12,13,7199
3/27/2022,Wind,19,20,1675
9/24/2023,Solar,10,11,7784
7/7/2021,Wind,20,21,2231
5/18/2024,Wind,4,5,556
4/1/2022,Wind,18,19,13751
12/1/2023,Wind,7,8,2590
3/10/2024,Wind,18,19,975
3/2/2020,Wind,20,21,8827
9/19/2025,Solar,10,11,9787
12/21/2020,Wind,1,2,6095
6/30/2023,Wind,4,5,2629
5/13/2024,Solar,12,13,6365
11/25/2024,Wind,2,3,17724
6/2/2022,Wind,23,0,4438
3/1/2022,Solar,10,11,4347
9/12/2020,Solar,9,10,2461
5/8/2021,Wind,19,20,6309
9/25/2022,Wind,2,3,2749
3/6/2021,Wind,9,10,6040
1/15/2022,Wind,21,22,1036
11/17/2023,Wind,7,8,4109
7/5/2025,Wind,20,21,5175
6/12/2021,Solar,12,13,4821
7/31/2022,Wind,19,20,5209
3/20/2024,Solar,15,16,5622
4/23/2020,Wind,7,8,1746
5/9/2022,Wind,20,21,514
3/6/2024,Solar,10,11,5162
2/26/2021,Wind,5,6,2352
11/20/2025,Wind,5,6,7116
5/9/2020,Wind,5,6,1685
8/21/2025,Wind,1,2,3653
6/11/2025,Wind,20,21,5029
8/27/2022,Solar,11,12,6767
9/10/2023,Solar,12,13,8323
4/20/2023,Wind,0,1,8926
3/24/2021,Wind,4,5,1493
11/19/2022,Solar,12,13,5271
12/5/2024,Wind,10,11,16407
4/22/2025,Wind,3,4,2038
9/14/2021,Wind,19,20,1986
11/23/2020,Wind,3,4,245
2/3/2023,Wind,16,17,7659
11/2/2023,Wind,4,5,15164
5/29/2025,Solar,14,15,5853
1/12/2020,Wind,12,13,9137
8/28/2021,Wind,20,21,4826
12/11/2023,Wind,0,1,13562
8/20/2021,Wind,20,21,525
2/14/2024,Wind,9,10,10647
11/9/2022,Wind,17,18,4408
10/13/2020,Wind,9,10,4332
9/25/2023,Wind,21,22,525
10/8/2024,Wind,7,8,10208
8/16/2021,Wind,2,3,4074
4/25/2022,Wind,9,10,4334
6/5/2025,Wind,22,23,12352
5/30/2023,Solar,12,13,13676
8/22/2020,Wind,3,4,4955
12/9/2021,Wind,16,17,5379
1/25/2020,Solar,12,13,2654
5/16/2023,Wind,1,2,7661
10/28/2023,Wind,11,12,16187
6/19/2021,Wind,0,1,3276
2/14/2023,Solar,15,16,5164
3/21/2022,Solar,10,11,6419
9/22/2023,Wind,21,22,5871
10/17/2021,Wind,1,2,1752
7/29/2024,Wind,4,5,5316
2/9/2024,Wind,4,5,16307
3/17/2022,Wind,13,14,5469
4/2/2022,Wind,19,20,7493
9/25/2022,Wind,7,8,2772
9/26/2025,Solar,18,19,1324
10/28/2024,Wind,0,1,477
1/21/2023,Wind,4,5,7168
10/23/2024,Wind,18,19,2844
6/27/2020,Wind,22,23,4430
7/29/2020,Wind,20,21,708
7/9/2022,Solar,9,10,4215
12/31/2021,Wind,4,5,5884
3/1/2025,Wind,10,11,12156
2/16/2021,Wind,23,0,9342
1/13/2022,Wind,7,8,2614
2/14/2024,Wind,20,21,7478
11/9/2024,Wind,2,3,1560
3/2/2020,Wind,2,3,8017
6/18/2020,Wind,19,20,3276
9/8/2021,Wind,18,19,3479
4/16/2022,Wind,8,9,5476
1/26/2024,Wind,18,19,3375
9/5/2020,Solar,15,16,5374
11/28/2021,Wind,6,7,9221
12/13/2021,Solar,12,13,3477
4/7/2024,Wind,19,20,6864
10/23/2023,Wind,7,8,7522
10/26/2021,Wind,19,20,3013
4/25/2020,Solar,10,11,3420
12/10/2022,Wind,7,8,1455
9/7/2022,Wind,21,22,3796
9/10/2022,Wind,23,0,1212
1/31/2023,Wind,9,10,4810
5/24/2025,Wind,22,23,6806
10/18/2022,Solar,12,13,5685
11/8/2023,Wind,13,14,18274
11/18/2020,Wind,17,18,6191
12/7/2020,Wind,10,11,1923
3/30/2024,Wind,17,18,6296
5/13/2023,Wind,9,10,6102
12/19/2022,Wind,15,16,13925
5/27/2022,Solar,12,13,6760
4/18/2022,Solar,13,14,5569
2/7/2023,Wind,4,5,8388
6/13/2022,Wind,4,5,3562
5/20/2022,Wind,9,10,5745
8/31/2025,Wind,8,9,4739
7/16/2024,Wind,8,9,9494
6/22/2025,Wind,22,23,2524
12/6/2023,Wind,21,22,2268
8/29/2025,Wind,12,13,16980
5/24/2022,Wind,18,19,4509
9/10/2023,Wind,23,0,2891
4/14/2025,Solar,15,16,8284
2/14/2025,Solar,12,13,9622
5/24/2025,Wind,1,2,2417
7/19/2022,Solar,10,11,6985
11/30/2023,Wind,23,0,1459
2/3/2025,Wind,0,1,1663
7/2/2020,Wind,17,18,6989
3/29/2025,Wind,15,16,12588
10/20/2025,Wind,21,22,17019
7/11/2020,Wind,8,9,2387
8/13/2021,Solar,10,11,3071
5/13/2025,Wind,19,20,3028
5/28/2022,Wind,7,8,3736
5/25/2024,Solar,19,20,2497
3/1/2024,Wind,16,17,15488
2/1/2025,Solar,12,13,6265
1/29/2020,Wind,11,12,8656
6/24/2025,Wind,6,7,2381
7/25/2024,Wind,19,20,3757
12/12/2021,Wind,15,16,3406
7/30/2023,Wind,10,11,10162
8/10/2021,Solar,12,13,5674
4/19/2023,Wind,6,7,6801
9/12/2025,Wind,21,22,6028
3/14/2023,Wind,13,14,20075
8/19/2022,Solar,13,14,8025
8/28/2021,Wind,16,17,9387
3/3/2022,Solar,12,13,4140
2/19/2020,Wind,12,13,8496
3/9/2022,Wind,22,23,6290
8/25/2023,Wind,10,11,7231
8/26/2023,Wind,18,19,3633
1/5/2025,Wind,2,3,11792
6/15/2023,Solar,17,18,6607
6/22/2022,Solar,10,11,4827
7/28/2021,Wind,12,13,8959
8/9/2022,Wind,2,3,6809
9/19/2021,Wind,0,1,3579
6/5/2022,Wind,22,23,3284
5/17/2021,Wind,1,2,10855
1/6/2024,Wind,22,23,7362
6/22/2025,Wind,8,9,4620
5/24/2021,Wind,15,16,13322
12/16/2021,Wind,4,5,1969
9/9/2021,Wind,14,15,5286
11/28/2020,Wind,23,0,4754
6/5/2020,Wind,15,16,14071
11/15/2024,Wind,16,17,1821
9/13/2024,Solar,16,17,10679
7/19/2022,Wind,17,18,8845
6/17/2021,Wind,2,3,4974
2/22/2022,Wind,21,22,8837
1/17/2024,Wind,20,21,7330
4/8/2022,Wind,2,3,7881
10/30/2022,Wind,18,19,1624
7/9/2023,Solar,9,10,4410
6/2/2020,Solar,11,12,3384
7/21/2025,Wind,4,5,10394
10/18/2024,Wind,18,19,2532
9/2/2022,Wind,22,23,1024
5/27/2023,Solar,14,15,5976
3/15/2020,Wind,8,9,5982
10/23/2024,Wind,9,10,3405
12/25/2020,Wind,9,10,6570
3/12/2025,Wind,21,22,2248
3/3/2023,Wind,21,22,5856
10/10/2022,Wind,22,23,2564
6/24/2020,Wind,8,9,3766
10/26/2020,Wind,2,3,5700
1/10/2022,Wind,21,22,2603
9/3/2024,Wind,2,3,513
2/3/2021,Wind,7,8,9834
10/5/2020,Wind,6,7,9314
8/18/2021,Wind,18,19,3918
7/8/2021,Wind,3,4,1458
8/20/2022,Solar,12,13,6090
2/24/2023,Solar,13,14,6198
7/5/2025,Solar,9,10,6839
1/21/2024,Wind,2,3,11855
2/27/2021,Wind,23,0,8380
10/13/2024,Wind,5,6,2418
6/20/2022,Wind,3,4,4084
12/3/2023,Wind,5,6,6861
8/4/2021,Solar,14,15,3337
7/7/2020,Solar,9,10,3236
10/10/2023,Solar,15,16,6674
2/11/2020,Wind,2,3,12337
7/2/2021,Solar,13,14,4836
8/27/2024,Wind,0,1,2350
7/18/2022,Wind,19,20,3281
10/8/2025,Wind,18,19,2375
12/6/2023,Wind,1,2,3323
9/30/2024,Wind,9,10,15849
5/5/2022,Wind,1,2,2097
4/17/2020,Wind,18,19,2983
9/29/2020,Solar,12,13,3747
3/29/2023,Wind,17,18,9807
2/26/2025,Wind,5,6,7888
2/1/2025,Wind,23,0,3977
4/30/2025,Wind,6,7,3827
4/23/2021,Wind,3,4,6116
7/11/2022,Wind,22,23,3652
6/26/2020,Wind,6,7,3199
8/2/2025,Wind,7,8,4482
5/11/2025,Wind,17,18,4090
11/16/2021,Wind,18,19,1101
4/20/2021,Wind,19,20,1160
3/24/2022,Solar,14,15,6833
12/9/2020,Wind,7,8,2764
2/21/2020,Wind,10,11,5295
4/5/2025,Wind,21,22,8059
9/6/2024,Wind,0,1,764
4/5/2025,Wind,4,5,7492
7/13/2025,Wind,0,1,4224
3/9/2024,Wind,21,22,5774
4/7/2023,Wind,19,20,3276
8/2/2022,Solar,12,13,6726
6/17/2022,Solar,14,15,6767
8/14/2020,Solar,14,15,4993
12/3/2024,Wind,20,21,1073
10/13/2024,Wind,22,23,2745
8/29/2023,Wind,0,1,2934
2/22/2023,Wind,4,5,3066
9/8/2021,Wind,5,6,5438
5/5/2022,Solar,10,11,4537
11/4/2022,Wind,7,8,6522
7/16/2021,Wind,23,0,3250
7/23/2022,Wind,7,8,1348
3/18/2025,Wind,15,16,14023
9/21/2023,Wind,22,23,6683
4/24/2023,Wind,9,10,7316
9/3/2021,Wind,7,8,2116
9/2/2023,Wind,23,0,4684
10/20/2021,Wind,6,7,10876
3/12/2021,Wind,23,0,13614
10/3/2025,Wind,6,7,5127
9/19/2023,Wind,23,0,6877
2/17/2020,Wind,1,2,8444
10/17/2022,Wind,6,7,7788
1/5/2022,Wind,3,4,7616
7/17/2025,Solar,9,10,5531
9/22/2021,Wind,18,19,2088
6/20/2025,Solar,11,12,10259
2/18/2022,Wind,15,16,14791
4/3/2022,Wind,22,23,1510
10/16/2020,Wind,18,19,1636
10/6/2022,Wind,5,6,2090
4/28/2020,Wind,23,0,4946
3/13/2023,Wind,23,0,15758
5/26/2020,Wind,21,22,4408
9/29/2022,Wind,6,7,1419
6/29/2025,Wind,4,5,2696
6/26/2025,Wind,12,13,14264
5/26/2020,Wind,18,19,6277
9/7/2021,Wind,17,18,6012
10/16/2020,Wind,5,6,3142
6/20/2025,Wind,22,23,4161
12/2/2020,Wind,14,15,2577
4/3/2020,Solar,13,14,5002
6/19/2023,Solar,12,13,6321
7/14/2022,Wind,21,22,5239
3/17/2021,Wind,21,22,5437
12/8/2022,Wind,3,4,1242
12/12/2020,Wind,19,20,6484
9/15/2022,Wind,18,19,3250
11/19/2023,Wind,6,7,11720
3/8/2024,Wind,11,12,10265
11/13/2025,Wind,18,19,10591
3/22/2020,Wind,21,22,9593
5/22/2024,Wind,1,2,4611
7/25/2022,Wind,23,0,5596
1/1/2023,Wind,1,2,11283
12/11/2020,Wind,1,2,6767
7/1/2023,Wind,5,6,7440
5/3/2021,Wind,4,5,657
8/27/2020,Wind,15,16,7459
12/27/2023,Wind,12,13,13912
4/11/2024,Solar,17,18,5597
10/1/2021,Wind,22,23,4034
9/23/2025,Wind,12,13,12969
3/19/2021,Wind,20,21,7181
12/27/2020,Wind,19,20,8326
5/10/2021,Wind,18,19,4506
11/3/2020,Wind,5,6,3252
11/3/2024,Wind,22,23,2791
5/9/2021,Wind,4,5,8251
6/10/2025,Solar,9,10,7037
3/6/2024,Wind,22,23,2314
11/3/2020,Wind,11,12,7836
9/18/2021,Wind,7,8,1755
5/4/2020,Wind,19,20,4587
2/14/2022,Wind,18,19,6618
10/18/2020,Wind,18,19,522
11/11/2020,Wind,6,7,733
5/13/2024,Wind,20,21,3925
1/14/2025,Wind,23,0,2984
8/26/2022,Solar,17,18,5462
6/26/2020,Wind,18,19,3680
4/24/2025,Wind,21,22,4076
11/24/2025,Wind,22,23,9801
7/13/2023,Wind,5,6,2155
8/28/2021,Wind,6,7,3722
9/23/2025,Wind,15,16,12917
9/16/2022,Solar,10,11,4975
3/10/2022,Wind,17,18,4799
6/7/2025,Wind,8,9,9072
7/25/2025,Wind,4,5,2111
12/14/2020,Wind,13,14,6019
4/21/2021,Wind,20,21,5054
10/19/2022,Wind,21,22,7426
4/13/2025,Wind,13,14,4783
11/7/2025,Wind,0,1,2662
8/20/2024,Wind,7,8,3600
7/30/2024,Wind,21,22,2502
3/7/2023,Wind,22,23,6916
12/13/2020,Wind,3,4,4008
3/17/2023,Wind,13,14,12263
9/11/2023,Wind,4,5,1317
3/12/2023,Wind,1,2,6082
10/14/2020,Wind,18,19,5325
11/6/2025,Wind,12,13,6278
4/26/2024,Solar,16,17,5775
11/3/2024,Wind,3,4,3106
6/22/2022,Wind,23,0,1640
3/20/2020,Wind,23,0,8105
8/19/2025,Wind,19,20,4330
9/28/2021,Solar,10,11,3345
8/22/2021,Wind,12,13,8102
5/4/2024,Wind,12,13,9129
10/4/2024,Wind,3,4,4898
3/4/2022,Wind,23,0,3137
12/10/2022,Wind,19,20,1861
1/29/2025,Wind,3,4,15556
1/10/2021,Wind,10,11,4394
11/15/2020,Wind,0,1,10818
4/18/2020,Solar,15,16,2973
2/3/2022,Wind,5,6,2929
9/13/2022,Wind,21,22,2822
11/26/2024,Wind,17,18,3769
1/27/2021,Wind,10,11,5277
8/21/2025,Wind,17,18,10878
7/11/2025,Wind,1,2,4862
12/31/2022,Wind,4,5,15764
8/8/2023,Solar,10,11,7019
12/29/2020,Wind,21,22,3155
9/1/2021,Wind,11,12,9100
12/7/2020,Wind,5,6,910
10/4/2025,Wind,15,16,13739
6/19/2025,Wind,5,6,4974
9/3/2022,Wind,17,18,5467
7/1/2024,Solar,16,17,9539
9/18/2021,Solar,15,16,3777
1/14/2020,Wind,12,13,14254
9/20/2021,Wind,2,3,1783
12/11/2021,Wind,3,4,7886
4/4/2020,Wind,21,22,5074
11/5/2022,Wind,18,19,5536
7/26/2021,Wind,20,21,2420
11/26/2022,Wind,12,13,5590
9/18/2020,Wind,13,14,6346
2/4/2020,Wind,16,17,11924
5/14/2024,Wind,4,5,7995
7/28/2023,Wind,19,20,5624
6/29/2022,Solar,17,18,5001
6/24/2023,Wind,23,0,2828
5/27/2023,Wind,8,9,5721
6/16/2025,Wind,20,21,2901
6/10/2023,Solar,18,19,4468
8/1/2025,Solar,8,9,3518
10/18/2023,Wind,2,3,10652
3/18/2020,Solar,16,17,2387
3/14/2024,Wind,8,9,7457
5/16/2025,Wind,23,0,8373
2/18/2023,Wind,0,1,5548
7/23/2022,Solar,16,17,6197
8/16/2022,Solar,12,13,6043
2/18/2024,Wind,12,13,14825
12/20/2024,Wind,3,4,8808
10/25/2022,Wind,22,23,6592
12/11/2022,Wind,21,22,1627
11/4/2025,Wind,18,19,14445
8/14/2020,Wind,0,1,2144
5/10/2020,Wind,13,14,2623
3/3/2020,Wind,20,21,2875
12/18/2022,Wind,0,1,4061
10/11/2022,Solar,17,18,1835
11/3/2021,Wind,16,17,3274
3/3/2023,Wind,2,3,4064
7/30/2022,Solar,14,15,7363
4/27/2022,Wind,19,20,6697
11/8/2025,Wind,1,2,1793
5/31/2025,Wind,3,4,879
8/8/2020,Solar,13,14,4095
5/31/2025,Solar,18,19,5672
8/16/2025,Solar,10,11,10645
12/25/2023,Wind,14,15,14253
6/1/2022,Wind,19,20,2649
4/13/2023,Wind,1,2,15743
7/21/2020,Wind,22,23,5093
5/1/2020,Wind,21,22,7037
1/1/2024,Wind,3,4,9309
1/16/2024,Solar,15,16,1871
7/11/2025,Solar,14,15,13109
6/29/2020,Wind,3,4,2917
1/17/2024,Wind,18,19,9363
3/31/2025,Solar,10,11,9527
9/22/2021,Wind,3,4,2010
1/3/2021,Wind,8,9,1604
4/1/2023,Wind,15,16,16341
2/14/2025,Wind,9,10,6637
9/14/2024,Wind,23,0,3929
2/9/2023,Wind,6,7,1172
10/23/2023,Wind,4,5,5375
1/31/2021,Wind,6,7,3009
2/26/2023,Wind,11,12,22043
7/25/2025,Solar,14,15,9373
11/23/2024,Wind,21,22,19031
7/1/2022,Wind,22,23,845
6/6/2021,Wind,21,22,1802
7/8/2024,Solar,8,9,3111
4/7/2024,Wind,23,0,4677
5/17/2021,Wind,12,13,15300
3/15/2023,Wind,19,20,2059
2/18/2024,Wind,0,1,5504
3/25/2025,Wind,21,22,3839
5/5/2020,Wind,8,9,5591
5/3/2025,Wind,3,4,6936
6/4/2023,Wind,23,0,6760
9/22/2023,Wind,22,23,6457
5/10/2020,Wind,5,6,2056
7/11/2020,Solar,11,12,4885
7/21/2024,Wind,0,1,3435
7/18/2023,Solar,9,10,4325
6/29/2025,Wind,1,2,3834
5/22/2024,Wind,9,10,8005
4/8/2024,Wind,22,23,9778
7/5/2020,Wind,1,2,7405
1/11/2021,Wind,17,18,6090
2/28/2021,Wind,3,4,7607
8/13/2024,Wind,5,6,1209
5/29/2020,Solar,10,11,5407
2/25/2022,Wind,19,20,3155
8/24/2024,Wind,13,14,10581
8/19/2023,Solar,11,12,6990
3/3/2020,Wind,7,8,4102
8/17/2021,Wind,17,18,7713
3/3/2024,Wind,0,1,2949
8/30/2020,Wind,0,1,2869
10/9/2021,Wind,2,3,3926
5/10/2020,Wind,17,18,4035
3/27/2020,Wind,18,19,2867
11/11/2023,Solar,13,14,5880
10/31/2023,Wind,1,2,7202
3/15/2025,Wind,10,11,15859
9/22/2023,Wind,14,15,13152
2/19/2023,Wind,9,10,5578
5/4/2023,Wind,8,9,7756
6/13/2021,Solar,14,15,5069
1/25/2022,Solar,9,10,1114
7/8/2023,Wind,21,22,1136
9/29/2021,Wind,6,7,6686
6/26/2020,Solar,11,12,4861
7/26/2022,Solar,12,13,6546
6/13/2022,Solar,14,15,7174
7/3/2021,Wind,8,9,2116
1/14/2024,Solar,12,13,3571
3/7/2024,Wind,8,9,7880
6/17/2021,Wind,10,11,5129
3/17/2025,Wind,17,18,12710
8/20/2023,Wind,23,0,2891
2/16/2021,Wind,7,8,10321
11/13/2022,Wind,16,17,1605
8/19/2020,Wind,18,19,5719
5/19/2024,Solar,16,17,2867
1/13/2022,Wind,20,21,2891
6/7/2025,Wind,6,7,7180
4/18/2021,Wind,23,0,1954
8/1/2021,Wind,5,6,2357
4/27/2021,Wind,0,1,6406
5/31/2023,Wind,9,10,7949
10/3/2023,Wind,9,10,9763
5/13/2020,Wind,19,20,8135
6/12/2023,Wind,22,23,2753
11/11/2022,Wind,4,5,2858
4/14/2021,Wind,13,14,8978
12/16/2023,Wind,2,3,1986
7/17/2021,Wind,22,23,4501
4/18/2024,Solar,16,17,8128
7/19/2025,Wind,18,19,8795
1/26/2023,Wind,6,7,2238
8/11/2022,Wind,21,22,4852
6/21/2024,Wind,21,22,4798
3/22/2023,Wind,9,10,13652
8/3/2025,Solar,14,15,6657
2/13/2020,Wind,1,2,7835
1/4/2021,Wind,8,9,1699
5/7/2022,Solar,11,12,6711
7/31/2020,Solar,10,11,4357
5/23/2024,Wind,6,7,2688
7/11/2021,Wind,21,22,868
9/26/2025,Wind,22,23,313
5/6/2024,Wind,6,7,3361
9/12/2023,Solar,13,14,4933
5/25/2023,Wind,20,21,7031
11/30/2021,Wind,21,22,12769
5/12/2024,Wind,17,18,6724
11/2/2023,Wind,10,11,15126
8/5/2023,Wind,5,6,2691
2/4/2024,Wind,23,0,7222
6/2/2022,Wind,8,9,3841
1/29/2021,Wind,10,11,14856
10/11/2021,Wind,5,6,2918
8/15/2024,Wind,3,4,1492
4/28/2020,Wind,1,2,2577
5/8/2020,Solar,17,18,3383
11/26/2023,Wind,9,10,3686
11/22/2022,Wind,23,0,8882
12/9/2020,Wind,17,18,2329
4/27/2022,Solar,14,15,9731
11/6/2022,Wind,7,8,8112
6/15/2023,Wind,19,20,3676
5/8/2022,Solar,10,11,6177
10/11/2021,Wind,0,1,3875
6/24/2020,Wind,4,5,4432
5/9/2021,Wind,19,20,9742
5/30/2020,Wind,19,20,4315
11/24/2020,Wind,0,1,1746
12/27/2021,Wind,10,11,8533
10/20/2020,Wind,7,8,10025
6/8/2025,Wind,23,0,2194
2/15/2021,Wind,8,9,10609
3/18/2021,Wind,19,20,3876
5/17/2021,Wind,15,16,15134
1/20/2020,Wind,21,22,5336
4/10/2022,Wind,0,1,1683
10/15/2025,Wind,18,19,5526
1/7/2020,Wind,13,14,4300
8/28/2021,Wind,5,6,3976
12/21/2020,Wind,11,12,12351
10/22/2023,Wind,8,9,6622
9/13/2023,Wind,6,7,1142
3/18/2023,Wind,0,1,6164
11/11/2022,Solar,13,14,6121
8/4/2020,Wind,7,8,1848
9/24/2021,Wind,19,20,811
4/6/2023,Wind,17,18,9974
1/24/2025,Wind,12,13,20266
2/27/2024,Wind,7,8,11863
7/13/2024,Wind,2,3,1314
10/16/2025,Wind,18,19,4569
1/19/2023,Wind,0,1,3941
10/29/2020,Wind,12,13,8304
4/13/2023,Wind,10,11,12488
11/16/2020,Wind,12,13,8614
7/29/2023,Wind,18,19,9214
11/12/2025,Wind,22,23,13981
10/26/2025,Wind,5,6,9488
10/2/2025,Solar,13,14,10562
9/1/2020,Solar,16,17,4322
9/19/2024,Wind,7,8,8099
5/15/2021,Wind,4,5,4140
2/13/2021,Wind,18,19,6179
8/20/2023,Wind,3,4,1018
3/17/2025,Solar,9,10,9414
4/15/2023,Wind,19,20,10025
10/6/2022,Wind,6,7,1907
12/20/2023,Wind,1,2,8716
4/20/2025,Wind,21,22,3971
11/28/2024,Wind,6,7,2505
9/7/2025,Wind,5,6,6061
8/19/2024,Solar,14,15,9521
11/20/2022,Wind,17,18,9046
2/9/2021,Wind,3,4,2115
5/10/2021,Wind,16,17,7215
12/23/2020,Wind,0,1,7054
9/12/2020,Solar,12,13,4331
10/11/2024,Wind,5,6,622
1/21/2024,Wind,16,17,14424
6/30/2023,Wind,15,16,9841
2/17/2023,Wind,2,3,7016
8/3/2023,Wind,15,16,12675
12/28/2023,Wind,20,21,13984
5/10/2020,Wind,12,13,2636
11/3/2025,Wind,18,19,8937
2/3/2025,Wind,21,22,1946
2/24/2024,Wind,0,1,6656
9/6/2020,Wind,0,1,2406
8/19/2020,Wind,14,15,7727
2/22/2021,Wind,20,21,5302
9/6/2021,Solar,11,12,4607
4/5/2024,Wind,7,8,14615
12/24/2020,Wind,7,8,11043
4/11/2023,Wind,21,22,8468
5/6/2025,Wind,23,0,9254
3/10/2023,Wind,19,20,6183
7/27/2024,Solar,13,14,6448
8/15/2022,Wind,9,10,4944
1/24/2024,Wind,8,9,15725
6/11/2024,Wind,6,7,1917
10/5/2024,Wind,20,21,7671
5/22/2020,Wind,6,7,3939
12/31/2021,Wind,0,1,5685
7/26/2025,Wind,4,5,2368
1/25/2020,Solar,11,12,2622
11/30/2021,Wind,8,9,11135
6/2/2022,Wind,20,21,2050
12/12/2024,Wind,21,22,3531
8/25/2024,Solar,16,17,4862
1/2/2020,Wind,12,13,4169
9/7/2023,Wind,5,6,2215
7/17/2023,Wind,21,22,1150
6/4/2025,Solar,11,12,6538
9/12/2022,Wind,23,0,2700
9/16/2020,Wind,0,1,800
4/6/2020,Wind,14,15,6087
3/6/2022,Wind,21,22,7693
12/20/2022,Wind,5,6,13622
3/19/2023,Wind,18,19,3522
5/14/2021,Wind,22,23,3321
3/19/2022,Wind,20,21,9623
4/15/2023,Wind,11,12,12042
11/10/2020,Wind,0,1,1153
10/8/2025,Wind,4,5,584
7/29/2025,Wind,19,20,5792
10/8/2021,Wind,2,3,3432
3/11/2022,Wind,18,19,10430
10/7/2025,Solar,17,18,3781
2/26/2025,Wind,16,17,15275
1/27/2023,Wind,20,21,7462
7/4/2024,Wind,1,2,6505
8/27/2025,Wind,5,6,2086
4/13/2020,Wind,3,4,3469
11/3/2020,Wind,0,1,3597
4/21/2025,Wind,20,21,3158
4/13/2021,Wind,18,19,4444
11/14/2024,Wind,23,0,3238
3/1/2022,Wind,2,3,2865
3/20/2023,Wind,20,21,1690
7/15/2024,Solar,12,13,8737
7/27/2025,Wind,2,3,2172
8/5/2022,Wind,4,5,2957
12/10/2024,Wind,10,11,10560
12/19/2023,Wind,20,21,11260
8/11/2022,Wind,8,9,4398
7/15/2021,Wind,6,7,7253
3/29/2025,Wind,16,17,11249
9/5/2025,Wind,20,21,687
11/11/2025,Wind,7,8,8058
6/18/2024,Solar,17,18,6244
4/4/2020,Wind,0,1,996
3/31/2024,Wind,11,12,10457
8/2/2022,Wind,21,22,957
7/20/2025,Wind,1,2,4506
8/3/2023,Wind,1,2,14771
7/12/2025,Solar,11,12,9607
1/26/2020,Wind,21,22,8371
5/16/2022,Wind,8,9,5803
5/23/2021,Wind,0,1,5905
3/18/2021,Wind,2,3,3524
2/4/2021,Wind,1,2,5125
6/10/2020,Wind,22,23,731
7/9/2023,Solar,18,19,4652
8/13/2023,Wind,5,6,931
3/20/2025,Wind,0,1,6946
8/8/2023,Wind,3,4,1820
7/3/2023,Wind,14,15,11480
9/30/2023,Wind,1,2,663
1/10/2020,Wind,22,23,1571
12/30/2024,Solar,12,13,3281
5/2/2021,Solar,18,19,3016
8/7/2021,Wind,18,19,11586
5/28/2021,Wind,0,1,2572
5/16/2022,Solar,11,12,7699
1/4/2020,Wind,23,0,1931
11/8/2020,Wind,8,9,3916
7/27/2023,Wind,7,8,9065
9/10/2024,Wind,0,1,4683
3/19/2021,Wind,6,7,5907
2/28/2020,Wind,3,4,2643
5/18/2023,Wind,0,1,7850
4/20/2020,Wind,3,4,5296
4/9/2020,Wind,6,7,723
5/3/2025,Solar,13,14,5971
7/30/2025,Wind,3,4,1452
4/28/2020,Wind,4,5,3067
2/26/2023,Wind,21,22,14492
4/11/2021,Wind,14,15,7658
5/8/2024,Solar,14,15,9558
4/8/2020,Wind,8,9,2303
7/4/2021,Wind,4,5,862
1/28/2025,Wind,17,18,19004
11/14/2020,Wind,19,20,11103
7/21/2020,Wind,0,1,4876
10/4/2022,Wind,1,2,1416
8/4/2024,Solar,17,18,6580
1/2/2020,Wind,23,0,6857
7/10/2021,Wind,20,21,2043
2/26/2022,Wind,21,22,9716
11/29/2022,Wind,17,18,1111
6/8/2025,Wind,7,8,8306
4/5/2022,Wind,18,19,8495
3/10/2024,Wind,7,8,2181
8/23/2020,Wind,19,20,4332
11/24/2020,Wind,3,4,1768
7/23/2024,Wind,5,6,5404
5/23/2024,Wind,2,3,2979
4/16/2023,Wind,5,6,5054
6/6/2025,Wind,13,14,7339
1/19/2024,Wind,2,3,2193
12/17/2023,Solar,15,16,3018
3/21/2025,Wind,18,19,8152
9/6/2020,Wind,2,3,1961
12/4/2020,Wind,2,3,12264
7/17/2024,Solar,10,11,6067
10/1/2025,Solar,13,14,10058
3/30/2021,Solar,11,12,4810
5/24/2024,Wind,23,0,703
2/16/2023,Solar,11,12,7999
11/2/2025,Wind,22,23,8643
7/31/2024,Wind,21,22,1578
12/31/2024,Wind,8,9,4218
1/12/2023,Wind,5,6,15968
3/9/2024,Wind,0,1,11075
4/21/2025,Wind,6,7,3806
6/19/2022,Wind,16,17,12018
3/24/2022,Solar,9,10,4911
12/6/2023,Solar,14,15,3145
10/22/2020,Wind,15,16,4372
9/1/2022,Wind,3,4,3514
2/17/2023,Wind,6,7,7645
6/14/2025,Wind,19,20,4111
9/28/2025,Solar,15,16,5298
11/4/2025,Wind,11,12,13899
7/5/2021,Solar,12,13,7806
2/21/2022,Wind,3,4,14976
11/17/2025,Wind,20,21,5188
8/23/2024,Wind,7,8,11855
3/31/2022,Wind,13,14,11938
9/28/2021,Wind,17,18,3222
6/24/2024,Wind,4,5,2733
9/3/2021,Wind,22,23,1704
10/3/2022,Wind,19,20,1114
8/22/2022,Wind,5,6,1373
2/27/2022,Wind,4,5,8949
6/28/2022,Wind,23,0,1723
8/22/2025,Wind,0,1,6431
5/5/2023,Solar,18,19,4662
3/19/2022,Wind,13,14,12710
4/18/2021,Solar,9,10,3757
7/11/2025,Solar,17,18,11291
9/4/2025,Wind,19,20,8069
10/21/2022,Wind,14,15,9441
7/27/2020,Wind,10,11,6801
7/9/2020,Wind,16,17,7247
6/19/2023,Solar,16,17,4302
8/13/2020,Wind,7,8,1791
9/21/2023,Wind,23,0,7242
7/25/2022,Wind,10,11,8474
11/27/2023,Wind,18,19,11622
4/9/2022,Solar,10,11,5360
11/2/2022,Wind,5,6,6705
8/17/2022,Wind,5,6,1436
4/20/2021,Wind,7,8,703
8/15/2024,Wind,6,7,1268
7/11/2022,Wind,6,7,3830
7/2/2022,Wind,2,3,670
5/24/2021,Wind,5,6,8343
2/24/2023,Wind,9,10,5199
4/14/2021,Wind,15,16,9278
4/12/2025,Wind,22,23,8931
12/22/2022,Wind,10,11,12428
1/18/2024,Wind,2,3,7810
5/31/2024,Wind,16,17,7089
9/9/2021,Wind,13,14,5141
4/13/2025,Wind,12,13,4906
3/23/2024,Wind,22,23,9137
2/26/2025,Wind,23,0,8535
8/3/2022,Wind,0,1,1047
4/7/2025,Wind,22,23,5598
9/15/2021,Solar,12,13,3974
3/26/2023,Wind,3,4,9201
2/19/2020,Wind,5,6,8999
9/14/2020,Wind,9,10,3828
7/23/2022,Wind,23,0,1099
6/4/2021,Wind,8,9,2095
4/12/2020,Wind,2,3,748
1/2/2021,Wind,3,4,1281
5/16/2025,Wind,20,21,7218
1/28/2024,Wind,5,6,8152
10/2/2021,Wind,16,17,14843
9/18/2020,Wind,10,11,5286
11/24/2020,Wind,21,22,6481
12/21/2022,Wind,12,13,10235
7/19/2021,Wind,2,3,5773
6/29/2022,Solar,10,11,5357
12/22/2023,Wind,12,13,19987
12/4/2024,Solar,12,13,6363
2/21/2021,Wind,13,14,8829
6/20/2022,Wind,2,3,5728
11/19/2020,Wind,23,0,3854
11/10/2025,Wind,13,14,12666
12/20/2024,Wind,8,9,5569
5/11/2025,Solar,12,13,3967
11/18/2024,Wind,2,3,8530
3/3/2025,Solar,11,12,8311
12/28/2021,Wind,22,23,12013
10/31/2021,Wind,4,5,6221
12/5/2020,Wind,21,22,5385
5/12/2024,Wind,8,9,4245
4/15/2022,Wind,22,23,5750
12/22/2024,Wind,9,10,19398
2/5/2021,Wind,14,15,3021
7/12/2022,Solar,14,15,6997
6/15/2020,Wind,23,0,2022
10/23/2023,Wind,9,10,8658
2/2/2023,Wind,8,9,6057
7/28/2024,Solar,14,15,5654
10/9/2024,Wind,13,14,12421
2/15/2023,Solar,10,11,6270
11/18/2021,Solar,14,15,3326
6/28/2022,Wind,19,20,3348
1/12/2024,Wind,1,2,6624
6/16/2020,Wind,5,6,1461
7/7/2020,Wind,7,8,1906
9/12/2022,Solar,10,11,4987
6/6/2023,Solar,14,15,8282
12/31/2023,Wind,16,17,17690
2/22/2025,Wind,3,4,10776
2/12/2020,Wind,23,0,5618
7/27/2025,Wind,4,5,1887
10/28/2023,Wind,8,9,12258
5/22/2025,Solar,14,15,6175
12/23/2024,Wind,2,3,17302
8/17/2025,Wind,22,23,7604
4/23/2024,Wind,3,4,4610
3/26/2021,Wind,17,18,9646
12/4/2021,Wind,15,16,12295
2/12/2021,Wind,15,16,9320
8/8/2023,Wind,21,22,2130
1/20/2021,Wind,0,1,11737
8/15/2025,Solar,9,10,6084
3/31/2025,Wind,6,7,5157
11/11/2022,Wind,2,3,2683
7/9/2022,Wind,18,19,8525
9/5/2023,Wind,0,1,7414
11/19/2022,Solar,10,11,4418
10/23/2023,Wind,17,18,5596
1/13/2023,Wind,1,2,13913
4/21/2020,Wind,23,0,4642
12/19/2020,Wind,11,12,10820
1/6/2021,Wind,6,7,1187
6/12/2025,Wind,3,4,6737
6/1/2020,Solar,16,17,4570
12/29/2020,Wind,22,23,3005
3/8/2023,Wind,9,10,13908
2/19/2020,Wind,2,3,11122
7/30/2023,Wind,20,21,7195
1/23/2025,Wind,6,7,5894
5/11/2025,Wind,19,20,4469
7/15/2020,Wind,18,19,3632
4/23/2021,Wind,16,17,8565
7/2/2023,Wind,18,19,6804
4/13/2022,Wind,22,23,1032
12/14/2021,Wind,23,0,1053
1/22/2021,Wind,18,19,4478
12/30/2024,Solar,14,15,2676
1/19/2020,Wind,7,8,5048
1/8/2021,Wind,0,1,1507
8/3/2023,Wind,12,13,13262
10/25/2025,Wind,4,5,13923
5/13/2023,Wind,7,8,4856
7/21/2023,Wind,22,23,3097
10/3/2024,Wind,1,2,4843
3/30/2023,Wind,23,0,12402
7/8/2022,Solar,12,13,8283
8/18/2021,Wind,1,2,2488
6/29/2023,Wind,5,6,748
5/28/2021,Wind,23,0,3329
5/11/2024,Wind,7,8,4906
4/8/2022,Wind,19,20,9607
7/27/2025,Wind,21,22,4242
10/14/2023,Solar,11,12,5525
10/12/2020,Solar,11,12,3848
1/18/2025,Wind,23,0,1679
5/31/2023,Wind,12,13,12628
9/21/2021,Solar,16,17,4522
11/21/2023,Wind,21,22,6769
4/12/2024,Solar,12,13,8049
3/17/2024,Wind,9,10,6278
4/5/2024,Wind,4,5,10352
11/1/2022,Wind,20,21,12061
5/27/2024,Wind,21,22,2538
7/15/2021,Wind,4,5,7756
3/5/2024,Wind,15,16,8619
10/10/2025,Solar,13,14,9343
6/21/2023,Solar,11,12,4377
10/29/2023,Wind,10,11,15308
5/21/2020,Solar,17,18,2989
6/10/2023,Wind,0,1,3204
8/20/2025,Wind,4,5,3073
4/16/2024,Wind,0,1,13826
3/5/2025,Solar,17,18,3558
11/15/2025,Solar,14,15,5714
3/12/2022,Wind,21,22,9414
6/4/2024,Wind,3,4,456
7/28/2020,Wind,17,18,6769
11/6/2021,Wind,21,22,6134
4/25/2025,Wind,1,2,3293
7/25/2021,Wind,5,6,2988
11/1/2022,Wind,12,13,15812
11/10/2024,Wind,19,20,1932
4/19/2021,Wind,5,6,1278
3/29/2021,Solar,11,12,5469
3/12/2021,Wind,4,5,9635
6/7/2025,Wind,23,0,12317
9/2/2023,Wind,22,23,4625
10/27/2023,Wind,20,21,9132
8/10/2021,Wind,22,23,590
9/29/2021,Wind,8,9,7118
5/31/2022,Wind,18,19,5487
6/25/2021,Wind,4,5,1451
5/27/2022,Solar,11,12,6179
3/3/2024,Wind,22,23,5144
12/7/2022,Wind,2,3,2507
8/17/2021,Wind,21,22,3684
3/24/2020,Wind,16,17,6133
10/12/2025,Wind,18,19,5244
7/24/2023,Wind,17,18,11156
7/8/2024,Solar,11,12,8159
7/16/2022,Solar,14,15,8810
4/1/2024,Wind,1,2,4949
1/14/2024,Wind,18,19,1253
1/8/2020,Wind,13,14,4927
11/12/2021,Wind,4,5,1575
11/19/2024,Wind,13,14,20597
8/17/2020,Wind,2,3,1750
6/11/2023,Wind,19,20,4575
8/21/2025,Wind,20,21,7365
8/26/2021,Wind,4,5,2542
9/10/2020,Wind,19,20,1247
7/13/2021,Wind,23,0,5065
4/5/2022,Wind,19,20,7386
6/13/2020,Wind,1,2,3366
10/18/2023,Wind,17,18,14535
8/22/2020,Wind,10,11,9129
8/3/2021,Wind,2,3,1153
7/23/2023,Wind,17,18,12004
7/2/2021,Solar,8,9,1628
6/3/2022,Solar,15,16,5923
12/4/2021,Wind,8,9,8370
10/9/2023,Solar,14,15,6407
9/15/2021,Solar,11,12,3648
6/18/2021,Wind,7,8,3517
9/10/2025,Wind,1,2,3815
4/11/2020,Solar,9,10,2530
1/26/2024,Wind,1,2,7990
3/27/2025,Wind,4,5,3169
9/21/2025,Wind,6,7,3184
7/13/2024,Solar,20,21,1101
11/14/2021,Wind,3,4,2421
7/1/2022,Wind,23,0,863
7/10/2023,Wind,3,4,1054
11/23/2022,Wind,20,21,12891
12/12/2024,Wind,15,16,3478
4/27/2025,Wind,19,20,2748
1/17/2023,Wind,16,17,4665
4/3/2022,Wind,1,2,5119
10/18/2020,Wind,4,5,672
10/11/2021,Wind,17,18,4388
11/16/2023,Wind,16,17,13386
3/9/2025,Wind,3,4,9672
12/31/2022,Wind,12,13,17332
8/16/2023,Solar,13,14,6675
1/6/2021,Wind,19,20,495
2/8/2025,Wind,9,10,8261
9/26/2022,Wind,7,8,6086
11/10/2025,Wind,0,1,6004
2/1/2020,Wind,18,19,10703
4/22/2022,Wind,18,19,4256
1/24/2023,Wind,21,22,2611
5/5/2025,Wind,7,8,9361
5/8/2020,Solar,12,13,4778
6/16/2021,Solar,8,9,2085
2/16/2020,Wind,22,23,11230
7/4/2023,Solar,10,11,5603
10/26/2023,Wind,15,16,6529
2/28/2024,Wind,3,4,3223
11/29/2022,Solar,10,11,2249
1/6/2020,Wind,20,21,6469
11/9/2025,Wind,4,5,2430
5/12/2024,Wind,6,7,3904
4/30/2021,Wind,22,23,1359
8/27/2023,Wind,4,5,2263
7/27/2024,Solar,9,10,3124
9/26/2025,Solar,12,13,5213
4/1/2022,Wind,3,4,9699
5/12/2020,Wind,12,13,5747
10/7/2024,Wind,16,17,7311
6/30/2022,Solar,13,14,4931
9/20/2024,Wind,20,21,3245
8/10/2024,Solar,16,17,4012
4/30/2023,Wind,4,5,3814
1/23/2025,Wind,5,6,6304
12/3/2022,Wind,12,13,6285
4/24/2025,Wind,7,8,2699
10/2/2025,Wind,18,19,2959
8/9/2020,Solar,11,12,3372
7/10/2020,Wind,19,20,4171
12/26/2023,Wind,4,5,7229
4/28/2024,Wind,0,1,10556
10/12/2024,Wind,13,14,6790
11/25/2022,Wind,16,17,3351
1/14/2023,Wind,15,16,17545
11/8/2022,Wind,20,21,11901
8/29/2024,Wind,19,20,2703
3/16/2025,Wind,9,10,9888
1/19/2020,Wind,3,4,4619
3/13/2025,Wind,0,1,2661
4/4/2024,Wind,19,20,8108
12/5/2023,Wind,18,19,6714
1/16/2020,Wind,6,7,4609
10/15/2025,Wind,19,20,5080
6/3/2020,Solar,16,17,3604
5/11/2024,Wind,8,9,5428
9/25/2020,Wind,7,8,10168
10/5/2022,Wind,10,11,9771
7/2/2024,Wind,4,5,2631
4/21/2023,Wind,20,21,2543
12/5/2024,Wind,8,9,14145
8/7/2025,Solar,18,19,5653
4/5/2020,Wind,11,12,7848
1/26/2024,Wind,4,5,9936
9/3/2023,Solar,14,15,9204
4/12/2022,Wind,22,23,2275
12/29/2020,Wind,13,14,5165
9/8/2023,Solar,9,10,3666
4/26/2024,Solar,13,14,6436
4/14/2024,Solar,15,16,4067
9/7/2020,Solar,13,14,5438
2/18/2022,Wind,21,22,13040
5/21/2020,Wind,5,6,1502
5/4/2020,Solar,14,15,5337
6/10/2023,Solar,9,10,4098
4/3/2024,Wind,11,12,15839
5/23/2020,Wind,7,8,3360
9/4/2020,Wind,7,8,1232
10/7/2020,Wind,12,13,8717
12/2/2023,Wind,5,6,3249
6/28/2024,Solar,16,17,6716
8/22/2021,Wind,21,22,3345
2/17/2023,Wind,9,10,9868
2/16/2022,Wind,13,14,16745
12/3/2022,Wind,2,3,6803
4/8/2021,Solar,14,15,5202
1/5/2025,Wind,15,16,19348
10/8/2024,Wind,8,9,10350
2/12/2022,Wind,6,7,4558
7/7/2023,Wind,5,6,4486
7/14/2020,Wind,21,22,2101
12/9/2022,Wind,20,21,2064
7/5/2022,Wind,0,1,3667
11/20/2021,Wind,18,19,210
2/9/2023,Wind,8,9,1322
3/1/2025,Wind,23,0,10187
7/25/2023,Wind,9,10,7186
12/25/2024,Solar,10,11,2874
5/8/2024,Wind,7,8,5427
10/3/2021,Wind,15,16,8606
4/18/2024,Wind,23,0,3786
11/4/2023,Wind,7,8,15504
5/25/2022,Wind,22,23,5875
1/22/2022,Wind,20,21,2136
8/18/2022,Solar,13,14,5355
8/14/2025,Solar,9,10,4159
1/1/2023,Wind,9,10,11283
1/20/2024,Wind,18,19,4846
11/17/2021,Wind,18,19,1887
9/29/2020,Wind,2,3,2642
8/8/2020,Wind,23,0,2390
1/18/2024,Wind,18,19,4246
10/18/2024,Wind,0,1,4798
6/27/2025,Wind,22,23,1584
2/11/2025,Wind,8,9,3812
8/25/2023,Wind,16,17,9893
12/2/2021,Wind,5,6,6952
1/25/2022,Wind,7,8,328
9/26/2022,Wind,14,15,15890
12/17/2022,Wind,16,17,2347
2/21/2020,Wind,8,9,4193
9/13/2021,Wind,19,20,1554
7/12/2020,Solar,14,15,5689
5/29/2023,Wind,9,10,9264
8/30/2024,Wind,4,5,2456
7/28/2021,Wind,14,15,10176
3/29/2023,Wind,5,6,4271
5/11/2021,Wind,19,20,6405
1/9/2025,Wind,15,16,10749
1/5/2022,Wind,2,3,7802
8/26/2024,Wind,23,0,2045
2/19/2023,Solar,14,15,7077
6/23/2025,Wind,18,19,12740
8/4/2020,Wind,19,20,2445
2/11/2023,Wind,8,9,2391
9/16/2022,Wind,6,7,1953
10/13/2025,Wind,3,4,6119
7/3/2025,Wind,0,1,5539
12/7/2022,Wind,23,0,1410
2/10/2024,Wind,3,4,4487
7/9/2021,Wind,3,4,1208
2/16/2025,Wind,0,1,4574
11/24/2024,Wind,10,11,21544
12/11/2024,Wind,19,20,5916
5/20/2025,Wind,21,22,5566
1/21/2022,Wind,9,10,5002
1/30/2025,Wind,7,8,5813
1/29/2021,Wind,17,18,12983
4/19/2024,Wind,5,6,9003
12/1/2020,Wind,12,13,8412
2/19/2024,Wind,3,4,4002
9/21/2023,Wind,13,14,6474
3/17/2025,Wind,2,3,5489
8/2/2024,Wind,18,19,7412
7/15/2020,Wind,3,4,1451
10/15/2022,Wind,16,17,8245
5/11/2025,Solar,10,11,3050
1/21/2025,Solar,13,14,5754
8/2/2023,Wind,8,9,15356
10/6/2025,Wind,19,20,2272
3/22/2024,Solar,16,17,7952
4/4/2021,Wind,2,3,6551
11/8/2022,Wind,6,7,13306
9/19/2023,Wind,9,10,7887
5/5/2022,Solar,16,17,6137
3/16/2021,Wind,3,4,3759
3/18/2023,Wind,21,22,4032
1/4/2023,Wind,19,20,13392
1/5/2021,Wind,19,20,1794
12/7/2020,Wind,22,23,3434
4/24/2024,Wind,15,16,11510
4/27/2025,Solar,16,17,3352
10/16/2021,Wind,7,8,1545
4/17/2022,Wind,9,10,6232
11/15/2022,Wind,10,11,10920
1/6/2021,Wind,1,2,1467
6/9/2020,Solar,11,12,4734
3/14/2023,Wind,17,18,10320
1/31/2021,Wind,17,18,5433
1/28/2021,Wind,22,23,9207
2/14/2023,Wind,20,21,4137
8/29/2024,Solar,10,11,5199
10/3/2022,Solar,13,14,5084
2/23/2022,Solar,10,11,3903
8/24/2025,Wind,7,8,3233
2/6/2021,Wind,12,13,3255
4/29/2023,Solar,15,16,4800
4/22/2023,Wind,4,5,4492
5/24/2020,Solar,13,14,5849
2/7/2023,Wind,16,17,6303
7/6/2022,Wind,3,4,3439
11/25/2023,Wind,22,23,3662
12/9/2022,Wind,14,15,3163
12/15/2020,Wind,0,1,5961
3/10/2022,Wind,21,22,6888
6/15/2024,Wind,16,17,10230
10/27/2025,Wind,10,11,20785
7/2/2020,Wind,23,0,3158
9/21/2021,Wind,18,19,2741
4/3/2022,Wind,20,21,1788
1/4/2025,Wind,22,23,10639
9/6/2021,Solar,16,17,4649
1/12/2022,Wind,10,11,3948
3/3/2023,Wind,17,18,5441
11/21/2021,Wind,12,13,3618
7/28/2022,Wind,20,21,1737
1/28/2023,Wind,21,22,2799
12/22/2024,Wind,11,12,19928
3/12/2024,Wind,3,4,4768
11/11/2022,Wind,17,18,2888
11/7/2024,Wind,21,22,3242
6/27/2024,Wind,3,4,839
11/23/2020,Solar,14,15,2374
6/19/2025,Wind,22,23,6052
8/7/2024,Wind,2,3,1802
7/5/2020,Wind,15,16,10632
5/27/2023,Solar,11,12,8746
4/21/2021,Wind,5,6,1068
9/15/2024,Wind,20,21,3333
7/1/2025,Wind,6,7,1421
9/9/2024,Wind,9,10,9339
9/12/2021,Solar,10,11,3552
1/13/2022,Wind,4,5,2645
7/23/2025,Wind,1,2,1307
8/27/2023,Wind,2,3,1781
2/19/2024,Wind,6,7,3287
6/16/2022,Solar,16,17,5124
9/11/2025,Wind,3,4,10615
6/27/2021,Wind,23,0,748
6/13/2025,Wind,6,7,2429
12/10/2020,Wind,9,10,4988
11/29/2022,Wind,20,21,1194
11/13/2021,Wind,4,5,5812
7/22/2025,Wind,16,17,13809
2/21/2024,Wind,23,0,15375
8/7/2021,Wind,21,22,9544
11/24/2023,Wind,10,11,9941
6/3/2021,Wind,19,20,1771
12/2/2020,Wind,20,21,2043
4/29/2023,Wind,7,8,1622
4/16/2021,Solar,11,12,7807
2/13/2020,Wind,13,14,13233
11/21/2021,Wind,13,14,3948
12/18/2023,Wind,3,4,2101
6/1/2020,Solar,10,11,4181
7/24/2025,Solar,15,16,9540
6/24/2023,Solar,13,14,8820
3/7/2022,Wind,12,13,10894
10/21/2021,Wind,1,2,13513
2/11/2024,Wind,1,2,9448
9/7/2023,Solar,17,18,4368
11/25/2023,Wind,13,14,10661
10/2/2020,Wind,14,15,6441
1/5/2022,Wind,10,11,6918
3/28/2022,Wind,19,20,1643
9/1/2020,Wind,8,9,1448
9/19/2025,Solar,16,17,10145
11/3/2023,Wind,11,12,10759
11/25/2020,Wind,19,20,3453
10/1/2022,Wind,1,2,13589
8/2/2021,Wind,0,1,1434
8/8/2020,Solar,10,11,2968
9/14/2022,Wind,3,4,1861
5/31/2021,Wind,8,9,3833
12/27/2023,Wind,15,16,12667
8/1/2024,Wind,19,20,4264
4/4/2023,Wind,19,20,4139
5/3/2024,Wind,0,1,9022
9/15/2024,Wind,22,23,4322
9/13/2021,Wind,6,7,1809
12/7/2021,Wind,18,19,13600
11/30/2023,Wind,4,5,1780
3/10/2022,Wind,1,2,6777
3/30/2022,Solar,11,12,2186
8/9/2022,Wind,3,4,6466
5/4/2023,Wind,17,18,9901
12/13/2023,Wind,10,11,6869
9/29/2022,Solar,13,14,4400
8/28/2024,Solar,13,14,10829
9/17/2024,Wind,8,9,10111
1/6/2020,Wind,11,12,5665
9/7/2022,Wind,16,17,6353
10/21/2022,Wind,2,3,7894
5/26/2021,Wind,19,20,4996
6/26/2022,Wind,4,5,1831
7/13/2025,Wind,20,21,3952
6/29/2024,Wind,7,8,4387
11/8/2024,Solar,14,15,4482
7/11/2022,Solar,10,11,7469
1/10/2022,Wind,6,7,1005
3/21/2025,Wind,0,1,7350
2/15/2023,Solar,13,14,6445
4/17/2025,Wind,1,2,2336
2/15/2025,Wind,1,2,7209
9/28/2020,Wind,18,19,4748
6/30/2021,Wind,4,5,2097
7/20/2022,Wind,6,7,2316
4/22/2020,Wind,2,3,5000
9/23/2021,Wind,20,21,1171
2/27/2020,Wind,0,1,5262
3/26/2021,Wind,20,21,8311
1/13/2020,Wind,8,9,3845
9/22/2025,Wind,23,0,8892
1/13/2023,Wind,8,9,14537
7/16/2024,Wind,6,7,7743
6/4/2024,Wind,18,19,7459
11/2/2020,Wind,22,23,4458
10/7/2022,Solar,11,12,4853
2/24/2022,Wind,17,18,12191
11/27/2021,Wind,6,7,7605
8/7/2020,Solar,9,10,2665
7/10/2022,Wind,2,3,5201
7/13/2021,Wind,1,2,3421
5/1/2025,Wind,2,3,5525
11/30/2025,Wind,5,6,4365
12/25/2020,Wind,6,7,6272
4/19/2021,Solar,11,12,4484
3/29/2024,Wind,22,23,5301
7/29/2023,Wind,8,9,5340
6/5/2022,Wind,4,5,1412
8/11/2021,Wind,6,7,508
11/27/2022,Wind,12,13,8438
6/11/2025,Solar,8,9,5524
6/1/2023,Solar,11,12,8686
10/14/2022,Wind,9,10,5617
5/7/2025,Solar,13,14,11508
3/30/2022,Solar,14,15,3152
3/13/2025,Solar,15,16,5712
9/23/2021,Solar,15,16,5575
2/4/2020,Wind,4,5,10605
5/14/2021,Wind,19,20,5623
5/30/2022,Wind,2,3,4110
1/30/2021,Wind,6,7,5748
6/20/2024,Wind,7,8,4284
8/7/2025,Solar,19,20,3099
8/24/2024,Wind,3,4,6102
9/15/2022,Wind,7,8,1704
7/6/2020,Wind,1,2,6827
8/28/2022,Wind,6,7,3890
9/14/2020,Solar,12,13,4786
5/24/2024,Wind,22,23,645
8/8/2025,Wind,6,7,1464
7/10/2020,Wind,10,11,5130
1/17/2020,Wind,18,19,7402
7/17/2024,Solar,18,19,4046
1/2/2023,Wind,7,8,6552
2/14/2021,Wind,0,1,7245
7/26/2025,Wind,5,6,2295
10/23/2020,Wind,10,11,2714
7/3/2024,Wind,1,2,1771
11/12/2024,Wind,22,23,8223
11/12/2025,Wind,17,18,13595
4/26/2024,Wind,19,20,3091
12/20/2023,Wind,11,12,9752
4/4/2024,Wind,20,21,7001
3/18/2025,Wind,20,21,10105
4/14/2020,Wind,18,19,6515
3/2/2020,Wind,23,0,8448
1/11/2020,Wind,7,8,3308
2/10/2022,Wind,19,20,3020
10/13/2024,Wind,4,5,3330
1/16/2024,Wind,0,1,2197
9/10/2020,Solar,17,18,2293
8/25/2025,Wind,8,9,3906
3/5/2024,Wind,16,17,6764
8/23/2022,Wind,7,8,1085
7/17/2021,Wind,18,19,6467
4/27/2025,Solar,11,12,3596
2/27/2020,Wind,18,19,10596
11/6/2024,Wind,7,8,292
11/22/2024,Wind,14,15,15122
11/19/2024,Wind,21,22,11992
5/26/2021,Wind,1,2,5335
11/29/2021,Wind,12,13,4389
4/9/2023,Wind,3,4,3548
5/20/2024,Solar,11,12,5874
9/6/2021,Solar,9,10,2723
12/16/2020,Wind,23,0,7220
6/11/2021,Solar,11,12,4809
3/15/2024,Wind,4,5,9923
2/20/2023,Wind,2,3,3288
5/2/2025,Wind,18,19,4524
4/30/2021,Wind,7,8,1408
8/30/2024,Wind,23,0,5577
9/30/2021,Wind,7,8,1829
2/13/2024,Wind,9,10,7108
1/10/2023,Wind,4,5,7471
5/20/2023,Wind,6,7,6415
9/1/2023,Wind,22,23,1142
6/6/2024,Solar,15,16,8506
7/13/2025,Solar,12,13,9654
10/18/2021,Wind,16,17,5039
3/1/2021,Wind,5,6,4453
3/18/2023,Wind,13,14,11176
10/21/2020,Wind,15,16,14758
3/2/2020,Wind,13,14,7175
6/30/2023,Wind,1,2,2631
4/19/2022,Solar,9,10,2972
7/25/2020,Wind,6,7,1509
11/3/2021,Wind,2,3,3878
9/20/2024,Wind,22,23,3712
7/6/2020,Wind,10,11,7270
6/18/2023,Wind,7,8,2716
4/22/2024,Solar,11,12,11915
10/31/2022,Wind,2,3,1886
12/8/2022,Wind,19,20,2320
2/19/2021,Wind,8,9,6408
7/4/2024,Wind,7,8,7653
8/12/2022,Solar,18,19,4606
6/22/2020,Wind,5,6,1871
5/14/2022,Wind,19,20,1781
3/14/2022,Wind,23,0,5813
4/28/2021,Solar,9,10,1431
2/22/2020,Wind,18,19,8683
11/1/2024,Solar,9,10,3028
8/31/2025,Wind,20,21,3822
8/21/2024,Solar,10,11,7369
11/10/2023,Wind,6,7,13482
5/4/2025,Wind,7,8,5384
9/21/2024,Solar,13,14,4430
3/19/2020,Wind,5,6,1145
10/2/2020,Wind,8,9,9401
9/25/2022,Wind,17,18,4472
8/25/2022,Wind,19,20,4858
8/10/2023,Wind,8,9,3790
9/21/2024,Wind,3,4,3321
1/22/2022,Wind,3,4,3202
11/9/2023,Wind,8,9,9159
11/25/2024,Wind,0,1,18407
7/8/2023,Wind,3,4,4740
9/11/2025,Wind,4,5,10679
7/15/2023,Wind,3,4,6810
11/3/2021,Wind,20,21,3050
11/23/2025,Wind,6,7,9347
5/18/2021,Wind,14,15,5821
2/4/2024,Wind,10,11,8994
7/16/2020,Wind,0,1,1763
7/3/2020,Wind,2,3,3011
3/4/2024,Solar,12,13,9667
10/15/2020,Wind,11,12,6069
1/25/2023,Wind,22,23,1037
2/4/2023,Wind,17,18,2961
2/3/2023,Wind,19,20,5209
2/24/2025,Wind,14,15,13295
11/11/2025,Wind,21,22,14313
5/7/2025,Wind,14,15,11125
6/18/2024,Solar,15,16,7585
4/13/2021,Solar,11,12,6733
1/6/2024,Wind,14,15,9159
1/19/2020,Wind,2,3,4247
6/1/2021,Wind,2,3,5282
5/28/2023,Wind,16,17,6446
9/19/2025,Solar,13,14,12989
8/17/2025,Wind,6,7,5923
8/29/2023,Solar,12,13,6385
8/13/2020,Wind,23,0,2213
8/30/2021,Wind,7,8,3173
7/26/2020,Wind,0,1,4306
2/25/2023,Wind,2,3,3671
8/16/2025,Wind,9,10,8918
7/15/2024,Wind,15,16,10900
3/6/2020,Wind,1,2,11303
9/2/2023,Wind,7,8,2084
1/21/2022,Solar,13,14,6900
5/6/2023,Wind,4,5,1719
9/21/2023,Wind,15,16,8784
7/17/2025,Solar,13,14,9602
10/5/2023,Solar,13,14,6634
6/13/2023,Wind,3,4,3141
1/8/2023,Wind,1,2,12173
12/10/2020,Wind,4,5,5097
3/21/2023,Wind,13,14,8403
4/25/2022,Solar,14,15,7151
9/14/2025,Wind,1,2,4414
9/29/2024,Wind,1,2,1277
2/6/2025,Wind,18,19,11486
12/20/2022,Wind,11,12,11990
11/26/2024,Wind,8,9,6210
3/13/2023,Wind,16,17,16408
9/3/2025,Wind,10,11,18721
11/9/2024,Wind,3,4,1300
2/23/2020,Wind,19,20,9881
8/3/2020,Wind,20,21,4530
11/3/2021,Wind,6,7,3960
12/10/2022,Solar,14,15,3935
11/22/2024,Wind,11,12,15569
6/15/2020,Wind,0,1,2040
2/22/2021,Wind,3,4,6815
1/28/2025,Wind,13,14,20885
6/5/2022,Wind,14,15,8904
7/30/2022,Wind,20,21,2584
7/29/2021,Wind,21,22,965
9/7/2023,Solar,18,19,2452
11/11/2023,Wind,1,2,6863
3/21/2020,Wind,5,6,7494
10/19/2020,Wind,4,5,1525
3/15/2024,Wind,9,10,14005
2/25/2022,Wind,5,6,7242
5/11/2025,Wind,21,22,3052
4/4/2023,Solar,13,14,11558
2/27/2022,Wind,21,22,6470
6/23/2025,Wind,2,3,5291
10/8/2020,Wind,4,5,6790
7/3/2023,Wind,17,18,11708
2/6/2023,Wind,20,21,7870
3/30/2023,Wind,13,14,18316
5/16/2020,Wind,20,21,3193
10/3/2023,Wind,14,15,9033
11/20/2020,Wind,19,20,2773
8/15/2020,Wind,5,6,384
6/21/2024,Wind,8,9,2878
12/2/2021,Wind,2,3,5934
12/19/2020,Wind,13,14,9422
4/10/2021,Wind,9,10,5393
12/25/2022,Wind,18,19,9466
7/19/2023,Wind,4,5,2823
5/14/2024,Wind,17,18,6999
5/23/2020,Wind,13,14,7862
10/3/2021,Wind,23,0,5964
1/29/2024,Wind,13,14,8687
10/15/2021,Wind,19,20,1124
6/12/2021,Wind,7,8,1829
9/22/2020,Wind,1,2,894
10/19/2021,Wind,10,11,8475
11/7/2022,Wind,17,18,8246
8/21/2023,Wind,1,2,2603
4/8/2022,Wind,23,0,6694
11/10/2020,Solar,12,13,2552
8/30/2025,Wind,8,9,5384
9/26/2020,Wind,10,11,11643
9/3/2024,Wind,23,0,1253
3/10/2025,Wind,6,7,2663
2/16/2023,Wind,3,4,3980
3/11/2020,Wind,15,16,11361
12/27/2023,Wind,8,9,9035
10/15/2021,Solar,15,16,4028
10/14/2021,Wind,1,2,1908
3/11/2022,Wind,19,20,10317
3/8/2021,Wind,5,6,3070
10/23/2025,Wind,19,20,17992
8/22/2021,Wind,6,7,3212
6/19/2022,Solar,12,13,9444
1/2/2022,Wind,4,5,6918
12/17/2020,Wind,3,4,5845
3/8/2020,Wind,0,1,7440
5/22/2020,Wind,23,0,1663
8/1/2023,Wind,10,11,11387
11/12/2024,Wind,20,21,9661
6/26/2022,Solar,14,15,4430
5/13/2025,Wind,20,21,1684
10/12/2021,Wind,17,18,5195
3/26/2021,Wind,8,9,5079
6/20/2024,Wind,18,19,3344
3/3/2020,Wind,21,22,3260
11/18/2022,Wind,13,14,7173
3/14/2021,Wind,8,9,10637
11/17/2025,Wind,22,23,4027
6/25/2021,Wind,0,1,2162
5/16/2021,Wind,14,15,10947
9/22/2025,Wind,8,9,9995
2/17/2022,Wind,13,14,16410
1/8/2025,Wind,11,12,9828
3/8/2021,Wind,3,4,2869
4/8/2025,Solar,15,16,8550
9/25/2022,Wind,9,10,3647
6/17/2022,Solar,11,12,6029
2/24/2024,Wind,12,13,15371
11/7/2021,Wind,21,22,3223
8/23/2025,Wind,21,22,2569
3/1/2022,Wind,21,22,2721
4/3/2021,Wind,13,14,14891
2/13/2021,Wind,17,18,6349
12/26/2023,Wind,6,7,9160
3/13/2022,Wind,9,10,9151
6/22/2024,Wind,1,2,5101
1/15/2025,Solar,13,14,6285
8/14/2022,Wind,16,17,7767
9/13/2021,Wind,21,22,2957
6/4/2020,Wind,14,15,5751
10/6/2022,Wind,19,20,459
12/19/2022,Wind,4,5,12566
3/4/2022,Wind,9,10,4002
5/23/2023,Wind,9,10,8084
10/12/2025,Wind,2,3,5142
4/2/2022,Wind,5,6,9702
3/7/2022,Wind,16,17,9049
11/23/2022,Wind,6,7,8193
1/24/2022,Solar,11,12,4385
1/31/2021,Wind,2,3,4875
10/22/2025,Solar,13,14,7336
9/26/2024,Wind,6,7,12407
8/17/2025,Solar,17,18,9585
5/10/2023,Wind,3,4,7707
3/21/2021,Wind,15,16,8663
1/2/2020,Wind,21,22,6813
7/5/2023,Wind,13,14,12672
7/10/2022,Wind,21,22,4249
11/19/2022,Wind,19,20,3365
2/23/2024,Wind,0,1,15206
6/3/2021,Wind,22,23,1289
4/17/2021,Wind,11,12,8185
5/15/2024,Solar,18,19,4141
10/9/2022,Wind,1,2,4252
12/28/2022,Wind,17,18,15714
5/17/2021,Wind,8,9,11934
3/10/2021,Wind,17,18,10787
3/29/2020,Wind,20,21,12637
12/9/2022,Wind,11,12,3573
7/17/2022,Solar,17,18,6303
2/23/2022,Wind,18,19,1715
5/1/2020,Wind,11,12,8478
2/20/2020,Wind,12,13,12752
9/12/2023,Wind,3,4,1028
5/30/2022,Solar,8,9,2738
3/12/2020,Wind,22,23,8034
12/16/2024,Wind,18,19,3165
2/8/2022,Wind,19,20,2613
2/10/2023,Wind,19,20,1779
12/10/2024,Wind,0,1,11211
3/25/2020,Solar,10,11,5257
1/23/2023,Wind,5,6,4215
3/31/2022,Wind,3,4,3308
8/7/2020,Wind,23,0,2007
2/10/2025,Wind,18,19,6846
7/21/2021,Solar,15,16,6031
9/4/2021,Solar,10,11,2823
6/23/2025,Wind,1,2,4846
2/23/2025,Wind,15,16,13530
9/27/2024,Wind,20,21,10616
3/17/2025,Wind,0,1,5188
6/24/2025,Wind,1,2,2704
12/1/2024,Wind,19,20,7486
7/26/2021,Wind,21,22,1779
1/15/2023,Wind,12,13,19266
11/2/2020,Wind,3,4,9919
2/25/2022,Wind,20,21,2846
1/17/2025,Solar,13,14,5413
9/8/2020,Wind,23,0,895
4/12/2021,Wind,18,19,3967
7/27/2021,Wind,0,1,1566
12/17/2020,Wind,0,1,7100
4/9/2023,Wind,0,1,4433
5/1/2022,Solar,16,17,5604
10/23/2023,Wind,15,16,7230
4/6/2024,Wind,16,17,6760
3/25/2021,Wind,23,0,2424
12/29/2020,Wind,11,12,4941
4/9/2020,Wind,3,4,746
6/6/2022,Wind,8,9,3575
5/8/2020,Wind,21,22,2057
2/6/2023,Wind,10,11,7478
3/25/2024,Wind,1,2,1448
6/11/2023,Wind,1,2,1826
1/14/2025,Solar,11,12,6088
2/15/2022,Wind,18,19,13036
2/6/2025,Wind,23,0,12066
12/22/2023,Wind,19,20,15656
7/7/2020,Solar,8,9,2361
7/20/2021,Wind,1,2,4074
12/2/2021,Wind,21,22,4111
10/19/2021,Wind,11,12,8741
2/2/2022,Wind,20,21,2853
8/14/2025,Wind,3,4,2267
5/23/2023,Wind,8,9,6766
4/24/2023,Wind,18,19,6416
8/30/2021,Wind,21,22,5261
11/10/2020,Solar,11,12,2271
10/17/2023,Wind,10,11,6810
8/3/2024,Solar,12,13,8860
9/16/2021,Wind,6,7,631
5/23/2021,Wind,8,9,5138
2/15/2020,Wind,7,8,6365
3/16/2020,Wind,13,14,3587
4/9/2024,Wind,6,7,13710
5/18/2021,Solar,12,13,5550
8/4/2025,Solar,13,14,13010
1/5/2022,Wind,18,19,3791
12/1/2023,Wind,23,0,4345
7/28/2021,Wind,6,7,3178
2/24/2023,Wind,14,15,5858
7/26/2022,Wind,19,20,4218
3/18/2020,Wind,18,19,380
5/18/2025,Wind,7,8,3318
9/30/2023,Wind,8,9,1568
2/20/2020,Wind,8,9,7848
5/16/2022,Wind,20,21,691
5/27/2021,Wind,3,4,1412
2/12/2025,Solar,10,11,3450
9/13/2023,Wind,8,9,1595
6/24/2025,Wind,21,22,1094
8/21/2025,Wind,15,16,11238
9/29/2022,Wind,20,21,1057
5/1/2024,Wind,21,22,5445
12/9/2022,Wind,22,23,1529
11/25/2025,Wind,0,1,9734
10/23/2025,Wind,16,17,15398
3/21/2024,Wind,5,6,2243
5/3/2022,Solar,15,16,5540
1/14/2023,Wind,2,3,8733
10/3/2022,Wind,18,19,1731
10/6/2021,Wind,4,5,8240
1/17/2025,Wind,22,23,1503
7/11/2024,Wind,22,23,3990
2/19/2024,Wind,16,17,9227
3/8/2025,Wind,13,14,14741
10/5/2022,Wind,15,16,14688
11/24/2024,Wind,6,7,18598
5/6/2024,Wind,1,2,2849
4/10/2020,Wind,22,23,3686
7/22/2025,Wind,8,9,9162
10/23/2024,Wind,0,1,1780
11/6/2024,Wind,3,4,148
10/30/2022,Solar,14,15,5627
2/16/2024,Wind,11,12,9141
10/29/2022,Wind,12,13,9218
6/29/2024,Wind,17,18,5896
10/28/2020,Wind,15,16,11856
11/23/2020,Solar,13,14,2770
8/7/2020,Solar,17,18,2939
4/28/2021,Wind,15,16,4461
10/8/2025,Solar,17,18,4242
9/16/2024,Wind,18,19,8604
9/1/2025,Wind,10,11,8188
4/5/2025,Wind,20,21,6463
3/7/2022,Wind,17,18,7396
2/25/2023,Wind,18,19,8199
1/31/2020,Wind,8,9,5824
8/9/2022,Wind,22,23,7621
4/26/2025,Wind,16,17,4158
12/29/2023,Wind,22,23,10568
7/30/2025,Solar,15,16,9183
3/17/2023,Wind,17,18,8029
2/11/2025,Wind,1,2,5637
2/8/2021,Wind,8,9,1234
3/3/2024,Wind,3,4,2805
2/2/2024,Wind,2,3,3042
8/30/2020,Wind,5,6,3412
8/29/2024,Solar,12,13,6094
11/8/2020,Wind,5,6,4481
2/25/2024,Wind,10,11,11356
11/30/2023,Wind,20,21,1743
11/3/2022,Wind,14,15,10359
1/29/2023,Wind,16,17,2807
3/24/2025,Wind,17,18,3751
3/10/2024,Solar,11,12,4489
7/22/2022,Wind,19,20,2905
2/9/2024,Wind,19,20,9829
12/19/2024,Wind,11,12,17655
1/7/2024,Wind,5,6,7382
12/3/2020,Wind,20,21,12392
8/7/2025,Wind,3,4,930
11/15/2025,Wind,3,4,4692
11/2/2022,Wind,9,10,5751
5/12/2024,Wind,18,19,7203
3/1/2021,Wind,20,21,4546
6/25/2025,Solar,14,15,9154
6/12/2022,Wind,19,20,4471
8/9/2024,Solar,15,16,7538
7/17/2022,Wind,22,23,3664
10/7/2023,Wind,4,5,1842
10/26/2025,Wind,19,20,11977
8/1/2024,Solar,13,14,7736
11/14/2022,Wind,12,13,4986
9/6/2025,Wind,9,10,9528
3/1/2023,Wind,0,1,7633
12/13/2024,Wind,21,22,718
9/26/2025,Wind,6,7,990
6/23/2025,Wind,4,5,5544
2/27/2023,Wind,16,17,16405
1/8/2022,Wind,14,15,15893
1/23/2025,Wind,9,10,7687
3/17/2022,Wind,15,16,5379
12/25/2021,Solar,11,12,2139
7/29/2025,Solar,15,16,11049
5/17/2022,Wind,7,8,3135
2/29/2024,Wind,5,6,7464
12/13/2021,Solar,15,16,1959
1/7/2025,Wind,22,23,6904
6/15/2020,Wind,19,20,3068
2/1/2022,Wind,9,10,9308
7/24/2025,Wind,18,19,7239
3/22/2022,Solar,12,13,8895
1/22/2024,Wind,5,6,16728
8/26/2024,Wind,22,23,1669
6/20/2024,Solar,12,13,5316
5/27/2024,Wind,15,16,8313
3/27/2025,Wind,7,8,4075
9/30/2024,Wind,14,15,17990
11/14/2022,Wind,21,22,6382
7/2/2023,Wind,8,9,2882
8/7/2023,Solar,17,18,8202
4/3/2023,Wind,12,13,11111
7/8/2025,Solar,15,16,12184
9/16/2025,Wind,7,8,9343
4/13/2022,Wind,6,7,1107
6/26/2022,Wind,0,1,2699
10/26/2024,Wind,5,6,2085
5/15/2024,Wind,3,4,2598
8/4/2020,Wind,5,6,2214
9/16/2021,Wind,22,23,842
10/29/2024,Wind,1,2,1733
2/20/2025,Wind,17,18,8149
12/18/2023,Wind,8,9,2271
4/21/2025,Wind,21,22,2788
9/21/2022,Solar,16,17,6437
3/11/2025,Wind,16,17,6371
6/23/2023,Solar,11,12,7189
4/6/2023,Wind,9,10,4765
6/7/2025,Wind,4,5,6797
9/20/2025,Wind,19,20,10122
11/30/2022,Wind,1,2,1058
10/30/2025,Wind,6,7,4783
1/21/2025,Wind,8,9,2522
6/2/2024,Wind,15,16,5303
3/23/2025,Wind,6,7,4373
6/10/2024,Wind,4,5,3938
6/12/2025,Solar,14,15,5717
1/2/2025,Wind,5,6,8804
5/13/2021,Solar,15,16,5509
6/17/2022,Solar,18,19,3404
10/13/2025,Wind,23,0,6944
9/16/2020,Wind,8,9,1013
12/18/2022,Wind,7,8,6542
8/3/2024,Wind,5,6,3203
9/26/2020,Wind,15,16,11741
3/29/2020,Wind,6,7,11027
7/1/2020,Wind,8,9,3679
6/19/2023,Wind,7,8,1807
11/2/2021,Wind,23,0,2889
3/1/2022,Wind,3,4,2612
3/17/2021,Wind,23,0,5240
4/26/2022,Solar,14,15,7982
11/15/2021,Wind,23,0,1107
8/18/2023,Wind,19,20,3018
8/15/2025,Wind,0,1,4269
7/9/2020,Wind,19,20,4573
7/25/2022,Wind,21,22,7106
2/6/2023,Solar,12,13,9036
2/4/2025,Wind,3,4,1737
1/10/2020,Wind,5,6,7774
4/25/2023,Wind,7,8,2753
4/8/2024,Wind,23,0,9139
8/11/2020,Solar,16,17,3542
6/2/2025,Wind,8,9,2742
7/29/2022,Wind,21,22,2125
4/4/2024,Wind,13,14,20481
3/1/2021,Wind,22,23,4978
2/20/2025,Wind,21,22,9773
4/16/2020,Wind,19,20,1414
3/28/2025,Wind,17,18,9362
5/21/2021,Wind,1,2,9817
7/13/2020,Wind,7,8,2341
8/31/2024,Wind,3,4,4579
12/9/2024,Wind,9,10,15224
9/2/2023,Solar,13,14,6760
4/14/2024,Wind,21,22,2636
1/9/2020,Wind,0,1,6309
10/19/2020,Wind,8,9,3178
6/29/2023,Wind,19,20,4840
3/8/2022,Wind,19,20,4726
8/16/2025,Wind,4,5,7037
1/6/2022,Solar,14,15,5505
12/8/2021,Wind,22,23,5949
5/29/2023,Wind,5,6,8702
4/29/2022,Wind,19,20,4185
1/21/2024,Wind,13,14,15113
10/28/2021,Wind,2,3,4894
4/21/2025,Wind,19,20,4219
6/27/2020,Wind,6,7,3501
3/18/2025,Wind,3,4,12324
6/15/2025,Wind,1,2,2950
1/28/2023,Wind,16,17,4875
10/21/2024,Wind,0,1,7969
2/7/2023,Wind,10,11,8915
2/12/2021,Wind,18,19,8474
11/6/2025,Wind,17,18,2204
7/12/2025,Solar,17,18,7623
10/6/2021,Wind,13,14,12605
11/10/2025,Wind,14,15,12527
1/10/2023,Wind,2,3,8206
5/8/2022,Wind,0,1,4571
11/25/2024,Wind,20,21,6940
10/26/2020,Wind,21,22,7511
8/16/2022,Wind,0,1,994
4/25/2025,Solar,17,18,7637
10/6/2021,Wind,5,6,8206
11/1/2023,Wind,2,3,12791
3/27/2025,Wind,8,9,5016
10/5/2024,Wind,2,3,2709
2/26/2021,Wind,11,12,4537
10/8/2025,Wind,7,8,703
5/19/2022,Wind,9,10,5194
9/17/2021,Wind,6,7,638
12/16/2021,Wind,20,21,5347
6/24/2023,Solar,19,20,3126
2/9/2023,Solar,11,12,5239
5/13/2024,Wind,5,6,1791
10/4/2025,Wind,10,11,19412
7/17/2025,Solar,8,9,3408
7/6/2022,Wind,5,6,2998
2/11/2020,Wind,4,5,11863
8/20/2024,Wind,2,3,3228
8/29/2022,Wind,2,3,5234
8/21/2021,Wind,8,9,2289
3/22/2022,Wind,4,5,4874
2/25/2024,Wind,5,6,7291
1/17/2025,Solar,12,13,5260
12/8/2022,Wind,17,18,2074
3/27/2024,Wind,1,2,5339
10/29/2022,Wind,20,21,5791
9/25/2023,Wind,5,6,3360
5/29/2025,Wind,3,4,2576
10/14/2021,Wind,3,4,1743
10/11/2023,Solar,15,16,9015
5/20/2023,Wind,11,12,10266
5/27/2022,Solar,10,11,5628
11/26/2020,Wind,1,2,2773
6/29/2021,Wind,7,8,1489
9/30/2023,Wind,0,1,1029
7/7/2023,Solar,13,14,10199
8/18/2021,Wind,5,6,2082
5/30/2020,Solar,13,14,7142
12/3/2023,Wind,13,14,12003
1/5/2024,Wind,9,10,7892
6/5/2024,Solar,18,19,6522
9/4/2020,Wind,3,4,1556
7/20/2023,Wind,19,20,3428
5/15/2020,Wind,0,1,8261
11/23/2021,Wind,13,14,9773
12/22/2021,Wind,23,0,5802
11/13/2023,Wind,11,12,18876
11/25/2023,Wind,20,21,4410
6/29/2023,Solar,7,8,1265
6/1/2025,Wind,7,8,2320
5/5/2023,Wind,2,3,2941
3/25/2021,Solar,14,15,4960
7/7/2021,Solar,11,12,4779
1/6/2022,Wind,5,6,2049
7/16/2024,Wind,1,2,8767
1/24/2024,Wind,2,3,17178
6/26/2020,Wind,0,1,3797
6/24/2020,Solar,12,13,6632
11/30/2023,Wind,16,17,1216
2/6/2020,Wind,20,21,6009
9/5/2022,Wind,0,1,5892
8/6/2025,Solar,17,18,6728
10/27/2023,Wind,4,5,9172
7/24/2023,Wind,11,12,10535
10/14/2021,Wind,22,23,1373
1/12/2023,Wind,18,19,16129
5/31/2021,Wind,0,1,5070
11/4/2021,Wind,19,20,4199
6/20/2024,Solar,11,12,4899
4/26/2023,Solar,18,19,2020
6/29/2025,Wind,23,0,4676
1/23/2020,Wind,7,8,5287
1/30/2022,Wind,2,3,4507
8/3/2022,Solar,16,17,5552
9/13/2024,Wind,22,23,4252
4/25/2023,Wind,19,20,2273
9/25/2022,Wind,8,9,3110
2/2/2025,Wind,20,21,1338
2/16/2024,Wind,1,2,10687
8/28/2025,Wind,7,8,3117
10/26/2023,Wind,18,19,4654
5/18/2021,Wind,17,18,4730
7/18/2020,Solar,8,9,1804
6/22/2024,Solar,12,13,7746
3/17/2025,Wind,4,5,5414
6/25/2021,Solar,16,17,5149
7/26/2022,Solar,14,15,7335
6/10/2025,Solar,18,19,7100
2/16/2025,Wind,8,9,4873
4/7/2022,Wind,13,14,17696
2/3/2020,Wind,21,22,10771
10/17/2024,Wind,8,9,3165
9/3/2024,Solar,13,14,5281
7/10/2024,Wind,6,7,3100
11/26/2023,Solar,13,14,6070
8/13/2024,Wind,6,7,1141
6/7/2024,Wind,3,4,2329
4/29/2025,Wind,0,1,6877
5/23/2024,Wind,3,4,3036
4/21/2021,Solar,14,15,5592
1/14/2020,Wind,15,16,13814
1/24/2025,Wind,21,22,11590
1/8/2020,Wind,16,17,3069
4/7/2023,Wind,20,21,2704
5/23/2020,Wind,6,7,2524
2/11/2020,Wind,6,7,11631
10/6/2020,Wind,10,11,11206
2/24/2022,Wind,16,17,14179
7/6/2023,Solar,7,8,1340
6/6/2025,Wind,8,9,7508
4/6/2021,Wind,23,0,3992
9/14/2025,Wind,21,22,14751
7/20/2023,Wind,22,23,2071
10/24/2021,Wind,4,5,4056
4/3/2025,Wind,3,4,10072
3/12/2025,Solar,11,12,4529
11/27/2020,Wind,16,17,1662
4/15/2022,Wind,4,5,1294
4/25/2023,Wind,2,3,2620
4/30/2024,Wind,3,4,3529
2/21/2025,Wind,22,23,12234
3/10/2022,Wind,3,4,5858
10/10/2023,Solar,16,17,5527
5/17/2025,Wind,1,2,7119
9/29/2023,Wind,10,11,11544
3/12/2024,Wind,23,0,8268
4/24/2022,Wind,6,7,2801
2/7/2025,Wind,20,21,9209
3/11/2022,Wind,1,2,8811
11/13/2021,Wind,0,1,6028
11/21/2025,Wind,15,16,7003
3/26/2024,Wind,1,2,7721
3/21/2025,Wind,8,9,12665
8/15/2024,Solar,14,15,9758
5/28/2025,Wind,17,18,17702
12/23/2023,Wind,21,22,14387
9/17/2022,Wind,11,12,10410
8/4/2024,Solar,10,11,6165
2/1/2024,Wind,7,8,5460
1/3/2023,Wind,6,7,4994
7/15/2022,Solar,17,18,6073
2/1/2020,Wind,2,3,8897
8/26/2022,Wind,5,6,3140
11/25/2024,Wind,12,13,12182
3/30/2023,Wind,21,22,9358
9/8/2025,Solar,15,16,6288
12/4/2020,Wind,10,11,7773
12/24/2024,Wind,22,23,2401
3/5/2023,Wind,7,8,1899
8/11/2020,Wind,1,2,1697
8/26/2022,Solar,10,11,5642
7/6/2022,Wind,20,21,3478
8/22/2024,Wind,21,22,5770
12/6/2022,Wind,3,4,1862
9/1/2020,Wind,6,7,1006
9/19/2023,Wind,12,13,15144
9/9/2021,Wind,15,16,5383
11/2/2022,Wind,13,14,10158
3/5/2025,Wind,18,19,2008
7/22/2023,Wind,22,23,4175
1/5/2020,Solar,14,15,2952
6/26/2025,Wind,7,8,7668
12/18/2023,Wind,4,5,1948
8/6/2025,Wind,23,0,1318
6/26/2021,Solar,12,13,4649
2/2/2022,Wind,6,7,7485
9/18/2024,Wind,7,8,8921
2/25/2025,Wind,1,2,3638
3/14/2022,Wind,21,22,6052
10/29/2022,Wind,11,12,9396
7/19/2024,Solar,17,18,6264
8/21/2022,Solar,16,17,4951
4/10/2023,Wind,20,21,10159
11/28/2023,Wind,11,12,6161
11/4/2021,Wind,7,8,3133
3/9/2020,Wind,23,0,9741
7/10/2020,Wind,17,18,4992
1/16/2025,Wind,10,11,7073
5/19/2025,Wind,1,2,6109
7/7/2022,Solar,11,12,8621
12/10/2020,Wind,13,14,4035
10/12/2023,Solar,11,12,7762
11/29/2024,Wind,15,16,5912
10/5/2021,Wind,1,2,7372
4/15/2025,Wind,16,17,8585
5/1/2021,Wind,23,0,3890
11/16/2025,Wind,4,5,1691
3/9/2023,Wind,12,13,17554
8/27/2024,Wind,19,20,2062
11/3/2021,Wind,9,10,3955
3/5/2022,Wind,23,0,3949
2/28/2020,Wind,22,23,11274
11/23/2023,Wind,10,11,6141
10/27/2020,Wind,14,15,12379
11/24/2024,Wind,5,6,18615
8/6/2021,Wind,5,6,6003
5/19/2020,Wind,23,0,4187
4/4/2025,Wind,6,7,6856
6/17/2025,Wind,0,1,3635
2/21/2025,Wind,10,11,15847
1/21/2022,Wind,23,0,3197
2/5/2024,Wind,15,16,9118
9/15/2021,Wind,17,18,3067
9/21/2025,Wind,8,9,2363
9/6/2024,Wind,9,10,4227
1/18/2024,Wind,0,1,6778
4/17/2020,Wind,19,20,2302
4/11/2023,Wind,5,6,8115
8/21/2023,Wind,20,21,1191
7/14/2023,Solar,13,14,13917
11/3/2025,Wind,5,6,7218
10/17/2021,Wind,21,22,2556
11/30/2024,Solar,12,13,4832
11/25/2023,Wind,21,22,4113
1/31/2021,Wind,13,14,4830
1/28/2023,Wind,4,5,5832
5/26/2024,Wind,9,10,6474
10/26/2024,Wind,20,21,1387
3/23/2025,Wind,17,18,3278
4/30/2022,Wind,7,8,4322
4/20/2022,Wind,6,7,4805
6/2/2021,Wind,6,7,3681
1/24/2024,Wind,23,0,5801
1/1/2023,Wind,15,16,8841
4/3/2023,Wind,10,11,9447
6/16/2024,Wind,23,0,2819
8/3/2025,Wind,5,6,1935
7/30/2023,Wind,11,12,8461
11/18/2024,Wind,16,17,7512
12/24/2024,Wind,4,5,3896
11/18/2023,Wind,5,6,6173
4/18/2023,Wind,10,11,9947
2/18/2020,Wind,10,11,8878
4/4/2025,Wind,9,10,8435
9/14/2022,Wind,1,2,2222
1/29/2020,Wind,6,7,7788
1/28/2024,Wind,2,3,7220
4/10/2023,Wind,22,23,9987
11/26/2025,Wind,17,18,2667
11/14/2021,Wind,17,18,3983
8/29/2020,Wind,23,0,3146
10/20/2021,Wind,23,0,14105
12/18/2022,Wind,14,15,9866
6/12/2023,Wind,23,0,2822
8/26/2020,Wind,2,3,9996
3/26/2024,Wind,16,17,5861
3/21/2021,Wind,13,14,9194
7/17/2021,Wind,7,8,2997
10/17/2021,Solar,13,14,5154
3/26/2022,Wind,4,5,7484
6/29/2022,Solar,16,17,5599
1/1/2020,Wind,19,20,1181
7/20/2024,Wind,5,6,1022
2/14/2020,Wind,4,5,5436
9/10/2025,Wind,17,18,10232
4/25/2025,Solar,18,19,5940
10/20/2021,Wind,19,20,12501
4/16/2021,Wind,12,13,9475
2/21/2022,Wind,16,17,16981
9/3/2025,Wind,20,21,13651
6/7/2020,Solar,17,18,3557
4/27/2023,Solar,11,12,6242
4/10/2021,Wind,20,21,4730
12/4/2021,Wind,10,11,10684
2/24/2020,Wind,19,20,10886
9/9/2021,Wind,11,12,3730
8/22/2020,Wind,1,2,4830
7/22/2023,Wind,0,1,2780
11/23/2022,Wind,3,4,6841
1/10/2024,Wind,10,11,2553
6/9/2025,Wind,2,3,1980
8/6/2022,Wind,22,23,7359
5/24/2024,Wind,2,3,858
6/7/2025,Wind,5,6,7229
6/4/2025,Wind,9,10,4864
7/7/2021,Wind,2,3,4008
1/21/2020,Wind,19,20,3804
11/18/2024,Wind,20,21,9698
7/15/2023,Wind,21,22,9590
6/11/2020,Wind,16,17,5128
8/31/2022,Solar,13,14,7007
1/23/2020,Wind,1,2,6776
4/23/2023,Wind,20,21,10214
9/14/2024,Solar,13,14,10425
6/14/2025,Wind,8,9,5426
5/10/2025,Solar,13,14,6944
11/24/2025,Wind,18,19,11448
6/1/2023,Solar,14,15,9662
7/16/2023,Wind,12,13,8159
4/21/2022,Wind,7,8,3553
10/13/2021,Wind,20,21,2169
9/12/2023,Solar,17,18,3541
3/3/2025,Solar,9,10,5647
11/18/2021,Wind,5,6,1363
10/2/2025,Solar,9,10,5424
8/15/2023,Solar,11,12,5290
8/21/2020,Wind,0,1,4957
1/18/2025,Solar,13,14,4165
12/18/2020,Wind,6,7,6024
9/8/2020,Wind,7,8,1224
9/19/2022,Wind,18,19,4643
1/7/2021,Wind,16,17,1245
10/15/2022,Wind,0,1,6877
10/22/2020,Wind,23,0,3174
5/10/2022,Wind,5,6,2336
11/19/2025,Wind,15,16,14209
4/22/2025,Wind,21,22,3114
9/19/2024,Wind,9,10,10053
6/14/2022,Solar,17,18,4589
1/14/2021,Wind,3,4,7406
4/14/2021,Solar,9,10,4051
12/17/2020,Wind,9,10,5050
4/17/2024,Wind,18,19,10061
11/24/2023,Wind,14,15,14087
1/27/2024,Wind,9,10,4715
11/28/2025,Wind,17,18,6838
11/29/2021,Wind,22,23,4680
2/15/2025,Solar,13,14,9563
8/3/2024,Wind,3,4,3586
2/26/2024,Wind,23,0,14028
10/15/2025,Wind,4,5,5192
1/25/2020,Wind,20,21,1912
10/27/2020,Wind,19,20,11275
9/24/2020,Wind,15,16,9187
5/11/2025,Wind,18,19,6079
1/4/2020,Wind,19,20,2969
9/5/2024,Wind,10,11,7511
6/12/2024,Wind,19,20,3484
11/18/2025,Solar,13,14,8521
9/30/2021,Solar,13,14,8373
1/18/2024,Wind,13,14,7406
4/10/2025,Wind,2,3,9152
1/21/2023,Wind,19,20,8905
10/14/2020,Wind,19,20,5394
3/2/2021,Wind,17,18,2119
9/1/2023,Wind,8,9,6404
2/28/2021,Wind,8,9,7100
6/5/2022,Wind,8,9,2905
9/27/2020,Wind,9,10,12950
11/29/2020,Wind,21,22,2581
1/13/2023,Wind,17,18,12114
12/12/2020,Wind,3,4,5264
6/10/2022,Solar,8,9,3451
9/5/2025,Wind,5,6,3073
5/28/2021,Solar,17,18,3776
8/13/2023,Solar,17,18,6313
11/13/2024,Wind,21,22,5053
5/27/2021,Wind,21,22,1552
3/14/2020,Wind,16,17,5134
11/10/2021,Wind,1,2,576
3/13/2020,Wind,15,16,6501
7/9/2024,Wind,21,22,2789
8/1/2023,Wind,16,17,15715
1/28/2023,Wind,20,21,3066
11/14/2025,Wind,5,6,12444
6/11/2020,Wind,20,21,3414
7/14/2021,Wind,11,12,8011
4/2/2023,Wind,23,0,6236
9/4/2024,Solar,14,15,4253
10/5/2020,Wind,19,20,9449
8/25/2024,Wind,23,0,2594
10/10/2021,Solar,11,12,4221
6/27/2024,Wind,22,23,3505
11/4/2020,Wind,1,2,1716
7/20/2021,Solar,11,12,6377
8/2/2021,Wind,3,4,1116
9/23/2021,Solar,9,10,2760
1/27/2024,Wind,8,9,3581
12/30/2022,Wind,19,20,15334
11/18/2024,Wind,14,15,9122
12/4/2023,Wind,0,1,12629
1/2/2020,Wind,0,1,1267
9/8/2021,Wind,4,5,5258
6/11/2025,Wind,22,23,6852
8/26/2025,Wind,4,5,4080
5/11/2024,Solar,9,10,6348
5/18/2023,Wind,6,7,5477
8/21/2025,Wind,0,1,3450
10/15/2024,Wind,22,23,10680
5/15/2024,Solar,16,17,5901
5/12/2022,Solar,15,16,6042
4/3/2020,Wind,7,8,1864
10/11/2021,Solar,16,17,5672
2/26/2023,Wind,9,10,17091
3/17/2023,Wind,8,9,8681
10/23/2023,Wind,12,13,9170
4/29/2020,Wind,7,8,4629
10/12/2021,Wind,23,0,3559
12/14/2022,Wind,20,21,2282
11/30/2020,Solar,13,14,3638
2/15/2025,Solar,10,11,8954
9/13/2020,Wind,22,23,2238
5/20/2023,Wind,8,9,6405
1/8/2022,Wind,8,9,7370
2/13/2024,Wind,22,23,10458
8/28/2021,Wind,2,3,4282
11/1/2022,Wind,16,17,11364
10/10/2021,Wind,7,8,1388
11/25/2020,Wind,3,4,6472
6/24/2022,Wind,12,13,7951
9/21/2023,Wind,18,19,6345
3/14/2021,Wind,22,23,10044
9/13/2022,Wind,17,18,4288
9/13/2022,Wind,4,5,1837
10/13/2025,Solar,14,15,12354
1/11/2025,Wind,2,3,1684
9/29/2020,Wind,4,5,1974
9/13/2022,Solar,13,14,6012
5/1/2022,Solar,12,13,6628
4/18/2022,Wind,5,6,3161
12/23/2022,Wind,18,19,13842
6/26/2023,Solar,13,14,10406
8/25/2024,Wind,3,4,5857
6/19/2022,Solar,13,14,10248
7/7/2021,Wind,21,22,1885
8/30/2020,Wind,1,2,2748
6/4/2022,Wind,21,22,4362
3/28/2020,Wind,7,8,2548
5/10/2024,Solar,12,13,11083
3/24/2020,Wind,2,3,6448
3/6/2023,Wind,6,7,1479
11/30/2021,Wind,0,1,6255
1/23/2023,Wind,12,13,7331
8/4/2023,Wind,18,19,7300
9/22/2025,Wind,14,15,8812
4/30/2024,Wind,1,2,3771
7/14/2020,Wind,22,23,1726
12/31/2023,Wind,15,16,18435
3/4/2025,Solar,16,17,4702
1/2/2022,Wind,11,12,11203
8/17/2021,Wind,6,7,1590
4/15/2023,Wind,7,8,7248
9/22/2023,Wind,10,11,8885
12/6/2020,Wind,4,5,3287
9/18/2023,Wind,5,6,6373
6/11/2020,Wind,23,0,4033
8/9/2023,Wind,4,5,2396
8/29/2020,Wind,12,13,4482
5/30/2024,Wind,17,18,12091
6/9/2020,Wind,2,3,3597
9/12/2025,Wind,22,23,6097
2/15/2022,Wind,15,16,13655
11/17/2024,Wind,2,3,4894
12/19/2023,Wind,8,9,8095
2/10/2024,Wind,19,20,7820
10/24/2023,Wind,18,19,3772
6/23/2021,Solar,10,11,3755
1/9/2025,Wind,6,7,12685
2/22/2024,Wind,20,21,17499
6/6/2024,Solar,14,15,8522
9/15/2024,Wind,1,2,3730
12/15/2021,Solar,11,12,3503
10/6/2024,Wind,18,19,8023
8/3/2023,Wind,21,22,4024
10/20/2024,Wind,23,0,8964
3/30/2021,Wind,19,20,1147
9/3/2020,Wind,7,8,2032
10/6/2021,Wind,2,3,8433
1/7/2024,Wind,22,23,11747
12/1/2023,Wind,6,7,2284
3/3/2021,Wind,21,22,1128
4/18/2020,Wind,21,22,1215
4/11/2022,Wind,2,3,9774
12/12/2021,Wind,6,7,5111
8/29/2021,Wind,18,19,6095
3/18/2020,Solar,10,11,3175
6/25/2022,Wind,7,8,2159
4/18/2023,Wind,11,12,11565
4/27/2021,Wind,20,21,1032
2/1/2020,Wind,16,17,11065
9/20/2022,Wind,22,23,2922
1/29/2024,Wind,22,23,9034
9/13/2023,Wind,20,21,1390
10/30/2021,Wind,18,19,4389
9/27/2022,Wind,2,3,6928
1/29/2025,Wind,9,10,13368
7/2/2024,Wind,0,1,3683
10/24/2020,Wind,3,4,6021
6/21/2022,Wind,0,1,5789
2/16/2025,Solar,10,11,7270
11/5/2025,Wind,17,18,12121
3/22/2025,Wind,7,8,8524
11/8/2023,Wind,9,10,12232
10/10/2024,Wind,23,0,2319
9/17/2024,Wind,10,11,14059
10/2/2023,Wind,19,20,5601
2/24/2021,Wind,12,13,8746
6/26/2023,Solar,9,10,6076
2/11/2023,Solar,14,15,5927
6/25/2025,Wind,23,0,5491
8/28/2023,Wind,21,22,3213
1/26/2021,Wind,17,18,3944
12/30/2020,Wind,9,10,3287
12/7/2021,Wind,1,2,8851
4/13/2020,Wind,20,21,10314
8/2/2024,Wind,22,23,4700
12/12/2021,Wind,22,23,1910
5/3/2025,Wind,22,23,5299
11/26/2024,Wind,16,17,3695
6/4/2025,Wind,8,9,3666
5/16/2021,Wind,6,7,4293
9/21/2025,Wind,1,2,7088
6/25/2022,Wind,21,22,2133
4/10/2024,Wind,3,4,6344
6/5/2024,Wind,23,0,1730
9/3/2024,Solar,16,17,4492
1/20/2024,Wind,20,21,8001
12/30/2023,Wind,12,13,12265
10/8/2021,Solar,10,11,5294
11/27/2024,Wind,3,4,11127
12/29/2020,Wind,9,10,4426
1/20/2020,Wind,15,16,6593
5/10/2024,Wind,5,6,4594
6/21/2021,Solar,16,17,4701
1/28/2022,Wind,22,23,3521
6/15/2020,Solar,11,12,4552
10/10/2025,Wind,21,22,4056
4/23/2021,Wind,20,21,5369
2/1/2025,Solar,13,14,6105
3/11/2023,Wind,8,9,4389
3/26/2020,Wind,15,16,8343
11/18/2023,Wind,23,0,11947
5/19/2020,Solar,14,15,5795
2/10/2023,Wind,6,7,629
5/5/2021,Wind,17,18,10312
9/22/2024,Wind,20,21,2722
12/29/2020,Wind,12,13,5039
3/25/2020,Solar,12,13,5870
10/4/2020,Wind,17,18,11028
4/9/2024,Wind,11,12,11478
12/29/2021,Wind,9,10,8302
6/22/2024,Solar,11,12,7321
2/23/2025,Wind,21,22,11852
3/4/2024,Wind,23,0,5856
8/7/2021,Wind,8,9,4137
1/27/2024,Solar,13,14,5520
3/4/2024,Wind,6,7,3881
11/20/2024,Wind,23,0,6132
5/19/2020,Solar,10,11,4412
5/24/2021,Wind,10,11,9548
3/6/2024,Solar,8,9,2257
11/2/2022,Wind,2,3,9453
12/1/2024,Wind,1,2,4016
9/9/2024,Wind,19,20,7981
11/29/2024,Wind,1,2,5147
11/29/2023,Wind,20,21,2256
12/29/2022,Wind,14,15,11907
4/14/2025,Solar,11,12,7730
6/30/2023,Wind,5,6,2493
5/4/2022,Wind,3,4,2101
2/23/2020,Wind,1,2,8085
11/27/2020,Solar,12,13,2867
12/31/2023,Wind,2,3,16903
12/13/2022,Wind,4,5,6726
6/8/2025,Wind,3,4,11586
1/28/2021,Wind,2,3,7021
9/6/2020,Solar,12,13,4167
10/30/2020,Wind,14,15,6293
7/15/2023,Wind,4,5,6081
9/19/2020,Wind,9,10,3664
2/22/2021,Wind,21,22,5226
4/7/2022,Wind,12,13,17815
5/10/2022,Wind,1,2,787
10/26/2022,Wind,19,20,2435
6/19/2024,Solar,12,13,10246
1/16/2021,Wind,11,12,6320
5/28/2022,Wind,18,19,8846
10/29/2025,Wind,17,18,8855
5/10/2024,Solar,14,15,11009
3/5/2024,Wind,3,4,5593
2/8/2021,Wind,20,21,2080
4/5/2021,Wind,9,10,7362
10/25/2024,Wind,17,18,3111
8/9/2025,Solar,14,15,5192
8/13/2024,Wind,22,23,1520
6/17/2024,Solar,10,11,6256
4/16/2023,Wind,4,5,5339
7/2/2023,Wind,17,18,7678
6/26/2022,Wind,23,0,1151
9/17/2024,Wind,9,10,11852
12/31/2021,Wind,9,10,6180
12/20/2021,Wind,15,16,3926
9/30/2022,Wind,16,17,9086
11/4/2025,Wind,14,15,12790
3/19/2022,Wind,22,23,8847
5/29/2022,Wind,19,20,5235
9/24/2024,Wind,12,13,12247
12/16/2023,Wind,18,19,2464
11/3/2024,Wind,6,7,2638
11/29/2020,Wind,18,19,2915
9/16/2021,Solar,9,10,1244
3/29/2025,Wind,4,5,9879
7/10/2023,Solar,9,10,3808
12/28/2023,Wind,18,19,13143
12/2/2020,Wind,18,19,1702
9/11/2021,Wind,2,3,1693
10/20/2025,Wind,11,12,17289
10/4/2020,Wind,19,20,9887
5/22/2022,Wind,8,9,3176
4/21/2025,Wind,18,19,5746
4/29/2023,Solar,9,10,2584
11/13/2020,Wind,13,14,6261
4/26/2020,Wind,6,7,1181
11/18/2021,Wind,20,21,1523
11/4/2023,Wind,5,6,12917
1/6/2020,Wind,12,13,5508
2/11/2025,Wind,0,1,6544
9/23/2024,Wind,22,23,5320
7/24/2021,Wind,6,7,3849
5/25/2022,Wind,4,5,2759
10/2/2020,Wind,4,5,10200
6/16/2024,Wind,5,6,8312
3/17/2022,Wind,7,8,4859
7/25/2021,Wind,20,21,2703
8/14/2020,Wind,1,2,2099
2/5/2021,Wind,9,10,2001
10/23/2021,Solar,14,15,5243
10/14/2023,Wind,13,14,6935
1/9/2024,Wind,12,13,7316
6/1/2022,Wind,21,22,2633
11/13/2025,Wind,7,8,10177
12/23/2020,Wind,18,19,12555
3/28/2020,Wind,21,22,11009
3/22/2023,Wind,19,20,12608
12/14/2020,Wind,20,21,6605
10/16/2022,Wind,7,8,2775
12/25/2022,Wind,7,8,5233
5/28/2022,Wind,21,22,6221
7/29/2021,Wind,8,9,3787
6/9/2021,Solar,18,19,3406
6/29/2023,Wind,22,23,2982
11/28/2021,Wind,21,22,5528
9/6/2025,Solar,15,16,7432
11/22/2025,Wind,19,20,10661
8/21/2023,Wind,7,8,1897
10/1/2025,Wind,0,1,2823
6/20/2025,Solar,12,13,11247
1/31/2025,Wind,19,20,5419
7/2/2024,Solar,11,12,6880
2/3/2021,Wind,20,21,9043
1/25/2021,Wind,5,6,6084
3/3/2025,Wind,0,1,4216
5/4/2024,Wind,17,18,5803
9/9/2024,Wind,18,19,9916
9/16/2024,Wind,3,4,2943
7/12/2024,Wind,21,22,2752
11/28/2022,Wind,14,15,4538
3/22/2020,Wind,10,11,11238
2/5/2020,Wind,18,19,1769
11/5/2024,Wind,8,9,2186
8/15/2020,Wind,6,7,457
9/19/2020,Wind,5,6,4265
9/30/2022,Solar,10,11,4255
11/23/2020,Wind,17,18,620
7/22/2024,Solar,13,14,10243
5/18/2024,Wind,6,7,761
8/9/2022,Wind,1,2,7181
9/19/2024,Wind,20,21,7802
5/16/2025,Wind,18,19,10928
8/29/2021,Wind,1,2,4508
5/26/2025,Wind,6,7,5453
2/27/2021,Wind,8,9,6414
2/1/2023,Wind,14,15,11735
11/19/2021,Wind,8,9,1628
9/3/2022,Wind,8,9,2057
10/19/2024,Wind,8,9,6338
6/8/2022,Wind,22,23,6493
6/25/2021,Solar,18,19,3314
9/29/2023,Wind,4,5,8331
9/26/2023,Wind,0,1,1382
3/23/2024,Wind,21,22,9466
6/24/2023,Solar,10,11,6886
8/30/2020,Wind,9,10,4184
9/25/2021,Solar,13,14,4377
2/9/2024,Wind,3,4,16390
7/28/2020,Wind,19,20,5024
8/12/2020,Wind,7,8,2071
5/22/2025,Wind,5,6,5212
10/19/2024,Wind,9,10,7672
11/20/2025,Wind,19,20,4026
7/18/2025,Solar,13,14,9011
1/3/2021,Wind,22,23,2226
6/26/2021,Solar,8,9,1519
11/18/2024,Wind,10,11,9491
8/1/2022,Wind,0,1,2712
4/19/2021,Wind,21,22,789
6/29/2020,Wind,12,13,8685
6/7/2024,Solar,13,14,6670
10/1/2023,Solar,11,12,6703
5/19/2025,Wind,5,6,5266
7/6/2025,Wind,22,23,6434
6/30/2020,Wind,7,8,3596
3/6/2025,Wind,7,8,9579
4/17/2021,Wind,19,20,6158
4/19/2023,Wind,9,10,7649
2/28/2021,Wind,18,19,5701
1/15/2020,Wind,21,22,4745
10/28/2020,Wind,23,0,11043
10/12/2020,Wind,16,17,3991
1/6/2023,Wind,23,0,8096
6/2/2020,Solar,18,19,2473
7/16/2025,Solar,14,15,16316
4/7/2020,Solar,15,16,5040
8/17/2020,Wind,20,21,1498
9/27/2023,Wind,4,5,480
4/28/2022,Wind,0,1,7345
5/15/2023,Wind,4,5,2885
3/30/2022,Wind,16,17,3581
5/15/2025,Wind,0,1,6342
12/31/2021,Wind,6,7,5824
6/2/2025,Solar,13,14,6203
11/30/2021,Wind,15,16,12500
5/28/2022,Wind,19,20,8020
12/19/2024,Wind,16,17,15633
4/20/2024,Wind,5,6,6858
7/4/2021,Wind,23,0,2638
10/24/2021,Wind,2,3,4189
11/29/2025,Wind,21,22,7062
3/25/2024,Wind,23,0,8777
6/5/2022,Wind,23,0,3380
12/21/2020,Wind,12,13,12640
10/18/2021,Wind,4,5,2664
8/17/2022,Solar,10,11,3428
5/8/2022,Solar,11,12,7322
4/30/2025,Wind,0,1,7318
1/31/2022,Wind,22,23,8147
5/19/2022,Wind,2,3,4815
12/15/2020,Wind,2,3,5470
5/1/2024,Wind,15,16,2385
10/14/2022,Wind,12,13,8105
9/12/2024,Wind,1,2,4725
7/17/2021,Wind,1,2,2929
4/23/2023,Wind,17,18,16075
9/25/2022,Solar,12,13,6161
12/1/2024,Wind,12,13,10028
1/21/2024,Wind,21,22,16235
12/31/2024,Wind,23,0,10602
8/2/2025,Wind,0,1,4160
11/9/2022,Wind,12,13,7650
6/16/2024,Wind,22,23,2549
5/28/2020,Solar,14,15,7591
11/24/2025,Wind,17,18,11121
6/23/2021,Wind,3,4,2688
9/4/2022,Solar,9,10,4056
11/21/2021,Wind,6,7,569
5/27/2023,Solar,17,18,6146
9/16/2025,Wind,21,22,3074
3/7/2020,Wind,3,4,3332
9/16/2022,Wind,20,21,4896
4/1/2025,Wind,12,13,18978
3/20/2024,Solar,12,13,7394
4/9/2020,Solar,15,16,4576
5/18/2024,Solar,13,14,3058
10/28/2021,Wind,6,7,5836
3/23/2021,Wind,23,0,1340
5/22/2023,Wind,22,23,5407
6/25/2022,Wind,18,19,4491
4/17/2024,Wind,14,15,13351
7/18/2021,Wind,23,0,6890
4/19/2020,Wind,15,16,3193
10/12/2023,Wind,6,7,4319
3/15/2022,Wind,18,19,2580
1/11/2025,Wind,19,20,2507
10/13/2023,Wind,15,16,17641
3/12/2021,Wind,8,9,10511
4/20/2022,Wind,5,6,4689
11/17/2025,Wind,16,17,8101
4/28/2025,Solar,13,14,4939
5/17/2020,Wind,22,23,2263
4/2/2024,Wind,21,22,8880
5/19/2022,Solar,16,17,7748
12/14/2023,Wind,4,5,7008
7/20/2025,Wind,4,5,4069
7/8/2020,Solar,10,11,5097
4/26/2024,Wind,22,23,3763
8/29/2023,Solar,17,18,5120
11/17/2022,Wind,23,0,8902
11/20/2025,Wind,4,5,7695
7/11/2023,Wind,4,5,1935
1/27/2021,Wind,18,19,4009
10/9/2020,Wind,11,12,4222
11/25/2021,Wind,14,15,3710
12/13/2020,Wind,14,15,7343
6/24/2020,Wind,19,20,3291
10/18/2020,Wind,8,9,1059
4/17/2020,Wind,0,1,2220
10/25/2022,Wind,2,3,5694
3/24/2023,Wind,15,16,17590
9/30/2022,Wind,19,20,6940
6/1/2024,Wind,5,6,5758
11/10/2025,Wind,16,17,9768
2/22/2024,Wind,9,10,17056
9/24/2021,Solar,16,17,3933
11/8/2023,Wind,19,20,14862
7/15/2022,Wind,8,9,3844
4/4/2024,Wind,16,17,18160
8/3/2025,Wind,6,7,1968
8/16/2020,Wind,0,1,1831
10/26/2023,Wind,6,7,5403
7/2/2023,Wind,7,8,2703
12/11/2022,Wind,18,19,1499
12/7/2022,Wind,0,1,2427
5/28/2025,Wind,9,10,14628
7/4/2024,Wind,11,12,11596
6/20/2020,Solar,14,15,4334
10/27/2025,Wind,19,20,9625
2/21/2021,Wind,12,13,9016
1/3/2025,Wind,14,15,5219
2/13/2025,Wind,0,1,1016
6/23/2021,Wind,17,18,4314
8/17/2020,Wind,0,1,2055
8/12/2023,Solar,12,13,7944
1/22/2025,Wind,11,12,6748
9/14/2025,Wind,14,15,7618
11/8/2021,Solar,10,11,3832
1/3/2021,Wind,23,0,2060
6/15/2021,Wind,6,7,1647
11/1/2024,Solar,16,17,1612
11/25/2024,Wind,11,12,12852
2/21/2021,Wind,17,18,5918
5/15/2020,Wind,16,17,5825
11/19/2023,Wind,5,6,11783
6/10/2021,Wind,21,22,1475
7/18/2022,Solar,15,16,7346
11/22/2021,Wind,4,5,8247
1/18/2022,Wind,15,16,4530
7/16/2025,Wind,3,4,7222
1/27/2022,Wind,20,21,3833
3/29/2024,Wind,3,4,10394
8/23/2025,Solar,18,19,5153
3/4/2023,Wind,19,20,3414
4/25/2022,Wind,4,5,3390
5/25/2020,Wind,21,22,2713
6/6/2025,Wind,12,13,7272
1/6/2020,Wind,0,1,2280
6/30/2023,Wind,18,19,8277
9/3/2024,Solar,8,9,1421
8/10/2024,Solar,12,13,4442
2/12/2024,Wind,20,21,3368
7/16/2023,Wind,23,0,2997
4/5/2025,Wind,19,20,6203
8/15/2022,Solar,16,17,7560
3/28/2021,Wind,21,22,2629
7/2/2024,Wind,21,22,3140
10/14/2021,Wind,9,10,3533
3/22/2020,Wind,22,23,9398
4/12/2021,Solar,13,14,6529
4/3/2020,Wind,1,2,2592
11/28/2022,Wind,12,13,4959
10/22/2020,Wind,9,10,5024
3/15/2021,Wind,3,4,10923
11/13/2025,Wind,20,21,12001
4/5/2022,Wind,5,6,6452
4/28/2021,Solar,14,15,4079
7/24/2022,Wind,6,7,969
9/14/2020,Wind,7,8,2828
6/15/2020,Wind,4,5,2126
11/1/2020,Wind,19,20,11879
8/16/2022,Solar,9,10,2904
7/26/2021,Wind,4,5,1922
4/4/2022,Wind,18,19,11731
12/13/2024,Solar,14,15,2515
5/28/2020,Wind,15,16,7608
9/18/2022,Wind,6,7,2221
8/22/2024,Solar,12,13,7995
5/26/2022,Solar,12,13,6717
9/14/2025,Wind,3,4,4181
9/14/2020,Wind,8,9,3313
3/16/2025,Wind,19,20,5740
10/1/2021,Wind,20,21,4953
4/21/2023,Wind,1,2,3355
9/6/2022,Solar,12,13,6967
3/13/2020,Wind,21,22,1697
4/10/2022,Wind,2,3,1338
1/30/2022,Solar,10,11,2888
10/21/2022,Wind,15,16,8982
3/4/2021,Solar,9,10,1941
1/22/2024,Wind,15,16,16804
1/16/2025,Wind,0,1,3652
11/13/2021,Wind,12,13,5041
6/23/2022,Wind,20,21,1923
12/16/2023,Solar,14,15,4910
4/11/2022,Wind,3,4,9882
10/29/2021,Wind,14,15,11979
7/9/2020,Wind,7,8,1479
4/25/2021,Wind,15,16,8987
10/9/2020,Wind,19,20,2696
11/19/2021,Solar,13,14,3762
12/30/2022,Wind,6,7,11436
6/13/2023,Wind,23,0,5004
3/10/2020,Wind,2,3,12278
4/14/2025,Solar,10,11,6031
4/30/2024,Solar,11,12,7683
9/12/2022,Solar,16,17,5140
10/20/2022,Wind,14,15,8558
11/30/2023,Wind,0,1,2128
1/6/2020,Wind,23,0,5850
6/13/2021,Solar,18,19,3933
12/7/2024,Wind,15,16,19810
4/10/2025,Wind,1,2,10031
2/21/2021,Wind,10,11,9217
9/20/2022,Wind,4,5,2045
9/14/2025,Wind,23,0,15838
6/25/2020,Solar,13,14,5081
3/10/2022,Wind,18,19,4082
6/14/2025,Solar,10,11,4291
10/20/2021,Wind,0,1,10970
8/8/2021,Wind,21,22,3163
2/5/2023,Wind,5,6,4222
8/9/2021,Wind,2,3,2945
5/12/2025,Solar,8,9,3901
4/19/2024,Wind,1,2,5665
4/18/2025,Wind,23,0,9612
1/6/2023,Wind,16,17,6433
7/17/2020,Wind,19,20,2771
7/26/2023,Wind,23,0,3577
1/23/2024,Wind,2,3,12747
6/25/2020,Solar,10,11,3414
6/1/2024,Wind,16,17,6915
4/23/2024,Wind,8,9,4892
7/16/2020,Wind,6,7,1388
5/28/2020,Wind,6,7,3981
4/5/2020,Wind,7,8,7671
1/11/2020,Wind,6,7,2912
6/25/2021,Solar,13,14,5806
1/27/2020,Wind,14,15,9340
6/12/2022,Solar,9,10,3891
9/5/2024,Solar,11,12,7606
10/12/2021,Wind,1,2,3046
5/29/2025,Wind,21,22,1207
5/31/2022,Wind,1,2,2019
10/18/2025,Wind,21,22,6350
2/23/2021,Wind,10,11,9360
7/5/2021,Solar,11,12,7031
9/13/2025,Wind,17,18,12059
3/22/2024,Solar,8,9,4072
12/24/2024,Wind,7,8,3075
6/9/2024,Wind,3,4,3734
1/9/2021,Wind,13,14,6317
6/5/2020,Wind,12,13,13242
9/4/2025,Wind,13,14,14863
12/18/2023,Wind,16,17,2994
7/9/2025,Wind,6,7,1676
9/14/2024,Solar,17,18,7606
6/20/2025,Wind,19,20,4544
2/11/2022,Wind,18,19,1753
4/14/2020,Wind,16,17,8019
11/23/2023,Solar,11,12,7232
5/6/2023,Solar,8,9,2948
6/9/2021,Wind,1,2,1569
8/25/2020,Wind,6,7,3959
2/28/2022,Solar,15,16,5659
3/12/2024,Wind,17,18,10459
7/23/2024,Wind,21,22,2927
7/19/2024,Wind,0,1,1662
2/23/2024,Wind,14,15,15612
9/3/2022,Solar,10,11,4020
3/13/2023,Wind,1,2,14233
4/13/2024,Wind,7,8,2307
7/30/2021,Wind,20,21,8655
1/22/2025,Wind,9,10,6315
11/6/2022,Wind,23,0,11081
5/15/2022,Solar,9,10,5538
10/9/2024,Wind,10,11,11747
3/24/2020,Wind,18,19,4898
12/29/2023,Wind,13,14,15847
7/1/2024,Wind,0,1,2760
11/24/2021,Wind,19,20,2095
7/13/2024,Wind,23,0,334
12/1/2021,Wind,14,15,11647
4/26/2020,Wind,22,23,457
8/16/2024,Wind,23,0,1612
4/14/2025,Solar,14,15,9083
5/17/2021,Wind,17,18,13497
9/19/2021,Solar,15,16,5286
10/24/2025,Wind,23,0,14144
10/2/2023,Solar,16,17,7676
4/14/2020,Wind,6,7,6514
2/5/2020,Solar,13,14,3963
10/21/2025,Wind,22,23,6166
4/1/2022,Wind,7,8,9016
3/21/2020,Wind,4,5,7299
1/2/2023,Wind,11,12,6422
2/20/2021,Wind,21,22,12255
8/24/2025,Solar,10,11,4112
5/6/2022,Solar,11,12,6911
11/12/2024,Wind,7,8,10329
12/8/2022,Wind,7,8,1250
4/30/2020,Wind,19,20,11566
5/8/2021,Wind,22,23,5551
4/20/2020,Wind,1,2,5535
1/18/2022,Wind,2,3,2430
2/9/2025,Wind,0,1,3868
12/28/2023,Wind,7,8,13513
1/29/2022,Wind,11,12,9867
11/23/2022,Wind,8,9,9532
10/19/2025,Wind,10,11,10350
5/14/2025,Solar,7,8,1719
11/19/2023,Wind,1,2,11829
10/22/2022,Wind,10,11,5156
7/28/2025,Wind,3,4,4437
8/19/2023,Wind,5,6,3735
12/15/2024,Wind,0,1,4485
1/11/2021,Wind,5,6,2139
5/2/2021,Wind,19,20,1824
11/12/2022,Solar,10,11,5330
5/18/2024,Solar,11,12,4830
1/24/2020,Wind,3,4,2178
8/7/2024,Solar,12,13,7806
12/19/2023,Wind,7,8,7637
7/29/2022,Solar,9,10,1886
4/10/2024,Wind,7,8,3567
1/8/2021,Wind,21,22,934
11/10/2024,Wind,4,5,728
3/23/2021,Wind,3,4,2297
3/18/2024,Wind,7,8,2408
7/18/2023,Wind,7,8,3248
5/15/2025,Wind,19,20,11522
5/6/2022,Solar,14,15,6812
5/17/2025,Solar,12,13,5378
1/25/2023,Wind,19,20,1865
11/6/2023,Wind,20,21,9476
6/4/2023,Solar,10,11,7001
4/17/2023,Solar,13,14,10082
2/21/2021,Wind,15,16,7525
2/15/2021,Wind,9,10,11289
8/3/2023,Wind,5,6,12714
5/27/2025,Wind,9,10,13251
5/24/2023,Wind,5,6,6672
12/16/2024,Wind,7,8,7127
9/2/2022,Wind,5,6,1940
4/16/2025,Solar,13,14,7798
6/6/2020,Wind,13,14,10873
8/20/2024,Solar,9,10,6256
11/13/2024,Wind,18,19,5201
3/21/2023,Wind,4,5,4145
4/29/2022,Solar,12,13,6673
3/18/2023,Wind,14,15,10327
5/27/2020,Solar,14,15,6923
11/8/2020,Wind,15,16,2718
9/14/2022,Wind,2,3,1837
12/15/2021,Wind,1,2,1197
12/8/2020,Wind,22,23,2543
7/29/2025,Wind,6,7,2489
12/26/2020,Wind,0,1,3607
11/6/2020,Wind,4,5,6681
3/31/2023,Wind,13,14,21624
4/2/2023,Wind,21,22,7144
1/11/2022,Wind,2,3,2621
3/16/2020,Wind,20,21,1348
8/26/2021,Solar,13,14,8454
7/5/2023,Wind,9,10,10340
5/3/2022,Wind,8,9,3293
8/10/2021,Wind,4,5,1235
8/22/2020,Wind,14,15,11599
5/6/2022,Wind,3,4,3327
8/26/2025,Solar,13,14,10719
9/24/2021,Solar,17,18,2890
1/3/2023,Wind,17,18,8994
10/9/2023,Wind,7,8,1140
3/15/2022,Wind,23,0,4205
10/25/2022,Wind,18,19,4686
12/30/2024,Solar,11,12,2963
3/10/2023,Wind,17,18,11697
5/6/2023,Solar,13,14,7109
10/10/2020,Wind,9,10,2717
2/19/2023,Wind,18,19,2222
9/13/2022,Solar,14,15,5433
10/15/2023,Wind,3,4,2777
1/1/2022,Wind,1,2,3210
5/14/2021,Wind,12,13,7647
11/4/2025,Wind,23,0,12730
1/29/2024,Wind,3,4,7443
1/13/2025,Wind,10,11,7719
7/6/2023,Wind,21,22,868
3/14/2020,Wind,21,22,3347
12/24/2023,Wind,15,16,17075
4/6/2025,Wind,1,2,9135
10/3/2024,Wind,3,4,5240
3/6/2022,Wind,22,23,7705
9/7/2022,Wind,18,19,4483
1/4/2024,Wind,17,18,11934
3/24/2021,Solar,8,9,2756
3/31/2023,Wind,11,12,20332
2/14/2021,Wind,16,17,9781
11/29/2020,Wind,22,23,2194
5/23/2025,Wind,3,4,3654
2/28/2024,Wind,18,19,3872
8/13/2020,Wind,8,9,1977
2/10/2022,Wind,7,8,5427
5/22/2020,Wind,20,21,2791
3/7/2020,Wind,5,6,2626
2/28/2025,Wind,22,23,7187
6/17/2023,Solar,10,11,5207
10/8/2022,Wind,21,22,2338
4/26/2020,Solar,16,17,2886
1/21/2025,Wind,23,0,7139
5/18/2024,Solar,17,18,5382
10/24/2023,Wind,20,21,5052
9/27/2025,Wind,1,2,475
6/2/2025,Wind,1,2,3073
10/13/2021,Wind,23,0,2129
2/25/2022,Wind,15,16,8739
12/24/2023,Wind,10,11,17796
11/19/2025,Wind,7,8,11799
4/29/2023,Wind,21,22,2588
4/23/2023,Wind,13,14,15150
9/13/2021,Solar,10,11,3635
8/17/2020,Wind,4,5,1804
3/13/2020,Wind,16,17,5262
7/18/2021,Wind,18,19,9318
9/1/2025,Wind,17,18,10390
5/25/2020,Solar,16,17,5450
11/10/2024,Wind,17,18,1524
9/30/2022,Solar,13,14,7262
5/18/2021,Wind,19,20,3940
8/10/2024,Wind,20,21,1226
3/25/2021,Wind,4,5,1928
10/30/2025,Solar,11,12,9665
10/26/2022,Wind,1,2,7207
8/27/2020,Solar,13,14,6251
4/27/2021,Solar,14,15,3324
5/7/2025,Wind,8,9,7619
6/26/2024,Solar,11,12,6737
8/9/2023,Wind,7,8,1969
1/25/2022,Solar,17,18,267
9/3/2020,Wind,2,3,978
2/11/2020,Wind,23,0,9400
7/9/2022,Wind,1,2,3653
8/4/2024,Solar,13,14,4818
6/25/2022,Wind,4,5,3209
12/7/2024,Wind,4,5,18556
9/4/2020,Wind,8,9,1720
1/1/2022,Wind,19,20,5238
5/8/2023,Wind,2,3,1701
4/22/2021,Wind,19,20,5590
2/17/2021,Wind,0,1,9265
3/3/2020,Wind,6,7,4440
11/8/2023,Wind,15,16,16223
8/14/2023,Wind,2,3,1693
1/10/2023,Wind,5,6,7343
12/22/2021,Wind,20,21,5561
8/10/2024,Wind,2,3,1755
11/14/2023,Wind,14,15,16988
3/17/2024,Solar,15,16,6096
9/7/2021,Wind,16,17,6840
11/16/2025,Wind,21,22,4414
7/15/2020,Wind,22,23,1874
10/8/2025,Wind,21,22,2608
6/9/2025,Wind,23,0,605
7/14/2020,Wind,3,4,2443
10/9/2022,Wind,6,7,4887
5/28/2020,Wind,1,2,5340
12/25/2021,Solar,15,16,1223
8/2/2023,Wind,21,22,15855
1/9/2021,Wind,23,0,5323
2/7/2022,Wind,22,23,4802
10/24/2022,Wind,23,0,7058
5/24/2025,Wind,16,17,14446
1/11/2022,Wind,8,9,2912
12/21/2022,Wind,3,4,5032
12/17/2024,Wind,10,11,5491
1/30/2021,Wind,13,14,8786
10/4/2020,Wind,16,17,11664
5/29/2025,Solar,17,18,8272
11/25/2024,Wind,10,11,12969
1/26/2020,Wind,13,14,4437
3/3/2023,Wind,22,23,5574
6/2/2025,Solar,14,15,6266
6/24/2022,Wind,3,4,1971
3/20/2024,Wind,0,1,1924
10/12/2023,Wind,17,18,5820
9/24/2022,Wind,1,2,1028
2/6/2020,Wind,21,22,5819
6/9/2024,Wind,2,3,3682
4/19/2020,Wind,10,11,2602
9/28/2022,Wind,14,15,6080
11/28/2025,Wind,14,15,8799
10/5/2024,Wind,23,0,8967
7/24/2020,Wind,21,22,1760
10/16/2022,Wind,16,17,6721
11/6/2020,Wind,22,23,7139
7/2/2021,Wind,23,0,1585
4/13/2022,Solar,15,16,3628
8/2/2025,Solar,14,15,12313
6/25/2023,Wind,22,23,5338
11/30/2024,Wind,7,8,3505
10/2/2023,Wind,0,1,2764
4/14/2021,Wind,21,22,5104
11/7/2025,Wind,15,16,6222
2/1/2020,Wind,21,22,9608
4/5/2020,Wind,14,15,8682
12/27/2022,Wind,4,5,4483
12/28/2022,Wind,3,4,11901
1/6/2024,Wind,10,11,6893
3/22/2021,Solar,11,12,6284
11/26/2022,Wind,19,20,6123
6/9/2025,Solar,15,16,4475
11/1/2021,Wind,2,3,8845
7/18/2023,Solar,12,13,6978
1/22/2022,Wind,16,17,3284
6/2/2021,Wind,3,4,4114
9/30/2025,Wind,19,20,2032
12/5/2022,Solar,15,16,2037
2/25/2022,Wind,1,2,7621
11/5/2021,Wind,6,7,2977
2/20/2025,Wind,12,13,12416
4/30/2024,Wind,23,0,3046
10/4/2024,Wind,9,10,5064
4/30/2022,Solar,13,14,8450
2/9/2020,Wind,0,1,7722
3/9/2024,Wind,3,4,10327
6/24/2025,Solar,13,14,6338
6/21/2020,Wind,7,8,2762
4/22/2022,Wind,2,3,5531
10/26/2025,Wind,9,10,10764
12/9/2024,Wind,2,3,13556
1/2/2024,Wind,12,13,18685
5/1/2023,Wind,0,1,1652
5/10/2020,Wind,8,9,2008
11/1/2025,Wind,22,23,9691
7/4/2023,Wind,23,0,10440
5/13/2023,Wind,14,15,10482
6/25/2020,Solar,9,10,2861
1/9/2020,Wind,12,13,12336
8/28/2024,Wind,6,7,2229
2/28/2022,Wind,7,8,3898
7/13/2021,Wind,10,11,5260
12/5/2020,Wind,17,18,6409
3/12/2020,Wind,7,8,8370
4/30/2021,Wind,3,4,1412
9/18/2022,Solar,9,10,4392
10/29/2025,Wind,9,10,7423
4/16/2023,Wind,23,0,3665
5/9/2024,Wind,23,0,5021
9/30/2020,Wind,18,19,3257
4/29/2022,Solar,17,18,5493
11/10/2023,Wind,9,10,15079
8/18/2025,Wind,0,1,7156
5/12/2020,Wind,7,8,4993
9/3/2022,Wind,1,2,1685
8/9/2021,Wind,18,19,5509
3/13/2020,Wind,13,14,7874
5/12/2022,Wind,18,19,3488
8/8/2024,Solar,14,15,9623
10/30/2025,Wind,15,16,8417
9/15/2021,Wind,23,0,1024
4/12/2024,Solar,14,15,4676
6/9/2020,Wind,8,9,3222
11/12/2021,Wind,18,19,4225
3/1/2025,Wind,4,5,6922
5/21/2022,Solar,18,19,2628
8/28/2025,Wind,1,2,2454
7/27/2025,Wind,5,6,1786
7/20/2021,Solar,16,17,5834
6/28/2022,Wind,6,7,1388
9/21/2025,Wind,4,5,5062
11/3/2024,Wind,2,3,3552
11/19/2024,Wind,9,10,18956
10/22/2024,Wind,1,2,3568
4/22/2020,Wind,18,19,2865
10/13/2023,Wind,10,11,15112
10/12/2023,Solar,12,13,8411
5/5/2022,Solar,14,15,6026
12/22/2020,Wind,16,17,6752
7/7/2024,Solar,10,11,5126
4/28/2022,Wind,22,23,5002
3/19/2022,Wind,21,22,9680
2/5/2025,Wind,19,20,3259
3/30/2020,Wind,16,17,12305
10/6/2024,Wind,20,21,8224
7/18/2025,Wind,23,0,3802
6/22/2021,Wind,13,14,7084
3/9/2025,Wind,20,21,2682
7/6/2020,Wind,3,4,5654
1/21/2023,Wind,0,1,5918
10/20/2025,Wind,3,4,11753
5/9/2021,Wind,14,15,11238
9/10/2023,Wind,21,22,2358
8/4/2024,Wind,6,7,1962
2/20/2023,Wind,8,9,3465
10/6/2025,Solar,9,10,4871
10/31/2020,Wind,0,1,1716
6/2/2022,Wind,3,4,4245
7/1/2021,Wind,20,21,1001
10/5/2024,Solar,11,12,8795
8/21/2023,Solar,12,13,6981
10/31/2023,Wind,15,16,10888
12/24/2020,Wind,17,18,9299
10/29/2024,Wind,0,1,2034
1/20/2020,Wind,6,7,5969
7/27/2022,Wind,2,3,2863
9/23/2023,Wind,22,23,1134
5/17/2023,Wind,21,22,7154
5/15/2021,Wind,13,14,10329
10/24/2021,Wind,0,1,3903
5/23/2025,Wind,7,8,3940
7/31/2023,Wind,17,18,16164
10/11/2023,Wind,7,8,2966
5/1/2022,Solar,18,19,3553
7/10/2025,Wind,7,8,2663
1/5/2024,Wind,5,6,10179
9/8/2020,Wind,0,1,1596
3/23/2023,Wind,20,21,13963
4/1/2023,Wind,2,3,16591
2/18/2025,Wind,15,16,9155
10/14/2020,Wind,12,13,5761
8/21/2024,Wind,0,1,7150
11/13/2025,Wind,4,5,11401
9/19/2022,Solar,15,16,7972
7/26/2023,Wind,22,23,2678
1/14/2021,Wind,7,8,7248
12/1/2020,Wind,2,3,7535
2/27/2024,Wind,6,7,11867
1/13/2020,Wind,5,6,2719
1/7/2022,Wind,0,1,9092
10/3/2022,Solar,15,16,5116
11/15/2022,Wind,0,1,6758
9/1/2022,Wind,5,6,2865
7/27/2021,Wind,2,3,1685
7/11/2021,Solar,13,14,5042
3/29/2022,Solar,10,11,3254
4/3/2024,Wind,13,14,18128
4/19/2023,Wind,7,8,6823
10/25/2021,Wind,3,4,2690
6/18/2023,Wind,20,21,4451
2/14/2023,Wind,21,22,4662
3/23/2025,Wind,22,23,1259
6/27/2025,Solar,17,18,9125
8/28/2022,Solar,12,13,8898
7/11/2023,Wind,5,6,1999
9/9/2020,Wind,8,9,1078
6/28/2024,Solar,18,19,4290
7/29/2020,Solar,9,10,2120
7/9/2023,Solar,16,17,6674
3/16/2024,Wind,18,19,1211
5/14/2023,Solar,10,11,6013
6/13/2025,Wind,2,3,1801
11/9/2022,Wind,5,6,8441
4/6/2022,Wind,6,7,5141
8/8/2025,Solar,15,16,4706
10/4/2025,Wind,7,8,17338
10/25/2020,Wind,2,3,10696
7/18/2021,Wind,8,9,4398
8/13/2021,Solar,18,19,2862
11/4/2023,Wind,22,23,14865
10/27/2020,Wind,20,21,10606
3/5/2023,Wind,21,22,1000
11/14/2022,Wind,0,1,3434
9/10/2020,Wind,22,23,2229
4/20/2024,Wind,15,16,8412
2/15/2021,Wind,11,12,12188
4/24/2024,Wind,11,12,9813
3/14/2023,Wind,9,10,17911
2/8/2022,Wind,16,17,4263
1/8/2025,Wind,15,16,12406
12/4/2023,Wind,2,3,13067
6/29/2025,Wind,21,22,2788
11/21/2025,Wind,0,1,4327
7/18/2021,Solar,11,12,7976
12/18/2024,Wind,5,6,13902
12/28/2024,Solar,11,12,4030
8/4/2020,Solar,13,14,5530
9/21/2024,Solar,11,12,7327
3/25/2020,Wind,2,3,6439
5/9/2021,Wind,17,18,11507
7/30/2023,Wind,17,18,12058
7/4/2022,Solar,13,14,5745
7/5/2021,Wind,9,10,4747
2/13/2023,Solar,13,14,6722
9/27/2020,Wind,5,6,11489
8/26/2025,Wind,22,23,2770
1/28/2025,Wind,19,20,19186
9/5/2023,Wind,20,21,1711
6/6/2020,Wind,19,20,7194
9/21/2023,Wind,0,1,11271
1/6/2021,Wind,4,5,1309
6/21/2021,Solar,17,18,4642
4/30/2020,Wind,1,2,6717
12/5/2024,Wind,6,7,11663
8/11/2022,Wind,6,7,4434
4/3/2023,Wind,17,18,10376
10/9/2024,Wind,2,3,11147
11/5/2021,Solar,14,15,3837
2/19/2020,Wind,15,16,7030
3/21/2024,Solar,15,16,6064
5/4/2021,Wind,3,4,13060
7/20/2020,Wind,2,3,2745
4/21/2020,Wind,12,13,5274
9/28/2021,Wind,22,23,5083
11/16/2023,Wind,8,9,8890
11/16/2023,Wind,10,11,10601
9/5/2021,Solar,12,13,4826
10/30/2024,Solar,10,11,4815
10/14/2021,Wind,7,8,1998
11/27/2024,Wind,11,12,18995
7/19/2022,Solar,14,15,11456
3/18/2020,Wind,7,8,920
8/2/2020,Wind,20,21,3476
10/8/2023,Wind,22,23,914
1/18/2021,Wind,0,1,2046
5/1/2023,Wind,5,6,2281
3/27/2023,Solar,13,14,7984
9/12/2024,Wind,17,18,9890
6/27/2021,Solar,11,12,2797
4/29/2023,Solar,10,11,3294
2/14/2020,Wind,20,21,5101
5/28/2020,Wind,20,21,4584
10/23/2020,Wind,21,22,5272
2/9/2021,Wind,11,12,3261
5/18/2020,Solar,17,18,4683
2/16/2020,Wind,5,6,11933
1/17/2021,Wind,5,6,5132
8/22/2020,Wind,15,16,11377
12/2/2023,Wind,15,16,3287
11/19/2024,Wind,6,7,17507
1/20/2022,Wind,23,0,5476
8/12/2021,Wind,4,5,537
4/12/2022,Wind,23,0,2391
9/20/2024,Wind,1,2,6934
7/24/2020,Wind,6,7,1623
7/31/2023,Wind,8,9,10483
5/7/2021,Solar,15,16,5300
6/19/2022,Wind,15,16,12780
4/26/2020,Wind,21,22,507
5/2/2023,Solar,9,10,5328
11/6/2021,Solar,10,11,4862
1/11/2022,Wind,9,10,3441
5/26/2023,Solar,12,13,12036
9/22/2024,Wind,9,10,3944
9/4/2023,Wind,9,10,7654
5/3/2022,Wind,0,1,5334
6/15/2025,Solar,12,13,3841
12/18/2021,Wind,6,7,6087
8/2/2021,Solar,11,12,4320
8/16/2025,Wind,6,7,7143
6/29/2025,Solar,14,15,4565
2/21/2022,Wind,7,8,14866
6/7/2025,Wind,21,22,11062
4/20/2025,Wind,15,16,4558
7/23/2023,Wind,2,3,9075
2/21/2025,Wind,15,16,15714
10/19/2022,Wind,19,20,7944
1/27/2024,Wind,0,1,1873
2/11/2021,Wind,8,9,6113
2/13/2023,Wind,21,22,2677
12/6/2024,Wind,8,9,13192
1/29/2023,Wind,5,6,1135
4/22/2023,Wind,5,6,4828
2/14/2025,Wind,16,17,7129
10/24/2021,Wind,23,0,3283
9/29/2025,Wind,8,9,2578
1/20/2020,Wind,10,11,6095
1/26/2022,Solar,13,14,3768
4/6/2020,Wind,0,1,7724
1/31/2020,Wind,3,4,7998
8/31/2022,Wind,5,6,2234
4/1/2023,Wind,1,2,16915
11/1/2022,Wind,15,16,13662
7/30/2024,Wind,22,23,2503
4/8/2025,Wind,19,20,2749
9/10/2024,Wind,20,21,11651
10/31/2020,Wind,9,10,8194
5/7/2024,Solar,9,10,5090
4/19/2021,Wind,0,1,1780
3/12/2023,Wind,18,19,9795
11/19/2023,Wind,9,10,13588
2/14/2023,Solar,14,15,6281
10/8/2020,Wind,23,0,3679
12/4/2024,Wind,18,19,3938
8/2/2022,Wind,5,6,1216
9/5/2021,Wind,2,3,570
1/3/2024,Wind,20,21,17729
6/2/2023,Solar,11,12,10821
12/5/2024,Wind,14,15,16998
5/29/2022,Wind,2,3,6015
8/3/2023,Wind,17,18,9503
8/31/2020,Solar,11,12,4591
1/27/2021,Wind,13,14,5439
8/1/2020,Wind,8,9,2389
7/13/2021,Wind,5,6,2739
12/5/2021,Wind,4,5,7154
11/4/2022,Wind,20,21,6038
10/10/2022,Solar,11,12,4346
12/8/2023,Wind,6,7,4441
11/19/2023,Wind,23,0,12031
2/19/2024,Wind,22,23,4808
3/11/2024,Wind,18,19,6774
12/2/2022,Wind,21,22,6439
9/15/2024,Solar,13,14,6509
5/13/2025,Solar,12,13,4040
8/16/2024,Wind,3,4,3495
7/4/2022,Solar,18,19,4726
12/17/2021,Wind,22,23,7175
5/3/2022,Wind,17,18,4686
11/1/2022,Wind,19,20,11571
10/23/2025,Wind,1,2,18781
6/2/2020,Wind,7,8,1582
7/30/2023,Wind,6,7,5034
10/18/2024,Wind,10,11,3726
1/24/2021,Wind,17,18,7785
6/7/2024,Solar,18,19,3850
9/17/2022,Wind,6,7,5298
8/1/2023,Wind,14,15,16261
8/9/2024,Wind,2,3,4379
4/1/2025,Wind,0,1,10918
10/12/2020,Wind,8,9,1885
12/29/2021,Wind,17,18,13972
9/20/2025,Wind,13,14,14676
1/20/2023,Wind,11,12,5568
10/16/2025,Wind,3,4,4675
10/24/2024,Wind,9,10,6471
11/19/2021,Wind,20,21,1780
12/16/2021,Wind,12,13,5603
5/8/2022,Wind,7,8,3729
11/18/2024,Wind,8,9,8868
7/22/2024,Wind,3,4,3600
11/10/2021,Solar,9,10,1404
4/30/2021,Wind,21,22,1194
11/15/2024,Wind,23,0,1734
6/4/2021,Wind,5,6,1719
3/16/2020,Wind,22,23,1639
1/20/2022,Wind,20,21,5362
3/12/2022,Wind,7,8,6226
10/29/2025,Wind,18,19,8314
9/26/2021,Wind,5,6,2237
7/8/2022,Solar,15,16,9095
12/4/2021,Wind,0,1,9482
10/13/2023,Wind,23,0,14400
11/18/2023,Wind,22,23,12095
11/7/2023,Wind,6,7,6851
9/2/2022,Wind,19,20,1443
2/23/2024,Wind,9,10,15039
9/5/2020,Wind,4,5,2634
11/1/2025,Wind,6,7,14454
11/18/2025,Wind,19,20,7882
5/27/2021,Solar,17,18,3912
2/11/2021,Wind,15,16,8683
8/31/2022,Wind,20,21,2951
6/21/2023,Solar,15,16,4753
8/30/2022,Wind,22,23,3271
10/11/2021,Wind,20,21,3153
10/7/2023,Wind,23,0,3526
8/27/2020,Wind,23,0,7497
7/22/2021,Solar,9,10,2992
8/1/2024,Wind,1,2,1611
6/1/2021,Wind,21,22,3763
9/21/2021,Solar,14,15,5163
9/9/2024,Wind,5,6,8521
1/31/2025,Wind,12,13,8937
6/3/2025,Wind,6,7,2426
6/25/2021,Solar,12,13,5768
6/18/2022,Wind,7,8,2323
2/26/2023,Wind,18,19,15728
3/11/2022,Wind,21,22,10519
6/1/2022,Solar,17,18,5214
6/19/2022,Wind,7,8,6948
9/8/2022,Wind,10,11,8695
8/2/2022,Wind,1,2,1310
11/26/2024,Wind,1,2,6445
12/13/2023,Wind,6,7,7828
7/12/2025,Wind,20,21,3909
10/16/2022,Wind,18,19,4704
4/12/2020,Wind,21,22,2322
12/25/2023,Wind,16,17,12230
6/18/2021,Wind,17,18,9367
10/18/2023,Wind,1,2,10499
1/12/2022,Solar,11,12,4584
4/29/2023,Wind,22,23,2714
9/21/2021,Wind,23,0,3306
8/8/2023,Solar,12,13,9733
8/1/2021,Wind,4,5,2348
2/10/2020,Wind,21,22,12959
10/31/2020,Wind,4,5,3069
12/31/2024,Wind,17,18,9036
10/28/2023,Wind,4,5,11930
7/19/2025,Wind,1,2,4635
9/15/2023,Wind,19,20,2659
7/12/2021,Wind,7,8,2324
11/28/2020,Wind,13,14,3710
1/10/2023,Wind,14,15,15777
12/13/2021,Wind,1,2,1678
12/23/2021,Wind,13,14,8130
12/13/2024,Wind,9,10,2960
4/19/2022,Wind,3,4,2818
8/30/2023,Wind,23,0,3483
3/14/2023,Wind,22,23,5023
5/6/2022,Wind,18,19,4837
3/23/2025,Wind,8,9,5996
1/16/2022,Wind,3,4,1801
8/26/2023,Wind,0,1,2861
4/17/2025,Wind,3,4,2565
4/10/2025,Solar,10,11,10273
8/23/2021,Wind,21,22,5030
11/21/2023,Wind,15,16,7176
8/18/2024,Wind,19,20,5352
11/4/2024,Wind,3,4,2776
8/7/2021,Wind,2,3,3294
11/27/2022,Wind,15,16,6839
3/27/2021,Wind,2,3,9516
3/12/2022,Wind,22,23,9748
10/17/2025,Wind,5,6,5096
4/10/2025,Solar,17,18,10743
8/21/2022,Wind,0,1,791
2/11/2021,Wind,6,7,5196
3/31/2021,Wind,23,0,1435
6/19/2020,Wind,6,7,1906
2/26/2020,Wind,13,14,13169
10/21/2023,Wind,11,12,20374
11/7/2023,Wind,8,9,8207
7/29/2025,Wind,0,1,3104
2/19/2020,Wind,10,11,7379
4/3/2023,Wind,13,14,11458
2/25/2021,Wind,19,20,1854
2/25/2021,Wind,2,3,5371
9/28/2024,Solar,11,12,8533
2/22/2023,Wind,14,15,3581
3/5/2025,Solar,11,12,9526
9/11/2023,Wind,1,2,2249
12/6/2020,Wind,20,21,1761
10/3/2025,Wind,14,15,11497
11/28/2022,Wind,4,5,4489
5/3/2020,Wind,22,23,705
2/19/2021,Wind,13,14,8744
1/16/2020,Wind,16,17,9123
11/18/2021,Solar,13,14,3746
12/13/2022,Wind,6,7,6219
5/26/2021,Wind,12,13,10892
5/28/2020,Wind,22,23,6074
5/16/2022,Wind,22,23,599
2/8/2021,Wind,10,11,2084
8/25/2022,Solar,12,13,6443
3/12/2024,Wind,0,1,5402
3/8/2022,Wind,21,22,5703
4/6/2025,Wind,22,23,10147
12/1/2023,Wind,21,22,5091
2/1/2024,Wind,13,14,3991
3/19/2021,Wind,5,6,5515
11/22/2020,Wind,2,3,2036
1/29/2023,Wind,6,7,1089
2/3/2020,Wind,23,0,10296
8/22/2025,Wind,22,23,3100
12/30/2023,Wind,21,22,14946
6/14/2020,Wind,6,7,2981
5/20/2025,Solar,11,12,7909
5/27/2021,Solar,19,20,1951
11/28/2024,Solar,12,13,5112
6/12/2025,Wind,20,21,2592
12/2/2021,Wind,4,5,6595
4/6/2023,Wind,1,2,1240
8/29/2022,Wind,21,22,5149
4/22/2024,Wind,2,3,7693
4/7/2022,Wind,21,22,13300
8/17/2020,Wind,8,9,2329
4/8/2020,Wind,0,1,3294
6/27/2022,Wind,2,3,1132
11/8/2022,Wind,13,14,13921
7/27/2024,Wind,1,2,418
8/5/2025,Wind,16,17,7613
5/1/2020,Wind,10,11,8012
6/22/2022,Wind,5,6,3322
1/10/2020,Wind,0,1,9719
2/26/2024,Wind,3,4,9462
8/3/2023,Wind,18,19,7651
11/6/2020,Wind,0,1,7462
5/12/2025,Solar,18,19,4886
2/4/2023,Wind,6,7,2724
9/8/2021,Wind,16,17,5846
2/16/2023,Wind,19,20,7525
5/12/2022,Solar,8,9,1922
11/12/2025,Wind,0,1,13071
7/7/2020,Solar,11,12,4694
3/18/2021,Wind,13,14,6015
8/2/2020,Wind,7,8,2829
1/28/2020,Wind,8,9,12847
10/6/2023,Wind,0,1,1366
6/27/2024,Solar,10,11,5860
8/30/2024,Solar,12,13,8694
11/22/2025,Wind,5,6,4673
1/8/2024,Wind,13,14,11588
8/10/2025,Solar,12,13,4763
4/30/2024,Wind,10,11,6800
9/5/2024,Solar,12,13,7713
6/18/2024,Wind,5,6,2850
8/11/2020,Wind,22,23,1326
11/18/2024,Wind,4,5,9025
3/3/2025,Wind,21,22,4149
6/16/2020,Solar,9,10,2228
11/5/2023,Wind,11,12,19077
7/10/2020,Wind,9,10,4371
10/29/2023,Wind,18,19,12320
6/25/2020,Wind,1,2,3877
11/27/2023,Wind,2,3,7464
9/10/2023,Wind,22,23,2837
3/25/2024,Wind,22,23,8875
11/11/2021,Wind,2,3,1151
9/21/2020,Solar,10,11,1691
1/17/2021,Wind,21,22,2503
6/16/2024,Wind,20,21,3886
5/25/2020,Wind,5,6,2382
9/30/2025,Wind,6,7,1558
2/19/2025,Wind,6,7,8798
11/18/2022,Wind,22,23,3150
1/4/2021,Wind,10,11,2038
6/4/2022,Solar,13,14,5744
12/14/2021,Solar,10,11,2182
6/14/2025,Wind,2,3,5142
7/11/2024,Solar,8,9,2417
3/31/2025,Solar,13,14,12362
1/6/2025,Wind,6,7,18722
12/16/2021,Wind,8,9,2732
6/12/2021,Wind,22,23,2432
7/9/2020,Wind,17,18,6646
2/18/2022,Wind,18,19,13238
2/13/2021,Wind,14,15,9991
12/16/2021,Wind,7,8,2497
12/15/2024,Wind,8,9,6048
7/10/2021,Solar,10,11,3276
11/29/2025,Wind,18,19,10196
2/10/2021,Wind,21,22,4420
7/29/2024,Solar,12,13,10129
1/20/2023,Wind,9,10,3401
9/10/2022,Solar,16,17,7701
12/23/2022,Wind,16,17,15011
12/9/2023,Wind,4,5,9880
3/19/2023,Wind,16,17,6813
11/30/2020,Wind,4,5,1329
5/24/2021,Wind,4,5,8666
1/27/2022,Wind,9,10,5055
10/19/2022,Wind,0,1,5532
1/17/2023,Wind,19,20,4973
10/13/2025,Wind,18,19,7387
5/1/2025,Solar,12,13,5191
7/2/2020,Wind,21,22,3656
5/14/2022,Solar,11,12,5901
9/4/2024,Wind,1,2,1022
5/16/2021,Wind,3,4,4872
2/24/2022,Wind,9,10,9070
11/6/2025,Wind,3,4,8939
1/28/2023,Wind,17,18,3752
4/5/2023,Wind,1,2,2623
3/8/2024,Wind,18,19,9798
9/9/2022,Wind,5,6,8652
6/23/2025,Wind,11,12,7643
3/4/2024,Wind,2,3,3900
2/21/2025,Wind,8,9,13537
10/31/2023,Wind,10,11,9320
8/11/2024,Wind,2,3,3520
12/12/2023,Wind,14,15,11858
1/18/2021,Wind,6,7,2493
8/3/2024,Wind,4,5,3502
5/17/2025,Solar,9,10,6696
11/14/2021,Wind,18,19,4424
6/20/2023,Wind,4,5,3307
3/21/2022,Wind,7,8,4387
4/19/2020,Wind,13,14,3115
7/6/2024,Wind,4,5,8305
5/14/2023,Wind,23,0,4043
12/19/2022,Wind,2,3,12288
9/23/2020,Wind,14,15,8545
4/20/2024,Wind,4,5,6904
7/21/2020,Wind,21,22,4406
4/25/2020,Wind,3,4,1779
6/10/2023,Wind,4,5,2713
2/11/2024,Wind,17,18,12006
7/6/2022,Solar,12,13,7683
2/5/2022,Wind,19,20,9947
5/28/2020,Wind,23,0,6736
9/17/2025,Wind,2,3,2575
8/8/2025,Solar,8,9,3228
3/9/2020,Wind,22,23,8872
3/11/2024,Wind,21,22,6066
5/14/2025,Solar,17,18,7679
2/4/2020,Wind,1,2,10533
8/11/2020,Solar,18,19,2040
10/13/2023,Wind,17,18,15965
6/16/2022,Solar,19,20,1895
12/8/2020,Wind,8,9,2188
3/29/2021,Solar,14,15,5986
6/15/2025,Solar,9,10,3778
1/20/2024,Solar,12,13,6835
2/17/2025,Wind,23,0,3993
12/3/2021,Wind,7,8,6171
5/30/2023,Wind,8,9,9640
2/3/2020,Wind,15,16,8538
1/22/2025,Wind,12,13,6417
12/27/2021,Wind,21,22,12569
11/8/2020,Wind,11,12,3996
9/20/2023,Wind,21,22,10365
3/11/2024,Wind,17,18,8030
7/16/2024,Wind,9,10,11662
3/26/2025,Wind,19,20,3745
2/18/2023,Wind,1,2,5595
7/18/2024,Solar,16,17,7212
5/8/2020,Wind,4,5,2082
9/18/2023,Wind,16,17,14252
8/10/2023,Solar,12,13,7330
9/7/2020,Wind,19,20,2004
10/3/2020,Wind,16,17,6727
5/26/2021,Wind,2,3,5529
1/23/2022,Wind,4,5,1749
6/14/2022,Solar,9,10,4214
1/20/2021,Wind,9,10,12999
4/1/2025,Wind,6,7,10967
2/15/2020,Wind,12,13,11448
3/24/2022,Solar,10,11,5742
9/5/2025,Wind,1,2,4105
1/12/2023,Wind,12,13,18306
11/6/2022,Wind,19,20,11005
3/8/2022,Wind,17,18,3785
12/24/2020,Wind,22,23,7846
9/10/2020,Solar,15,16,2992
4/28/2024,Wind,1,2,10254
5/9/2020,Wind,0,1,2676
12/3/2020,Wind,12,13,9711
7/20/2024,Wind,0,1,1818
8/10/2021,Wind,0,1,1225
4/25/2024,Solar,14,15,7534
10/12/2021,Wind,19,20,3353
6/13/2020,Wind,11,12,4955
7/31/2023,Wind,7,8,9176
2/7/2020,Wind,15,16,5046
4/8/2025,Wind,3,4,2900
10/29/2022,Wind,16,17,6799
3/17/2020,Solar,13,14,2613
7/16/2025,Wind,19,20,7811
11/9/2025,Wind,21,22,5570
8/15/2021,Wind,18,19,8013
8/31/2020,Wind,8,9,2550
2/10/2020,Wind,7,8,11091
3/20/2022,Wind,3,4,5262
2/16/2022,Wind,6,7,14791
10/17/2022,Wind,22,23,1822
3/28/2025,Wind,2,3,2114
6/7/2020,Wind,1,2,3654
8/17/2020,Wind,5,6,1922
4/22/2025,Solar,8,9,2305
9/6/2021,Wind,3,4,1319
9/4/2024,Wind,0,1,1181
1/20/2025,Wind,20,21,1179
7/13/2020,Solar,13,14,4705
6/3/2021,Solar,15,16,3805
4/9/2025,Wind,8,9,5564
7/25/2024,Solar,15,16,9796
9/13/2020,Wind,21,22,1634
7/18/2024,Wind,3,4,2282
6/16/2024,Wind,11,12,7228
1/15/2025,Wind,7,8,2998
4/12/2023,Wind,10,11,11551
9/30/2023,Solar,15,16,6238
10/31/2025,Wind,12,13,13978
2/20/2025,Wind,15,16,10442
12/7/2021,Wind,4,5,5875
12/19/2021,Wind,2,3,3858
9/11/2021,Wind,6,7,1304
7/13/2022,Wind,3,4,1284
7/26/2025,Wind,1,2,2898
5/6/2025,Wind,13,14,15086
12/20/2022,Wind,7,8,13290
8/28/2020,Wind,23,0,2992
1/20/2023,Wind,7,8,2459
2/19/2024,Wind,20,21,5970
6/26/2021,Solar,13,14,4853
5/29/2024,Wind,15,16,11061
6/13/2021,Wind,2,3,3335
8/26/2024,Wind,2,3,2474
6/10/2021,Wind,20,21,1433
9/12/2020,Wind,21,22,1498
2/14/2022,Wind,2,3,13708
7/14/2022,Solar,15,16,9365
9/1/2022,Wind,2,3,3710
7/25/2023,Wind,8,9,6136
6/27/2025,Solar,15,16,11359
5/26/2024,Wind,3,4,4941
4/4/2022,Wind,0,1,1493
10/24/2021,Wind,3,4,4122
11/11/2021,Wind,21,22,870
12/15/2020,Wind,3,4,4872
1/8/2022,Wind,17,18,15073
7/23/2020,Wind,22,23,1571
7/18/2020,Wind,22,23,1461
12/12/2021,Wind,16,17,2570
4/5/2022,Wind,9,10,6905
7/17/2023,Wind,5,6,2324
4/20/2020,Wind,7,8,5618
1/18/2021,Wind,7,8,2566
8/24/2021,Wind,18,19,11067
1/28/2021,Wind,8,9,13948
2/27/2020,Wind,21,22,7033
5/4/2025,Wind,15,16,7299
9/1/2020,Solar,9,10,2103
11/11/2024,Wind,7,8,3528
10/24/2021,Solar,11,12,6109
11/11/2022,Wind,5,6,3169
1/8/2020,Wind,1,2,5852
1/13/2021,Wind,4,5,3236
8/10/2021,Solar,14,15,5787
4/2/2025,Wind,2,3,15114
3/1/2021,Wind,17,18,3239
11/30/2022,Wind,9,10,2060
1/14/2020,Wind,18,19,12733
10/12/2020,Solar,10,11,3235
3/29/2024,Wind,20,21,5982
10/12/2025,Solar,15,16,11438
12/21/2020,Wind,3,4,6804
9/16/2024,Solar,15,16,10670
4/7/2023,Solar,12,13,7303
7/21/2024,Wind,16,17,8390
10/31/2024,Solar,13,14,4724
2/21/2020,Wind,13,14,8359
9/1/2021,Wind,19,20,6601
3/10/2024,Wind,20,21,1487
8/12/2020,Wind,16,17,3514
8/26/2023,Wind,4,5,3719
3/2/2022,Wind,9,10,3208
1/3/2022,Wind,8,9,9363
2/13/2025,Solar,11,12,4235
4/10/2024,Wind,8,9,3966
3/22/2021,Wind,19,20,2676
1/10/2025,Wind,10,11,5399
10/6/2023,Solar,15,16,6868
4/29/2024,Solar,15,16,7027
7/13/2024,Wind,5,6,896
11/14/2021,Wind,15,16,4245
12/10/2023,Wind,10,11,14883
6/13/2022,Wind,19,20,2895
9/21/2024,Wind,7,8,3743
7/9/2025,Wind,2,3,1777
8/18/2024,Solar,13,14,10781
2/3/2023,Wind,7,8,6517
12/12/2021,Wind,17,18,2137
5/10/2021,Wind,1,2,7851
6/24/2022,Wind,20,21,6156
3/17/2020,Wind,3,4,1308
7/24/2024,Solar,8,9,2606
10/27/2023,Wind,3,4,8707
8/17/2025,Solar,10,11,9267
9/17/2020,Wind,16,17,8119
9/30/2025,Wind,5,6,1392
10/3/2024,Wind,7,8,7039
3/28/2021,Wind,7,8,3564
7/17/2025,Wind,23,0,1610
2/26/2022,Solar,10,11,7670
7/3/2025,Solar,15,16,9564
3/7/2025,Wind,18,19,5888
8/8/2024,Wind,4,5,1215
9/23/2023,Wind,8,9,3488
4/28/2021,Solar,11,12,2519
9/10/2022,Solar,14,15,8766
3/31/2025,Wind,8,9,5433
7/16/2024,Wind,4,5,8021
8/20/2025,Wind,11,12,7286
1/6/2023,Wind,13,14,8675
8/17/2023,Wind,20,21,1803
3/15/2024,Wind,5,6,9919
12/4/2020,Wind,0,1,12195
12/21/2021,Wind,4,5,2850
6/9/2024,Wind,22,23,5084
6/14/2022,Solar,8,9,3413
8/27/2023,Wind,6,7,2812
1/6/2025,Wind,12,13,18898
3/6/2020,Wind,20,21,4508
12/30/2021,Wind,12,13,9277
12/6/2022,Wind,6,7,1632
6/21/2024,Wind,1,2,1325
2/1/2025,Wind,21,22,4191
7/14/2020,Wind,18,19,4409
7/1/2020,Wind,19,20,5201
3/21/2023,Wind,22,23,8110
4/14/2025,Solar,8,9,2139
2/27/2022,Wind,12,13,10044
11/5/2020,Wind,13,14,6887
3/10/2020,Wind,5,6,12041
6/1/2025,Solar,17,18,3175
1/26/2025,Wind,2,3,9972
4/30/2020,Wind,13,14,11987
12/14/2024,Wind,2,3,1157
4/15/2025,Wind,15,16,7968
10/30/2020,Wind,2,3,7489
2/8/2021,Wind,0,1,1406
3/9/2022,Wind,4,5,3581
2/22/2022,Wind,15,16,14388
1/16/2024,Wind,19,20,3128
11/30/2023,Wind,11,12,2419
1/21/2022,Wind,14,15,6986
10/13/2022,Wind,2,3,1361
6/17/2022,Wind,23,0,1592
11/17/2024,Wind,6,7,3941
7/18/2020,Wind,2,3,1339
9/25/2024,Wind,8,9,5967
3/29/2022,Wind,5,6,2891
6/17/2020,Wind,19,20,2095
6/29/2024,Wind,18,19,6554
10/30/2020,Wind,10,11,7419
2/19/2021,Wind,19,20,7404
1/1/2024,Wind,4,5,8838
12/27/2022,Wind,6,7,4019
11/1/2021,Wind,10,11,10079
8/28/2020,Wind,21,22,3247
8/27/2020,Wind,19,20,6475
10/5/2022,Wind,20,21,7845
2/6/2020,Wind,4,5,2972
2/9/2024,Wind,11,12,13564
5/17/2024,Wind,23,0,679
4/8/2021,Solar,10,11,3570
11/4/2025,Wind,1,2,8203
11/18/2022,Wind,6,7,7697
3/24/2020,Wind,6,7,5924
2/24/2020,Wind,3,4,3562
9/9/2020,Wind,0,1,935
8/3/2025,Solar,12,13,6177
1/24/2023,Wind,18,19,2989
10/31/2020,Wind,3,4,2492
8/14/2024,Solar,14,15,6071
4/27/2024,Wind,15,16,11873
4/26/2024,Wind,23,0,4435
5/11/2020,Wind,1,2,9243
7/2/2022,Wind,6,7,1275
11/2/2023,Wind,15,16,15875
8/15/2021,Wind,16,17,8032
7/10/2020,Wind,16,17,5447
2/18/2020,Wind,9,10,8247
1/17/2025,Wind,2,3,2010
9/29/2025,Solar,14,15,9018
2/10/2025,Wind,3,4,3590
11/2/2024,Wind,0,1,1203
1/7/2023,Wind,20,21,14522
12/30/2022,Wind,7,8,13456
2/29/2020,Wind,23,0,11760
3/17/2021,Wind,20,21,5952
4/15/2025,Wind,20,21,9714
6/20/2023,Wind,20,21,1917
2/20/2021,Wind,17,18,12274
5/25/2022,Wind,19,20,8041
12/27/2021,Wind,8,9,7212
10/20/2024,Wind,1,2,3018
5/14/2025,Wind,21,22,6080
2/20/2022,Wind,12,13,17314
4/18/2021,Wind,1,2,4779
1/30/2024,Wind,0,1,8113
2/7/2021,Wind,1,2,5123
10/31/2025,Wind,6,7,9628
7/3/2025,Wind,7,8,4571
5/26/2022,Wind,21,22,4299
4/9/2024,Wind,5,6,9097
8/13/2020,Wind,14,15,4931
10/31/2024,Wind,19,20,1060
4/25/2025,Solar,14,15,10245
12/11/2024,Wind,13,14,7435
5/20/2022,Wind,7,8,3605
5/31/2020,Wind,11,12,8533
12/21/2024,Wind,7,8,7750
11/1/2022,Wind,9,10,11756
6/12/2022,Wind,3,4,3211
1/3/2022,Wind,18,19,7791
8/13/2025,Wind,18,19,3943
7/6/2021,Wind,5,6,9578
10/12/2025,Solar,13,14,12629
6/7/2024,Wind,21,22,1472
12/9/2022,Wind,12,13,3667
3/15/2021,Wind,20,21,5856
2/8/2023,Solar,13,14,6888
7/9/2022,Solar,10,11,5963
3/2/2025,Solar,15,16,9877
7/16/2023,Wind,6,7,5414
1/6/2022,Wind,9,10,2549
8/29/2022,Wind,9,10,4856
4/21/2025,Wind,2,3,4052
8/14/2025,Wind,2,3,2821
11/2/2023,Wind,17,18,15676
5/2/2024,Wind,10,11,9667
8/3/2023,Wind,10,11,12494
3/5/2020,Wind,0,1,5038
1/6/2024,Wind,19,20,8024
5/19/2022,Wind,6,7,3839
1/28/2024,Wind,8,9,9911
1/23/2021,Wind,9,10,6788
1/5/2024,Wind,3,4,11144
3/29/2020,Wind,17,18,13938
11/13/2020,Wind,14,15,5605
8/30/2025,Wind,4,5,4869
8/17/2022,Wind,19,20,2033
5/31/2022,Solar,8,9,1676
10/18/2022,Wind,9,10,3002
12/3/2020,Wind,8,9,5211
1/11/2022,Solar,13,14,5143
2/24/2022,Wind,3,4,4329
9/2/2021,Wind,9,10,5745
9/10/2020,Wind,0,1,1794
5/2/2022,Solar,11,12,6127
3/8/2025,Wind,5,6,10697
10/16/2024,Wind,1,2,11010
7/17/2025,Wind,20,21,1801
12/1/2023,Wind,10,11,3234
11/12/2023,Wind,14,15,9888
9/3/2023,Wind,18,19,6935
1/17/2022,Solar,15,16,2716
4/26/2023,Wind,8,9,2693
4/1/2021,Wind,17,18,6463
5/28/2023,Solar,9,10,5108
3/27/2022,Solar,14,15,6871
4/13/2025,Wind,2,3,9132
10/18/2021,Wind,21,22,4845
9/9/2022,Wind,22,23,5803
11/14/2025,Wind,6,7,12793
2/27/2020,Wind,3,4,5876
7/7/2020,Solar,13,14,5278
12/18/2023,Wind,15,16,3980
9/28/2023,Wind,1,2,4548
6/28/2024,Wind,7,8,2990
10/20/2020,Wind,5,6,9659
4/27/2021,Wind,3,4,4738
4/6/2024,Wind,15,16,8363
4/28/2021,Wind,16,17,4670
10/2/2025,Solar,17,18,4982
9/14/2020,Solar,14,15,5167
6/24/2023,Wind,6,7,2771
10/21/2020,Wind,11,12,15183
8/1/2025,Wind,17,18,11333
2/23/2022,Wind,23,0,3212
7/24/2021,Solar,12,13,5662
12/10/2023,Wind,4,5,14688
4/19/2020,Wind,5,6,2422
4/24/2021,Wind,3,4,7172
4/21/2020,Wind,9,10,5012
10/12/2023,Wind,16,17,8100
11/16/2025,Wind,2,3,2155
1/7/2022,Wind,13,14,12803
11/16/2023,Wind,5,6,4723
6/18/2020,Wind,1,2,1643
8/3/2024,Wind,6,7,2972
6/24/2024,Solar,8,9,4072
5/18/2023,Wind,16,17,9570
4/24/2020,Solar,17,18,3015
9/19/2024,Wind,23,0,8303
12/18/2021,Wind,18,19,6095
8/9/2024,Wind,8,9,6545
1/31/2025,Wind,14,15,9041
3/28/2021,Solar,15,16,6562
6/8/2024,Wind,20,21,3640
10/16/2024,Wind,19,20,10396
3/3/2020,Wind,13,14,2627
11/21/2024,Wind,22,23,6234
12/6/2020,Wind,7,8,2388
4/21/2022,Solar,13,14,7316
9/1/2023,Solar,13,14,9763
1/29/2023,Solar,13,14,4709
4/27/2022,Solar,13,14,9899
12/6/2023,Solar,12,13,4011
2/11/2023,Wind,4,5,1810
5/23/2021,Wind,19,20,7087
1/13/2023,Wind,13,14,17620
10/21/2020,Wind,8,9,12602
11/11/2021,Solar,9,10,2291
2/28/2023,Wind,21,22,6877
3/10/2023,Wind,12,13,20267
11/15/2021,Wind,1,2,3350
8/27/2022,Solar,13,14,7247
9/26/2025,Wind,19,20,408
10/18/2025,Solar,11,12,10166
9/4/2022,Wind,6,7,2242
5/14/2020,Wind,22,23,8480
11/20/2021,Wind,21,22,256
3/19/2022,Wind,2,3,11653
7/27/2023,Wind,19,20,7081
9/29/2022,Solar,16,17,3391
10/30/2020,Wind,20,21,2316
1/18/2020,Wind,17,18,1821
11/18/2023,Wind,8,9,10478
4/28/2025,Wind,19,20,4874
8/25/2022,Wind,1,2,2568
1/29/2020,Wind,10,11,8131
2/28/2024,Wind,4,5,2938
8/14/2021,Wind,7,8,1499
2/1/2025,Wind,4,5,3300
1/8/2025,Wind,17,18,15551
7/19/2020,Wind,5,6,717
4/15/2024,Wind,1,2,2526
10/7/2020,Wind,3,4,8655
5/13/2021,Wind,9,10,6445
8/21/2024,Wind,6,7,3751
1/9/2023,Wind,11,12,16471
7/12/2021,Solar,12,13,4206
7/17/2021,Wind,3,4,2660
2/8/2021,Wind,14,15,2189
12/21/2024,Wind,17,18,17785
8/11/2023,Solar,18,19,4743
10/26/2025,Wind,4,5,9938
10/17/2020,Wind,19,20,554
11/11/2025,Wind,6,7,7784
4/25/2021,Wind,4,5,8220
8/13/2022,Wind,22,23,3130
10/23/2023,Wind,5,6,5937
6/8/2021,Wind,0,1,1392
2/7/2021,Wind,14,15,6165
5/12/2025,Solar,16,17,4127
1/20/2024,Wind,1,2,3446
4/5/2022,Wind,15,16,10520
6/9/2023,Solar,14,15,7100
4/5/2025,Wind,23,0,9012
11/22/2025,Wind,14,15,12287
7/22/2025,Wind,17,18,11630
11/5/2022,Wind,2,3,3089
9/17/2021,Wind,3,4,696
10/13/2020,Wind,14,15,6661
4/8/2025,Wind,21,22,4246
3/8/2025,Wind,8,9,12302
10/14/2025,Wind,3,4,6169
12/7/2022,Wind,3,4,2533
5/29/2020,Wind,8,9,4079
10/4/2021,Wind,11,12,6850
12/15/2024,Wind,11,12,9368
4/26/2025,Wind,3,4,5053
8/19/2020,Wind,23,0,4393
1/17/2022,Wind,21,22,1708
7/2/2021,Wind,6,7,434
4/9/2024,Wind,19,20,12447
11/10/2022,Wind,23,0,3646
2/12/2023,Wind,19,20,3488
7/13/2022,Solar,18,19,4749
4/24/2025,Solar,13,14,9198
12/20/2021,Wind,17,18,3168
5/29/2024,Wind,7,8,6284
2/3/2024,Wind,23,0,5376
9/1/2021,Wind,18,19,7759
8/19/2023,Wind,22,23,1054
9/22/2022,Wind,0,1,2751
1/18/2020,Solar,14,15,2528
4/8/2021,Wind,0,1,851
10/5/2023,Solar,9,10,3037
8/31/2022,Wind,3,4,2669
3/12/2022,Wind,18,19,8732
7/20/2022,Wind,23,0,1815
4/29/2023,Wind,19,20,2892
7/30/2022,Wind,2,3,1439
5/13/2021,Wind,22,23,2605
10/16/2021,Wind,21,22,1291
10/15/2020,Wind,7,8,3910
6/6/2023,Solar,12,13,8646
8/8/2025,Wind,5,6,1437
7/26/2025,Solar,10,11,7998
2/20/2022,Wind,2,3,11206
11/28/2025,Wind,2,3,8628
6/28/2021,Solar,13,14,3922
9/19/2021,Wind,3,4,3519
9/28/2023,Wind,19,20,2552
5/13/2024,Solar,14,15,6831
5/18/2021,Wind,2,3,5406
8/1/2024,Solar,16,17,8661
9/12/2024,Wind,2,3,4472
2/5/2022,Wind,0,1,5210
8/15/2021,Wind,7,8,1301
7/31/2025,Wind,6,7,2301
1/27/2021,Wind,16,17,4041
11/9/2022,Wind,4,5,8537
12/22/2020,Wind,2,3,12189
12/8/2023,Wind,0,1,7878
11/10/2021,Solar,15,16,1760
5/11/2021,Wind,10,11,4076
2/15/2022,Wind,14,15,13683
4/8/2020,Wind,7,8,2012
4/10/2021,Wind,0,1,4391
6/7/2021,Wind,2,3,1350
5/13/2021,Wind,0,1,4479
3/8/2021,Wind,20,21,2882
11/6/2020,Wind,8,9,6743
3/16/2025,Wind,0,1,10187
9/26/2020,Wind,13,14,12730
11/23/2025,Wind,12,13,15669
3/24/2023,Wind,17,18,15698
1/22/2022,Solar,12,13,5027
2/8/2022,Wind,22,23,2415
4/27/2024,Wind,0,1,4743
1/24/2024,Wind,7,8,16218
9/20/2022,Wind,19,20,2499
7/19/2024,Solar,16,17,7392
11/13/2025,Wind,8,9,10392
2/13/2022,Wind,14,15,16782
1/22/2022,Wind,0,1,3190
12/19/2024,Wind,10,11,17216
1/18/2020,Wind,9,10,3050
2/6/2025,Wind,13,14,13224
3/8/2021,Solar,13,14,4523
1/20/2020,Wind,22,23,4934
8/29/2020,Wind,1,2,3457
9/17/2024,Wind,15,16,17409
5/15/2023,Wind,19,20,9747
4/26/2023,Solar,14,15,4918
8/7/2022,Wind,2,3,7089
11/18/2021,Wind,3,4,1529
7/28/2022,Solar,15,16,5339
9/29/2024,Wind,4,5,3181
7/27/2025,Wind,8,9,3635
12/7/2022,Wind,17,18,1713
6/4/2022,Wind,0,1,3214
4/11/2022,Wind,18,19,7879
7/18/2025,Solar,10,11,6389
10/28/2025,Wind,4,5,11636
1/15/2024,Wind,12,13,6809
3/7/2021,Solar,13,14,3169
1/10/2024,Wind,19,20,3793
5/8/2024,Wind,0,1,6559
9/28/2024,Wind,4,5,6407
5/25/2021,Wind,6,7,9546
8/2/2021,Wind,6,7,1153
6/13/2025,Wind,4,5,2021
6/10/2022,Solar,13,14,8508
1/10/2025,Wind,14,15,4286
7/20/2023,Solar,12,13,6951
2/28/2020,Wind,13,14,11014
6/18/2024,Solar,12,13,7785
1/31/2024,Wind,20,21,6085
1/27/2023,Wind,23,0,6094
8/15/2020,Solar,11,12,3086
10/4/2022,Wind,4,5,988
1/29/2024,Wind,23,0,8472
4/12/2022,Wind,6,7,7935
1/11/2022,Wind,23,0,2090
5/11/2025,Wind,16,17,4808
10/14/2023,Wind,4,5,10187
10/1/2021,Wind,23,0,3707
10/4/2024,Wind,22,23,2835
12/31/2024,Wind,11,12,7306
3/23/2020,Wind,16,17,7482
2/25/2022,Wind,2,3,7548
2/11/2022,Solar,16,17,3615
7/1/2025,Solar,13,14,9839
9/10/2021,Wind,3,4,2131
11/20/2024,Wind,9,10,6181
9/13/2021,Wind,3,4,2426
2/14/2025,Solar,11,12,9119
9/30/2023,Wind,2,3,547
7/3/2020,Wind,13,14,6832
12/16/2022,Wind,4,5,5658
6/29/2025,Solar,12,13,4495
3/21/2025,Wind,6,7,10695
9/22/2023,Wind,15,16,13602
1/26/2024,Wind,22,23,2003
5/29/2023,Wind,23,0,10422
1/18/2024,Wind,19,20,4652
8/17/2023,Wind,21,22,2474
2/18/2021,Wind,13,14,11280
11/28/2025,Wind,16,17,7122
6/5/2025,Wind,11,12,9135
7/5/2025,Wind,19,20,7083
8/30/2023,Wind,20,21,4070
1/24/2020,Solar,14,15,1733
1/30/2021,Wind,11,12,8960
1/26/2021,Wind,10,11,5086
7/22/2020,Wind,22,23,2730
9/10/2025,Solar,10,11,8381
5/20/2021,Solar,11,12,7459
8/30/2020,Wind,16,17,6972
4/30/2021,Wind,4,5,1497
7/20/2024,Wind,2,3,1366
6/25/2024,Wind,2,3,4860
6/16/2020,Wind,3,4,1572
3/20/2025,Wind,22,23,7815
10/8/2021,Wind,7,8,3732
3/11/2023,Wind,20,21,4561
1/9/2022,Wind,5,6,11382
12/15/2023,Solar,10,11,2984
12/2/2023,Wind,20,21,2993
4/12/2020,Solar,14,15,4478
1/16/2021,Wind,6,7,2609
11/7/2020,Wind,5,6,6495
1/16/2025,Wind,7,8,5370
12/11/2023,Wind,5,6,13313
3/26/2025,Wind,0,1,2924
3/9/2025,Wind,14,15,6097
1/31/2021,Wind,11,12,3917
1/18/2023,Wind,12,13,5795
8/11/2022,Wind,22,23,5915
10/17/2020,Wind,5,6,823
11/6/2023,Wind,15,16,11710
1/31/2020,Wind,15,16,7383
11/22/2022,Wind,2,3,12118
1/14/2020,Wind,21,22,12686
6/5/2024,Wind,22,23,1825
5/24/2020,Solar,17,18,4591
10/17/2025,Wind,8,9,5063
12/1/2023,Wind,18,19,5670
11/30/2023,Wind,9,10,2294
5/28/2023,Wind,21,22,8135
8/6/2025,Solar,18,19,4823
9/3/2022,Wind,3,4,1584
5/12/2024,Wind,21,22,2710
8/25/2022,Wind,2,3,2157
7/9/2024,Wind,19,20,5041
10/28/2023,Wind,13,14,17291
12/26/2021,Wind,23,0,3943
4/26/2023,Wind,19,20,1227
8/12/2020,Wind,23,0,2887
6/8/2024,Wind,7,8,2653
10/30/2020,Wind,1,2,7672
4/10/2024,Solar,13,14,9317
1/22/2020,Wind,4,5,3220
6/26/2025,Wind,19,20,9162
9/25/2023,Wind,6,7,2754
10/2/2021,Wind,8,9,4880
5/21/2021,Wind,21,22,11117
5/21/2021,Wind,4,5,9502
6/7/2020,Wind,21,22,1627
9/6/2023,Solar,18,19,2948
4/27/2023,Wind,3,4,1219
3/14/2020,Wind,13,14,7209
2/27/2024,Wind,19,20,6228
9/19/2020,Solar,13,14,4468
4/1/2022,Wind,16,17,15285
3/16/2023,Wind,2,3,6637
9/22/2025,Wind,16,17,8440
11/24/2020,Wind,19,20,6160
11/10/2020,Wind,8,9,672
12/5/2023,Wind,23,0,4052
4/21/2023,Wind,23,0,3321
2/26/2021,Wind,22,23,5705
1/16/2025,Wind,11,12,7756
11/29/2022,Wind,6,7,1649
12/1/2024,Wind,13,14,10231
5/1/2022,Wind,2,3,3175
5/13/2021,Wind,5,6,5102
7/31/2023,Wind,14,15,18635
10/25/2024,Solar,14,15,5922
9/25/2022,Solar,14,15,6087
3/25/2025,Solar,14,15,7289
1/5/2021,Wind,18,19,1973
9/25/2021,Wind,0,1,1010
6/27/2023,Solar,8,9,3093
9/12/2021,Wind,6,7,797
9/13/2024,Wind,7,8,4812
7/14/2023,Wind,3,4,547
12/22/2024,Wind,3,4,18787
12/22/2024,Wind,23,0,16227
10/18/2020,Solar,11,12,3259
5/4/2021,Wind,8,9,13750
7/24/2021,Wind,4,5,4791
3/18/2021,Wind,14,15,5839
7/8/2025,Wind,8,9,6696
4/30/2025,Solar,11,12,9156
7/27/2021,Wind,21,22,3168
6/11/2020,Wind,17,18,5028
7/18/2024,Solar,12,13,8281
1/1/2025,Wind,21,22,14963
5/16/2023,Wind,4,5,7536
11/16/2025,Wind,23,0,5090
5/2/2023,Wind,3,4,3235
10/29/2022,Wind,14,15,8339
5/12/2021,Solar,9,10,2820
12/8/2023,Wind,9,10,4446
1/2/2022,Wind,0,1,5445
1/6/2025,Wind,16,17,17822
5/22/2022,Wind,0,1,2793
6/15/2022,Wind,1,2,4126
4/6/2023,Wind,14,15,11427
9/15/2024,Wind,0,1,3840
4/8/2023,Wind,5,6,3512
3/26/2021,Wind,0,1,2924
1/4/2020,Wind,4,5,3266
8/25/2025,Wind,7,8,2945
5/18/2020,Solar,10,11,4062
11/18/2024,Wind,1,2,8644
3/15/2025,Wind,3,4,10081
7/10/2023,Wind,6,7,749
9/7/2024,Wind,22,23,3605
7/2/2022,Solar,15,16,6897
3/14/2020,Wind,19,20,3134
4/23/2020,Solar,19,20,824
1/29/2025,Wind,8,9,13112
1/26/2024,Wind,7,8,12588
8/12/2025,Wind,23,0,1049
3/20/2020,Wind,14,15,7648
12/11/2022,Wind,8,9,2254
10/13/2021,Solar,11,12,4854
11/5/2024,Wind,5,6,1674
9/18/2024,Wind,17,18,14521
1/10/2020,Wind,20,21,1558
6/16/2023,Wind,2,3,2330
6/15/2023,Solar,15,16,7754
8/8/2022,Wind,3,4,6072
7/30/2022,Wind,5,6,902
10/8/2020,Wind,19,20,7127
9/30/2020,Wind,9,10,2517
11/9/2022,Wind,0,1,9942
5/23/2020,Wind,9,10,4797
4/19/2023,Wind,1,2,7997
9/21/2020,Wind,18,19,888
4/20/2023,Wind,17,18,7921
7/7/2021,Wind,18,19,3466
1/8/2023,Wind,16,17,11145
3/3/2025,Wind,17,18,2963
6/29/2024,Wind,1,2,4092
3/10/2021,Wind,5,6,2969
12/2/2020,Wind,11,12,3015
12/16/2022,Wind,1,2,6354
1/15/2021,Wind,19,20,2717
12/2/2022,Wind,11,12,2745
12/16/2024,Wind,19,20,3164
10/14/2020,Wind,0,1,2018
8/29/2021,Wind,16,17,7543
11/22/2024,Wind,13,14,16386
3/23/2023,Wind,8,9,12237
5/13/2023,Wind,23,0,5812
2/25/2022,Wind,18,19,3550
10/17/2020,Wind,20,21,625
2/4/2024,Wind,14,15,10856
5/14/2025,Solar,13,14,4558
10/4/2022,Solar,12,13,5982
10/18/2020,Solar,14,15,3881
5/31/2020,Wind,0,1,5688
4/19/2021,Solar,15,16,4504
8/11/2021,Wind,0,1,647
2/17/2023,Wind,0,1,7540
10/6/2023,Solar,9,10,3802
4/6/2021,Wind,20,21,5819
5/2/2023,Solar,8,9,3648
9/8/2025,Wind,3,4,2384
4/4/2020,Wind,8,9,2989
3/13/2023,Wind,14,15,18710
6/8/2020,Wind,21,22,3865
4/16/2025,Wind,1,2,5633
3/19/2025,Wind,15,16,11296
12/29/2022,Wind,12,13,13942
3/16/2024,Solar,11,12,7993
1/29/2023,Solar,10,11,2890
6/30/2021,Wind,6,7,2095
8/6/2024,Wind,7,8,1463
3/8/2020,Wind,7,8,9809
8/31/2024,Solar,12,13,8353
4/20/2023,Wind,8,9,7599
10/29/2020,Wind,17,18,6611
1/21/2025,Wind,22,23,6958
2/17/2023,Wind,20,21,7175
10/21/2024,Wind,6,7,3853
8/24/2020,Wind,4,5,1813
5/25/2024,Solar,15,16,7169
9/22/2020,Wind,20,21,1549
2/5/2023,Wind,14,15,13787
2/17/2024,Wind,5,6,2438
1/20/2025,Wind,10,11,2887
6/12/2021,Wind,19,20,2973
9/9/2025,Wind,0,1,2454
3/25/2025,Wind,23,0,3267
4/17/2021,Wind,18,19,7013
8/22/2023,Wind,21,22,2173
5/18/2023,Wind,22,23,6054
4/11/2024,Wind,21,22,1174
10/9/2023,Wind,1,2,1159
1/10/2020,Wind,6,7,7579
10/18/2022,Solar,11,12,5088
1/4/2022,Wind,14,15,5941
4/22/2021,Solar,12,13,8368
8/4/2021,Solar,16,17,3531
6/16/2024,Wind,0,1,8152
2/25/2020,Wind,13,14,12118
6/14/2024,Wind,5,6,7031
7/21/2020,Solar,14,15,5891
3/13/2025,Wind,17,18,3662
3/11/2021,Wind,11,12,15750
10/10/2022,Solar,13,14,5312
10/20/2022,Wind,5,6,5478
8/5/2024,Solar,12,13,8358
7/12/2021,Wind,0,1,2435
1/12/2024,Wind,14,15,6694
3/18/2023,Wind,6,7,7054
5/13/2020,Wind,14,15,7957
9/30/2023,Solar,16,17,5200
2/5/2025,Wind,17,18,2583
9/19/2023,Wind,14,15,10341
2/2/2024,Wind,0,1,2260
11/17/2021,Wind,5,6,1957
10/1/2023,Solar,13,14,4581
6/24/2021,Solar,18,19,3658
7/27/2022,Solar,11,12,6815
4/12/2024,Wind,21,22,939
8/22/2020,Wind,12,13,11094
11/12/2022,Wind,5,6,3769
7/21/2022,Wind,20,21,1574
9/8/2023,Wind,21,22,1554
5/31/2024,Wind,10,11,10050
1/19/2020,Wind,4,5,4998
6/25/2021,Wind,7,8,1787
2/7/2020,Wind,3,4,5494
3/15/2021,Wind,18,19,7372
5/13/2025,Solar,15,16,3863
4/27/2022,Wind,9,10,5614
6/18/2021,Wind,11,12,6927
3/15/2024,Wind,18,19,11274
12/29/2024,Wind,19,20,541
12/24/2023,Wind,20,21,10213
6/28/2022,Solar,18,19,4992
9/5/2023,Wind,8,9,6596
9/1/2022,Solar,9,10,3556
8/16/2022,Wind,22,23,1494
4/23/2024,Wind,6,7,4518
3/19/2022,Wind,9,10,10970
4/22/2024,Wind,3,4,7378
9/30/2025,Wind,18,19,3305
10/4/2022,Wind,0,1,1565
8/28/2024,Wind,8,9,4269
3/11/2025,Wind,1,2,1454
7/19/2023,Solar,11,12,8862
1/28/2023,Wind,8,9,5921
6/14/2022,Wind,2,3,4735
8/16/2020,Wind,3,4,1256
4/18/2023,Wind,5,6,6470
8/30/2020,Wind,2,3,2802
6/3/2025,Wind,21,22,4656
6/13/2024,Wind,19,20,5847
8/26/2022,Wind,23,0,3321
5/5/2020,Wind,23,0,2773
4/27/2020,Solar,13,14,3089
4/28/2020,Wind,6,7,3698
9/13/2022,Wind,18,19,3807
11/20/2025,Wind,15,16,5905
3/14/2025,Wind,8,9,3380
10/13/2021,Solar,16,17,4842
8/7/2024,Wind,4,5,1433
12/24/2021,Wind,23,0,3052
6/21/2020,Wind,5,6,2554
7/31/2023,Wind,23,0,10874
2/7/2020,Wind,14,15,5386
2/3/2025,Solar,11,12,5983
6/24/2020,Wind,18,19,4258
2/2/2023,Wind,20,21,6733
1/23/2023,Wind,16,17,8749
12/14/2023,Wind,17,18,3583
9/21/2025,Wind,5,6,4374
3/15/2021,Wind,11,12,10812
11/22/2020,Wind,20,21,925
2/22/2020,Wind,19,20,8470
6/17/2025,Wind,23,0,3347
8/5/2022,Wind,5,6,2607
10/14/2020,Wind,17,18,6263
2/26/2025,Wind,12,13,15050
6/21/2025,Wind,0,1,4743
6/5/2020,Wind,13,14,14060
10/27/2020,Wind,18,19,11411
6/4/2020,Wind,17,18,5749
9/4/2024,Wind,3,4,798
1/19/2021,Wind,10,11,12386
10/23/2025,Wind,4,5,11928
3/30/2025,Wind,9,10,6357
4/6/2020,Wind,15,16,5353
3/31/2023,Wind,14,15,21589
3/31/2020,Wind,5,6,6377
5/23/2020,Wind,3,4,1673
2/11/2022,Wind,6,7,3510
1/23/2025,Wind,21,22,16773
11/9/2021,Solar,11,12,4387
10/26/2025,Wind,0,1,10464
12/9/2024,Wind,0,1,14088
6/10/2024,Wind,1,2,5131
4/10/2020,Solar,9,10,3344
10/31/2021,Wind,1,2,4378
11/20/2020,Solar,12,13,4045
9/25/2025,Solar,11,12,6701
12/12/2021,Wind,13,14,5288
1/13/2022,Wind,19,20,3069
1/12/2025,Wind,23,0,4835
12/6/2023,Wind,22,23,2647
1/16/2021,Wind,2,3,1799
1/3/2020,Wind,6,7,8817
9/1/2025,Wind,21,22,5057
10/18/2021,Solar,11,12,5076
5/7/2022,Wind,23,0,4532
6/16/2022,Solar,14,15,6428
10/23/2022,Wind,23,0,13466
7/8/2024,Solar,17,18,7115
3/23/2022,Wind,7,8,3526
9/23/2024,Solar,14,15,9458
12/26/2020,Wind,21,22,11446
5/12/2023,Wind,7,8,3360
9/6/2021,Wind,0,1,1817
1/19/2024,Solar,10,11,3115
4/13/2020,Wind,15,16,11013
2/10/2021,Wind,23,0,3960
2/4/2020,Wind,19,20,8718
12/11/2020,Wind,15,16,6300
12/22/2022,Wind,8,9,12425
1/4/2020,Wind,20,21,2808
8/2/2024,Wind,2,3,1432
5/29/2020,Wind,20,21,4294
5/4/2021,Wind,19,20,10640
4/14/2021,Wind,0,1,4370
3/15/2022,Wind,8,9,4813
11/7/2023,Wind,0,1,7909
2/28/2020,Wind,5,6,2660
7/15/2023,Wind,16,17,10085
8/12/2025,Solar,9,10,6220
6/16/2022,Wind,5,6,1497
2/3/2025,Wind,17,18,1611
11/16/2023,Wind,4,5,3875
3/6/2025,Wind,3,4,7274
3/26/2021,Wind,23,0,9140
11/21/2025,Wind,11,12,8584
3/27/2020,Solar,10,11,4295
10/13/2023,Wind,7,8,12357
10/14/2022,Wind,23,0,6926
11/13/2022,Solar,11,12,4217
5/14/2020,Wind,10,11,10073
6/19/2024,Wind,11,12,9445
1/5/2022,Wind,11,12,7302
7/28/2021,Wind,8,9,3851
7/15/2023,Wind,17,18,14187
10/26/2024,Wind,10,11,2823
3/6/2023,Solar,13,14,6220
12/4/2020,Wind,19,20,4944
8/25/2020,Wind,10,11,8081
9/2/2024,Wind,22,23,641
8/10/2023,Wind,4,5,2594
8/7/2025,Wind,5,6,1015
4/1/2021,Wind,23,0,7740
2/20/2024,Wind,16,17,6371
2/22/2024,Wind,21,22,16997
2/14/2023,Solar,10,11,5994
6/20/2020,Wind,19,20,2174
5/25/2025,Wind,20,21,9778
2/11/2024,Wind,15,16,15331
9/9/2024,Wind,6,7,8239
8/8/2020,Solar,19,20,1256
4/9/2025,Wind,2,3,4689
4/6/2021,Wind,21,22,4806
2/14/2025,Wind,2,3,4219
9/12/2021,Solar,11,12,4404
4/10/2021,Wind,10,11,5953
8/1/2025,Solar,11,12,9032
4/19/2023,Solar,16,17,10069
1/21/2024,Wind,8,9,12404
4/6/2024,Wind,9,10,16321
4/29/2021,Wind,2,3,2471
12/2/2020,Wind,7,8,3088
11/28/2021,Wind,0,1,8670
3/11/2023,Wind,18,19,3908
6/4/2024,Solar,13,14,8950
4/17/2022,Wind,0,1,7886
5/6/2025,Wind,0,1,10727
9/12/2024,Wind,3,4,4188
12/26/2020,Wind,23,0,12204
5/6/2022,Solar,15,16,6472
11/24/2023,Wind,19,20,10477
1/17/2025,Wind,17,18,861
7/28/2022,Solar,8,9,2500
10/15/2023,Wind,8,9,3908
3/17/2021,Wind,12,13,11247
10/3/2025,Wind,10,11,7978
6/4/2020,Wind,2,3,2830
7/29/2025,Wind,3,4,2839
3/28/2024,Wind,20,21,15521
4/4/2022,Wind,14,15,15076
10/15/2020,Wind,10,11,5196
5/30/2020,Solar,15,16,6710
4/1/2020,Wind,8,9,4222
10/18/2023,Wind,22,23,12351
6/7/2020,Wind,3,4,2766
10/10/2025,Wind,7,8,2536
12/18/2024,Wind,3,4,13116
3/7/2023,Wind,8,9,7061
5/20/2021,Wind,22,23,9069
4/8/2022,Wind,11,12,9083
4/6/2021,Wind,0,1,4549
12/6/2020,Wind,21,22,1662
6/10/2023,Wind,20,21,1747
5/23/2023,Wind,3,4,4394
4/13/2024,Solar,11,12,4281
10/1/2023,Solar,16,17,5635
11/29/2021,Wind,14,15,4402
5/22/2022,Solar,14,15,5753
1/9/2023,Wind,3,4,15487
7/18/2025,Solar,19,20,3617
10/10/2022,Wind,16,17,4363
4/22/2022,Solar,10,11,5407
4/26/2025,Wind,7,8,4323
11/18/2021,Solar,15,16,2705
4/23/2022,Wind,12,13,7590
5/21/2022,Solar,16,17,5160
10/3/2025,Wind,2,3,5560
8/28/2023,Solar,13,14,7961
1/28/2020,Wind,16,17,11897
5/23/2020,Wind,8,9,4079
7/29/2020,Solar,14,15,3995
8/4/2024,Solar,12,13,7542
9/29/2021,Wind,18,19,6196
8/29/2024,Solar,9,10,4187
7/22/2022,Wind,20,21,2407
5/10/2021,Wind,19,20,3236
5/21/2024,Wind,0,1,2868
9/6/2024,Solar,11,12,5349
3/16/2023,Wind,8,9,9438
7/13/2023,Solar,10,11,6890
11/15/2024,Wind,8,9,2684
7/12/2020,Wind,0,1,4962
4/6/2021,Wind,2,3,5120
9/24/2025,Wind,12,13,10716
11/18/2022,Wind,21,22,3230
4/16/2020,Wind,22,23,1773
4/5/2022,Wind,23,0,6029
8/22/2025,Wind,21,22,2688
2/25/2022,Wind,14,15,9622
5/19/2023,Wind,19,20,6972
9/4/2022,Wind,4,5,2059
1/14/2025,Solar,16,17,2442
3/10/2020,Wind,21,22,11187
12/13/2021,Wind,21,22,1571
2/8/2021,Wind,19,20,2059
9/16/2020,Wind,18,19,4646
9/7/2020,Solar,10,11,3920
10/12/2024,Wind,20,21,7029
9/30/2023,Wind,21,22,906
11/8/2022,Wind,7,8,13656
10/16/2024,Wind,15,16,12056
3/21/2022,Wind,17,18,4620
9/17/2025,Solar,10,11,8661
9/22/2020,Wind,8,9,585
12/5/2023,Wind,22,23,4751
2/23/2023,Wind,3,4,1074
9/18/2020,Wind,4,5,6154
8/12/2023,Wind,6,7,1480
8/28/2024,Wind,18,19,5763
6/1/2022,Solar,14,15,6895
9/28/2024,Wind,21,22,914
2/11/2020,Wind,1,2,12649
7/29/2021,Wind,7,8,3667
12/13/2023,Wind,18,19,7837
5/24/2023,Wind,20,21,7497
2/18/2021,Wind,17,18,9311
3/5/2025,Solar,9,10,7212
2/27/2025,Wind,18,19,4003
7/28/2023,Wind,9,10,5928
6/18/2022,Solar,16,17,7668
3/26/2022,Wind,23,0,8557
8/12/2023,Wind,0,1,1275
11/9/2023,Wind,22,23,12712
3/24/2024,Wind,14,15,16599
12/8/2021,Wind,14,15,5921
12/14/2024,Wind,3,4,1442
9/19/2022,Solar,10,11,5655
8/28/2022,Wind,2,3,3812
6/28/2024,Wind,5,6,3186
12/22/2022,Wind,7,8,12902
6/16/2022,Solar,18,19,3081
9/29/2022,Solar,14,15,4330
10/19/2023,Wind,1,2,10798
12/31/2023,Wind,11,12,18515
9/14/2025,Wind,11,12,9392
10/30/2021,Wind,11,12,9349
1/1/2021,Wind,19,20,1425
5/2/2022,Wind,8,9,2702
10/28/2023,Wind,17,18,14258
8/3/2021,Wind,17,18,3270
7/10/2022,Wind,3,4,4839
4/28/2025,Solar,9,10,5404
1/5/2025,Wind,6,7,15783
1/31/2020,Wind,18,19,7282
8/9/2023,Solar,14,15,7734
12/12/2022,Wind,14,15,3435
6/9/2025,Wind,4,5,1873
4/16/2020,Wind,23,0,2013
12/7/2021,Wind,13,14,12158
3/8/2025,Wind,16,17,13555
6/8/2023,Solar,17,18,6122
5/22/2021,Wind,4,5,9312
6/29/2025,Wind,3,4,3072
11/29/2022,Wind,22,23,1071
7/23/2025,Solar,8,9,2689
8/26/2024,Solar,15,16,9509
8/9/2024,Solar,16,17,11780
5/16/2022,Solar,15,16,6963
3/1/2021,Wind,7,8,4589
3/10/2025,Wind,23,0,1370
10/11/2022,Wind,5,6,2707
9/27/2024,Wind,8,9,15369
4/2/2022,Wind,17,18,10976
10/12/2024,Wind,23,0,8290
11/28/2023,Wind,15,16,2821
6/12/2025,Wind,6,7,6947
7/1/2020,Wind,2,3,3252
1/20/2022,Wind,13,14,6533
10/5/2022,Wind,14,15,15673
1/21/2022,Wind,3,4,5070
8/11/2023,Solar,10,11,5430
9/4/2023,Wind,8,9,7729
5/25/2025,Wind,7,8,9310
12/11/2020,Wind,4,5,7890
7/7/2023,Wind,2,3,3866
6/14/2023,Wind,7,8,3207
10/2/2020,Wind,18,19,3073
12/31/2020,Wind,9,10,4838
8/8/2025,Solar,16,17,8376
1/2/2022,Wind,13,14,12811
2/28/2023,Wind,3,4,8930
9/27/2021,Wind,10,11,8562
9/18/2023,Wind,15,16,14776
1/27/2025,Wind,0,1,18951
12/11/2021,Wind,2,3,8663
5/3/2021,Wind,0,1,781
1/15/2023,Wind,22,23,14417
7/20/2022,Wind,7,8,2309
5/1/2020,Wind,14,15,8815
9/28/2024,Solar,13,14,8736
11/9/2025,Wind,6,7,2347
1/18/2023,Wind,20,21,5086
4/16/2021,Wind,3,4,5432
7/10/2020,Wind,5,6,3206
3/7/2024,Solar,10,11,10254
12/27/2023,Wind,19,20,16623
2/28/2021,Wind,16,17,7579
3/22/2025,Wind,13,14,9746
5/26/2020,Solar,9,10,3767
6/13/2023,Wind,7,8,3243
4/7/2020,Wind,6,7,2169
9/9/2025,Solar,12,13,8511
12/1/2024,Wind,14,15,9481
11/21/2020,Wind,16,17,2632
3/9/2025,Wind,23,0,2161
2/1/2023,Wind,12,13,11188
3/16/2025,Wind,12,13,12574
8/16/2022,Wind,23,0,1489
7/24/2024,Solar,18,19,4907
10/8/2021,Wind,1,2,3528
9/1/2021,Wind,22,23,6966
4/6/2021,Wind,19,20,7552
6/24/2021,Solar,9,10,3148
9/3/2020,Wind,18,19,3529
6/4/2023,Wind,18,19,7588
2/6/2025,Wind,14,15,13367
4/2/2023,Wind,14,15,12201
1/3/2022,Wind,14,15,11791
9/20/2023,Wind,18,19,10294
7/30/2025,Wind,7,8,1698
11/3/2025,Wind,0,1,7546
4/6/2024,Wind,21,22,9351
7/10/2021,Wind,2,3,345
7/1/2023,Wind,0,1,7413
8/27/2023,Wind,12,13,8873
7/18/2022,Wind,7,8,3978
6/7/2021,Solar,11,12,4355
3/11/2020,Wind,20,21,10029
5/12/2024,Solar,16,17,3703
1/10/2020,Wind,9,10,6776
12/21/2021,Solar,11,12,3572
4/23/2022,Wind,5,6,6090
10/3/2020,Wind,7,8,3331
2/2/2020,Wind,4,5,7968
4/13/2020,Wind,18,19,11443
2/18/2022,Wind,2,3,8034
7/23/2021,Wind,0,1,4087
11/26/2021,Wind,20,21,10635
10/23/2023,Wind,21,22,4301
8/9/2023,Wind,2,3,3277
2/15/2024,Wind,23,0,10820
6/7/2025,Wind,7,8,7646
3/4/2024,Wind,15,16,7130
5/15/2025,Solar,11,12,6848
2/13/2022,Wind,20,21,15083
6/21/2025,Solar,11,12,9347
3/9/2022,Wind,9,10,6074
12/13/2023,Wind,12,13,7647
9/12/2021,Wind,8,9,1451
8/15/2022,Wind,8,9,3458
11/29/2025,Wind,3,4,6318
6/24/2022,Wind,10,11,5472
1/10/2020,Wind,23,0,1537
11/23/2021,Wind,3,4,8484
4/5/2020,Wind,12,13,8392
2/3/2021,Wind,18,19,10639
10/29/2020,Wind,7,8,7293
11/11/2020,Wind,19,20,5774
2/13/2022,Wind,6,7,9347
11/15/2023,Wind,18,19,4867
1/14/2021,Wind,12,13,10297
7/20/2021,Solar,18,19,4128
5/22/2021,Wind,8,9,11778
9/9/2023,Solar,18,19,2748
11/19/2023,Wind,17,18,12597
8/19/2024,Wind,22,23,2712
4/1/2025,Wind,18,19,19436
3/2/2025,Wind,23,0,4887
1/17/2022,Wind,7,8,1452
10/18/2021,Wind,9,10,3701
8/12/2021,Solar,13,14,4221
3/27/2022,Wind,23,0,2329
11/17/2025,Wind,7,8,8218
10/31/2025,Wind,11,12,13615
8/4/2021,Wind,18,19,2904
10/30/2022,Wind,21,22,2253
7/30/2024,Solar,8,9,2686
11/26/2023,Wind,5,6,2384
10/17/2023,Wind,0,1,8478
9/15/2025,Wind,4,5,9643
8/18/2024,Wind,17,18,8367
8/23/2025,Wind,1,2,2481
9/5/2020,Wind,17,18,4696
4/17/2023,Wind,3,4,3385
11/5/2022,Wind,3,4,2791
5/29/2022,Wind,20,21,4128
1/12/2021,Wind,12,13,12490
2/13/2021,Wind,8,9,7990
6/25/2024,Wind,0,1,5463
9/11/2021,Solar,13,14,5588
8/15/2022,Wind,19,20,3225
2/10/2023,Wind,8,9,1541
3/8/2020,Wind,3,4,8612
5/10/2025,Wind,23,0,8375
5/16/2022,Wind,4,5,4773
10/29/2020,Wind,1,2,10215
11/12/2022,Wind,1,2,4317
7/2/2024,Wind,19,20,5455
3/21/2022,Wind,0,1,3992
9/23/2024,Wind,18,19,6406
9/9/2021,Wind,7,8,1856
6/13/2021,Wind,6,7,2413
12/11/2020,Wind,14,15,6645
5/18/2022,Solar,10,11,4887
11/28/2021,Wind,16,17,7293
11/18/2023,Wind,13,14,15251
8/7/2022,Solar,13,14,10953
10/31/2025,Wind,10,11,13356
8/20/2022,Wind,3,4,2442
7/28/2025,Wind,23,0,2989
11/25/2020,Wind,8,9,6232
3/2/2020,Wind,16,17,9004
6/19/2025,Solar,17,18,9997
6/16/2020,Solar,10,11,2847
5/5/2022,Wind,18,19,4773
1/24/2022,Wind,5,6,3152
4/10/2022,Wind,4,5,1159
6/25/2022,Solar,9,10,3517
1/4/2024,Wind,3,4,14378
11/4/2022,Wind,18,19,6204
9/11/2022,Solar,9,10,3065
2/3/2025,Solar,15,16,5030
12/23/2020,Wind,4,5,6510
11/16/2025,Wind,9,10,3904
1/27/2024,Wind,7,8,3182
7/25/2022,Wind,20,21,8397
6/20/2020,Wind,23,0,1426
1/16/2024,Solar,14,15,2836
3/18/2020,Wind,5,6,912
3/10/2020,Wind,6,7,11868
6/10/2020,Wind,3,4,1641
2/2/2020,Wind,22,23,7810
12/16/2022,Wind,20,21,3067
4/29/2024,Wind,2,3,1955
3/31/2020,Wind,3,4,6413
2/14/2024,Wind,5,6,8443
5/30/2024,Wind,13,14,11121
10/29/2022,Wind,2,3,4725
10/1/2025,Wind,8,9,2697
9/17/2022,Wind,22,23,3752
6/20/2022,Wind,19,20,5153
10/17/2020,Wind,0,1,1180
1/23/2025,Wind,7,8,5575
5/26/2022,Wind,22,23,4395
6/7/2020,Wind,7,8,1900
3/16/2025,Wind,20,21,5953
9/28/2020,Wind,14,15,6422
5/13/2025,Solar,14,15,3975
10/6/2024,Wind,15,16,10529
5/26/2021,Wind,16,17,9676
5/6/2023,Wind,20,21,1401
10/10/2020,Wind,18,19,4564
6/18/2022,Solar,12,13,7191
7/18/2023,Wind,0,1,1191
3/15/2021,Wind,21,22,5328
11/15/2024,Wind,18,19,1582
2/23/2020,Wind,6,7,10947
10/14/2024,Wind,21,22,731
1/19/2024,Solar,14,15,4288
12/3/2021,Wind,1,2,2552
2/20/2020,Wind,6,7,6755
9/24/2020,Wind,12,13,9152
1/8/2022,Wind,16,17,15253
7/19/2021,Wind,5,6,4541
6/1/2021,Solar,15,16,6304
4/10/2021,Wind,5,6,3562
1/12/2021,Wind,9,10,13078
6/17/2023,Wind,4,5,893
3/14/2024,Solar,12,13,9953
7/30/2020,Solar,18,19,2588
12/7/2023,Wind,19,20,11616
12/5/2020,Wind,14,15,6382
6/16/2022,Solar,12,13,6807
9/6/2020,Wind,19,20,2002
1/17/2025,Wind,1,2,2337
7/27/2024,Wind,4,5,484
4/23/2025,Wind,7,8,9282
7/2/2021,Wind,21,22,761
5/30/2022,Wind,0,1,4567
9/19/2020,Wind,10,11,3546
4/12/2022,Wind,5,6,7992
3/10/2025,Wind,18,19,749
10/10/2020,Wind,14,15,7237
11/13/2024,Wind,5,6,6598
2/27/2020,Wind,22,23,6021
1/21/2025,Wind,21,22,7036
3/8/2025,Wind,15,16,14806
10/15/2023,Wind,21,22,5164
8/8/2021,Wind,7,8,4708
4/3/2020,Solar,9,10,2778
4/11/2021,Wind,10,11,7157
7/5/2020,Wind,13,14,11252
10/27/2025,Wind,22,23,8513
12/1/2023,Wind,22,23,4845
11/9/2021,Solar,13,14,4642
1/25/2020,Wind,18,19,1541
7/1/2022,Solar,17,18,5623
4/1/2023,Wind,12,13,17592
2/17/2024,Wind,8,9,2567
3/18/2021,Wind,0,1,4446
11/26/2020,Wind,0,1,3078
3/16/2025,Wind,2,3,9153
12/29/2020,Wind,10,11,4715
2/14/2022,Wind,15,16,8457
10/10/2021,Solar,10,11,3224
12/28/2022,Wind,22,23,16048
2/1/2025,Wind,17,18,2067
5/15/2024,Wind,23,0,1891
4/25/2021,Wind,12,13,10647
9/11/2021,Solar,9,10,2694
6/8/2021,Solar,13,14,4944
5/10/2024,Solar,13,14,11358
3/17/2023,Wind,3,4,6971
4/30/2020,Wind,12,13,10827
7/2/2022,Wind,7,8,1821
7/19/2022,Solar,12,13,10151
5/16/2022,Solar,10,11,7588
1/31/2023,Wind,21,22,6119
4/5/2021,Wind,18,19,9721
6/15/2021,Solar,14,15,4881
10/13/2022,Wind,19,20,3752
8/9/2024,Wind,17,18,11115
12/14/2020,Wind,23,0,6175
7/17/2020,Wind,8,9,2074
5/17/2022,Solar,14,15,7524
3/16/2024,Wind,5,6,6169
9/1/2023,Solar,11,12,10057
5/6/2021,Wind,9,10,4709
4/3/2020,Solar,15,16,4672
3/22/2025,Wind,2,3,9814
5/19/2024,Solar,8,9,2111
4/5/2024,Wind,22,23,8341
6/17/2024,Solar,18,19,4536
1/13/2020,Wind,23,0,12067
4/9/2023,Wind,4,5,3277
7/13/2025,Solar,11,12,8642
10/21/2020,Wind,1,2,8525
9/2/2021,Wind,21,22,5182
8/9/2024,Solar,14,15,7776
11/4/2023,Wind,21,22,15364
12/10/2020,Wind,23,0,7155
3/26/2021,Wind,4,5,3310
5/5/2023,Wind,8,9,3564
7/29/2022,Wind,22,23,2221
11/7/2022,Wind,9,10,13020
2/24/2024,Wind,5,6,7647
8/11/2022,Wind,18,19,5645
7/6/2023,Wind,2,3,1216
2/10/2021,Wind,0,1,8028
12/16/2023,Wind,0,1,2079
12/25/2024,Wind,7,8,1456
9/14/2024,Wind,18,19,5204
4/10/2025,Solar,15,16,7062
11/4/2021,Wind,10,11,4756
1/22/2023,Wind,18,19,3778
3/2/2025,Wind,4,5,9188
1/25/2023,Solar,14,15,2569
9/10/2020,Wind,20,21,1520
7/27/2025,Solar,10,11,6833
1/10/2025,Wind,22,23,2750
11/24/2023,Wind,0,1,8408
4/6/2020,Wind,22,23,966
7/22/2024,Solar,9,10,6427
3/12/2021,Wind,10,11,13843
10/7/2020,Wind,11,12,7758
1/6/2022,Wind,22,23,8061
10/8/2024,Wind,21,22,13480
3/21/2022,Wind,1,2,3843
11/11/2022,Wind,20,21,4636
9/6/2022,Solar,9,10,3950
8/17/2024,Solar,17,18,4697
9/18/2022,Wind,4,5,2468
11/7/2024,Wind,23,0,3132
3/18/2020,Solar,9,10,2451
3/22/2021,Wind,17,18,4096
10/11/2020,Wind,9,10,3648
7/12/2022,Solar,8,9,2983
11/20/2021,Wind,19,20,236
10/21/2024,Wind,17,18,5157
7/20/2025,Wind,10,11,8828
8/26/2021,Wind,1,2,3657
8/19/2023,Solar,14,15,8401
4/6/2020,Wind,19,20,1385
12/16/2021,Wind,10,11,4476
2/16/2023,Wind,17,18,7058
8/24/2022,Wind,1,2,761
12/24/2022,Wind,12,13,6293
11/17/2020,Wind,3,4,4521
5/7/2025,Solar,11,12,11797
5/7/2020,Wind,5,6,2084
11/14/2023,Wind,7,8,11741
11/5/2022,Wind,14,15,7136
2/22/2023,Wind,7,8,3325
7/26/2020,Wind,8,9,3846
4/1/2025,Wind,4,5,10679
9/2/2020,Solar,12,13,4398
5/6/2021,Wind,16,17,8681
12/29/2023,Wind,14,15,15215
4/15/2024,Wind,18,19,17967
2/18/2023,Wind,20,21,7421
11/13/2020,Wind,11,12,7388
1/19/2021,Wind,20,21,11476
8/11/2023,Solar,9,10,4059
9/13/2020,Solar,16,17,3213
11/27/2024,Wind,17,18,12902
10/23/2020,Wind,13,14,4235
6/15/2023,Wind,4,5,2308
8/27/2025,Wind,21,22,1556
6/24/2025,Wind,3,4,2498
12/25/2021,Wind,23,0,1551
11/30/2024,Solar,14,15,4004
2/20/2025,Wind,18,19,8106
7/18/2024,Solar,18,19,4225
8/25/2024,Wind,6,7,3859
7/9/2023,Solar,17,18,5804
1/20/2023,Wind,0,1,1856
4/21/2022,Wind,8,9,3414
7/10/2025,Wind,2,3,2497
8/1/2020,Wind,4,5,1790
7/25/2025,Solar,16,17,9149
10/15/2025,Solar,14,15,10830
1/27/2023,Wind,16,17,8128
4/6/2021,Wind,16,17,11811
12/18/2021,Wind,19,20,6176
12/30/2024,Wind,7,8,737
4/11/2025,Wind,5,6,3498
10/27/2024,Wind,21,22,354
9/7/2020,Wind,5,6,1634
3/18/2025,Wind,9,10,15078
1/30/2024,Wind,23,0,872
9/2/2025,Wind,6,7,6994
5/25/2021,Wind,16,17,14361
6/9/2021,Solar,12,13,5010
9/2/2022,Solar,15,16,4587
3/11/2022,Wind,15,16,13916
11/11/2021,Wind,6,7,959
5/19/2020,Wind,2,3,4172
8/16/2021,Wind,3,4,3477
9/5/2022,Wind,17,18,6757
6/27/2022,Solar,14,15,7149
12/27/2022,Wind,16,17,5819
9/9/2023,Wind,7,8,2366
12/9/2021,Wind,2,3,5973
6/20/2020,Wind,7,8,878
4/6/2020,Wind,4,5,7748
10/18/2024,Wind,2,3,5599
8/11/2022,Wind,7,8,4509
3/23/2025,Wind,7,8,5083
9/1/2020,Wind,23,0,2409
3/8/2023,Wind,23,0,15283
2/6/2021,Wind,1,2,2397
3/22/2021,Wind,21,22,2801
10/19/2020,Wind,7,8,2726
7/9/2020,Solar,14,15,7338
4/1/2024,Wind,11,12,13534
4/19/2024,Wind,22,23,8252
12/7/2023,Wind,20,21,11086
4/29/2025,Solar,11,12,10040
1/15/2021,Wind,7,8,6251
9/22/2025,Wind,1,2,7693
8/17/2023,Wind,2,3,2308
6/11/2025,Wind,3,4,2243
7/12/2023,Wind,1,2,3524
1/28/2025,Wind,18,19,18923
8/14/2020,Wind,7,8,2012
5/18/2025,Wind,4,5,2653
8/15/2025,Wind,19,20,5806
2/19/2025,Solar,15,16,6522
11/22/2023,Wind,11,12,7927
1/19/2025,Wind,7,8,769
12/8/2024,Wind,10,11,17862
2/7/2022,Wind,7,8,5299
3/31/2020,Wind,20,21,7584
2/20/2023,Solar,12,13,7440
5/9/2024,Solar,12,13,5656
8/22/2020,Wind,22,23,3876
4/5/2023,Solar,9,10,4064
8/14/2020,Solar,10,11,3767
8/12/2023,Wind,19,20,4643
9/20/2020,Wind,0,1,1794
12/9/2023,Wind,19,20,17844
8/7/2022,Wind,23,0,7226
10/5/2020,Wind,17,18,10309
10/18/2022,Wind,18,19,2808
6/13/2020,Wind,12,13,5469
10/3/2024,Wind,20,21,5982
6/5/2025,Wind,16,17,9695
11/16/2021,Wind,1,2,869
2/16/2025,Wind,4,5,3812
5/1/2025,Wind,1,2,6010
3/25/2025,Wind,22,23,3477
10/13/2023,Wind,18,19,14936
11/2/2024,Wind,1,2,1474
8/5/2025,Wind,19,20,8978
1/3/2025,Wind,19,20,3424
10/18/2025,Wind,7,8,5680
11/21/2025,Wind,10,11,7895
3/14/2021,Wind,11,12,13005
1/18/2021,Wind,11,12,5336
4/27/2022,Wind,17,18,8140
2/7/2020,Wind,13,14,5641
8/30/2021,Wind,5,6,2958
6/13/2023,Wind,4,5,2835
7/21/2022,Solar,18,19,3527
11/6/2025,Wind,9,10,6706
10/7/2025,Wind,8,9,2045
7/14/2023,Wind,21,22,7604
8/2/2021,Solar,16,17,5176
5/3/2022,Wind,7,8,3380
1/14/2021,Wind,0,1,8733
10/6/2025,Wind,4,5,3869
4/4/2024,Wind,7,8,15683
2/17/2022,Wind,0,1,15660
1/14/2021,Wind,18,19,10513
1/23/2024,Wind,17,18,16343
11/8/2023,Wind,23,0,13683
10/30/2025,Wind,19,20,6800
6/9/2021,Wind,6,7,828
3/2/2024,Wind,23,0,3355
10/14/2020,Wind,7,8,2812
8/22/2024,Solar,9,10,7785
11/4/2025,Wind,17,18,12970
8/28/2023,Wind,17,18,7680
2/21/2023,Wind,22,23,2757
5/4/2025,Wind,21,22,11154
9/19/2023,Wind,18,19,8549
3/14/2020,Wind,5,6,2707
1/27/2024,Wind,5,6,2417
2/19/2024,Wind,1,2,5181
1/10/2021,Wind,19,20,4067
12/14/2024,Wind,14,15,4718
1/18/2024,Wind,10,11,7575
6/16/2022,Wind,7,8,2343
1/23/2024,Wind,22,23,16853
8/6/2023,Wind,14,15,17628
3/10/2025,Solar,17,18,1879
9/1/2024,Wind,6,7,3394
2/26/2022,Wind,23,0,9911
10/28/2025,Wind,20,21,6432
7/9/2020,Wind,4,5,1360
12/24/2022,Wind,10,11,6036
1/2/2024,Wind,17,18,17429
4/16/2022,Solar,15,16,11298
2/15/2023,Wind,4,5,4483
2/17/2024,Solar,13,14,7320
2/7/2024,Wind,3,4,16373
5/10/2020,Wind,6,7,2043
2/4/2025,Wind,23,0,3060
4/18/2024,Wind,19,20,3812
6/13/2020,Wind,14,15,5712
7/15/2022,Wind,23,0,3960
2/8/2022,Wind,17,18,2555
10/28/2020,Wind,0,1,8025
7/3/2021,Solar,12,13,4146
7/15/2021,Wind,13,14,9480
6/3/2022,Solar,9,10,3007
4/19/2023,Wind,20,21,5832
4/20/2025,Wind,14,15,4724
8/13/2025,Solar,16,17,6254
11/4/2024,Wind,8,9,3123
7/27/2022,Solar,17,18,5742
6/2/2023,Wind,1,2,7448
9/24/2025,Wind,21,22,4188
4/7/2025,Wind,5,6,5623
4/30/2020,Wind,6,7,7964
2/20/2020,Wind,17,18,11692
4/13/2025,Wind,0,1,8982
3/9/2022,Wind,8,9,4907
10/16/2024,Wind,23,0,9305
2/17/2021,Wind,23,0,8384
2/12/2025,Wind,4,5,2424
6/17/2024,Solar,14,15,8345
3/16/2022,Wind,6,7,4232
9/21/2020,Wind,5,6,748
2/2/2023,Wind,0,1,7717
9/1/2021,Wind,0,1,6336
7/3/2022,Solar,9,10,4056
11/24/2024,Wind,16,17,19997
2/27/2020,Wind,7,8,10405
10/14/2023,Wind,3,4,11104
8/8/2022,Solar,13,14,10618
1/15/2025,Solar,10,11,5527
6/8/2025,Wind,18,19,9165
6/1/2021,Wind,16,17,5624
8/7/2024,Solar,13,14,8258
4/13/2020,Wind,1,2,2806
5/17/2022,Solar,18,19,4803
10/17/2025,Solar,15,16,10238
9/13/2024,Wind,5,6,5468
10/7/2022,Solar,15,16,5162
6/30/2020,Wind,5,6,3408
3/2/2021,Wind,1,2,4406
6/14/2020,Wind,5,6,3033
11/25/2022,Wind,13,14,5906
12/12/2024,Solar,11,12,5532
9/14/2020,Solar,10,11,3928
1/5/2021,Wind,14,15,2553
11/10/2022,Wind,2,3,3569
6/23/2020,Solar,17,18,5022
12/14/2021,Wind,1,2,697
3/15/2021,Wind,1,2,10033
12/23/2020,Wind,21,22,12383
7/21/2024,Wind,23,0,5492
1/3/2023,Wind,20,21,12367
2/7/2023,Wind,17,18,4857
6/2/2024,Wind,2,3,6195
2/3/2023,Wind,6,7,6280
11/22/2025,Wind,18,19,10609
2/8/2023,Wind,9,10,6001
12/28/2023,Wind,22,23,13567
8/19/2022,Wind,23,0,2636
9/2/2020,Solar,17,18,3171
8/6/2023,Wind,9,10,14227
6/9/2020,Wind,19,20,3066
8/25/2021,Solar,10,11,6184
12/5/2022,Wind,5,6,745
6/11/2024,Wind,21,22,2556
11/2/2020,Wind,18,19,7368
7/28/2025,Wind,4,5,4142
6/12/2025,Wind,7,8,7051
1/20/2024,Solar,13,14,6955
12/2/2020,Wind,0,1,6005
1/12/2023,Wind,13,14,18143
12/7/2023,Wind,2,3,3871
10/24/2020,Wind,4,5,6496
5/26/2021,Wind,14,15,10741
4/16/2020,Wind,9,10,4412
2/23/2022,Wind,0,1,4731
7/4/2021,Wind,1,2,945
7/11/2020,Wind,22,23,3841
9/6/2022,Solar,10,11,5098
4/8/2021,Solar,9,10,2512
11/7/2020,Wind,19,20,4651
9/6/2024,Wind,23,0,3317
5/9/2022,Solar,15,16,5817
10/12/2023,Wind,21,22,3414
12/21/2023,Wind,10,11,18315
4/15/2020,Wind,11,12,7334
7/3/2021,Wind,19,20,2491
5/13/2022,Solar,8,9,2490
4/13/2025,Wind,4,5,9216
7/30/2020,Wind,7,8,2458
4/3/2020,Wind,3,4,2210
12/22/2021,Solar,12,13,4599
1/4/2021,Wind,6,7,1576
11/16/2023,Wind,19,20,10803
3/14/2024,Solar,11,12,9275
3/25/2021,Wind,0,1,2018
5/25/2024,Wind,4,5,559
12/18/2023,Wind,19,20,3919
6/6/2022,Wind,2,3,2342
7/20/2024,Wind,22,23,3228
2/12/2024,Solar,14,15,4159
8/19/2023,Solar,12,13,7735
7/27/2025,Solar,15,16,11229
7/19/2021,Wind,22,23,4238
12/3/2021,Wind,10,11,10812
3/2/2021,Solar,12,13,4176
11/22/2024,Wind,12,13,16368
11/26/2025,Wind,3,4,6726
9/9/2024,Wind,1,2,9715
3/8/2020,Wind,2,3,8287
7/11/2023,Solar,8,9,3309
8/19/2022,Wind,22,23,2631
9/5/2020,Solar,11,12,4275
6/25/2025,Solar,17,18,6948
5/21/2025,Wind,23,0,5000
12/3/2024,Solar,14,15,2679
4/17/2022,Wind,7,8,5772
9/10/2020,Wind,18,19,1696
6/9/2024,Solar,11,12,3803
5/18/2024,Solar,12,13,3094
11/10/2022,Wind,22,23,4139
9/27/2022,Wind,5,6,6708
5/16/2024,Wind,22,23,847
10/13/2021,Wind,19,20,1863
10/19/2022,Wind,16,17,8533
1/15/2020,Wind,18,19,5712
3/15/2024,Wind,13,14,18195
10/6/2020,Wind,2,3,10584
7/27/2021,Wind,20,21,3440
2/19/2025,Wind,21,22,7729
10/29/2020,Wind,14,15,8306
4/13/2025,Wind,9,10,8594
1/22/2022,Solar,15,16,4368
10/3/2022,Solar,9,10,2282
10/19/2023,Wind,3,4,9890
9/2/2020,Wind,8,9,1441
2/1/2022,Wind,18,19,12318
7/26/2024,Wind,5,6,1499
2/27/2023,Wind,21,22,11222
2/9/2020,Wind,18,19,12401
7/16/2024,Wind,5,6,7839
6/6/2021,Wind,4,5,1717
5/5/2021,Wind,23,0,3697
2/17/2020,Wind,12,13,11711
6/20/2021,Wind,3,4,4138
12/20/2023,Wind,10,11,9444
8/30/2020,Wind,20,21,4156
7/26/2021,Solar,16,17,7000
9/9/2022,Wind,16,17,14314
7/28/2023,Wind,1,2,4052
11/27/2025,Wind,14,15,11395
3/10/2021,Wind,15,16,12784
8/16/2022,Solar,15,16,5725
5/25/2021,Wind,0,1,9649
2/9/2023,Solar,9,10,2688
3/19/2020,Solar,15,16,3544
10/15/2025,Wind,3,4,5298
8/25/2021,Wind,12,13,9861
11/8/2024,Solar,11,12,5752
6/3/2021,Wind,4,5,1688
2/16/2020,Wind,10,11,14158
3/29/2025,Wind,7,8,9375
11/24/2021,Wind,14,15,2394
11/2/2025,Wind,3,4,8264
10/5/2023,Wind,5,6,1071
9/9/2021,Wind,19,20,2632
12/11/2023,Wind,10,11,10839
8/19/2022,Wind,8,9,3436
8/28/2024,Wind,4,5,2065
4/27/2020,Wind,2,3,417
3/25/2022,Wind,7,8,4540
4/24/2024,Wind,7,8,4826
8/1/2021,Solar,9,10,3739
8/28/2021,Wind,1,2,4566
12/13/2024,Wind,20,21,686
12/7/2020,Wind,19,20,3185
5/26/2024,Wind,14,15,7115
6/16/2022,Solar,11,12,5985
3/17/2023,Wind,4,5,6670
3/26/2025,Wind,18,19,3645
1/17/2021,Wind,9,10,6245
3/18/2022,Wind,0,1,6619
11/22/2025,Wind,0,1,3067
8/6/2020,Solar,19,20,1132
3/10/2021,Wind,4,5,2462
11/28/2022,Wind,2,3,4487
6/23/2024,Wind,2,3,2516
3/29/2020,Wind,12,13,15545
8/5/2025,Wind,23,0,4981
12/16/2020,Wind,13,14,7740
12/31/2023,Wind,20,21,17068
8/12/2025,Wind,3,4,4431
9/13/2023,Wind,1,2,1285
2/8/2023,Wind,4,5,3397
5/23/2021,Wind,21,22,7273
7/31/2025,Wind,21,22,3693
3/19/2023,Wind,7,8,3112
2/7/2023,Wind,8,9,8064
8/8/2021,Wind,9,10,6573
9/12/2020,Solar,18,19,1746
12/17/2023,Wind,5,6,2111
5/9/2021,Wind,13,14,10937
3/24/2021,Wind,22,23,2221
5/28/2024,Wind,19,20,7603
1/6/2025,Wind,1,2,18790
11/16/2024,Wind,4,5,1285
10/21/2021,Wind,9,10,11993
5/9/2021,Wind,22,23,6320
5/8/2023,Wind,7,8,1709
5/5/2021,Wind,13,14,12083
1/12/2023,Wind,15,16,16900
8/8/2023,Solar,15,16,9831
12/9/2024,Wind,15,16,13808
4/25/2021,Wind,3,4,8232
3/29/2021,Wind,2,3,4546
2/18/2025,Solar,14,15,9825
4/15/2025,Wind,23,0,7561
3/26/2022,Wind,18,19,8372
9/10/2024,Wind,13,14,16867
1/6/2022,Wind,2,3,3292
11/5/2024,Solar,12,13,3849
4/17/2022,Solar,10,11,7118
8/16/2022,Wind,2,3,788
2/12/2021,Wind,16,17,9076
3/16/2023,Wind,14,15,12106
7/13/2021,Wind,18,19,7587
6/19/2022,Wind,9,10,8414
2/8/2022,Wind,7,8,4617
1/8/2024,Wind,7,8,12237
1/19/2023,Wind,21,22,1493
9/24/2025,Wind,6,7,6194
7/26/2023,Solar,9,10,4441
8/9/2022,Solar,10,11,7230
12/9/2023,Wind,13,14,18217
12/15/2023,Wind,1,2,2695
8/18/2025,Solar,15,16,8406
10/27/2025,Wind,1,2,17402
10/24/2020,Wind,14,15,13049
5/31/2024,Wind,7,8,6019
1/27/2023,Wind,8,9,8809
4/5/2023,Solar,14,15,8048
9/17/2022,Wind,5,6,5089
9/13/2022,Wind,16,17,5218
11/23/2022,Wind,1,2,8016
7/19/2023,Wind,6,7,3665
2/12/2020,Wind,0,1,9249
9/16/2023,Solar,17,18,4287
7/22/2025,Wind,9,10,11218
1/10/2024,Wind,5,6,2519
11/30/2021,Wind,22,23,12595
4/1/2021,Solar,14,15,6136
11/14/2023,Wind,20,21,14411
5/13/2024,Solar,10,11,8299
4/4/2020,Wind,5,6,1507
12/13/2023,Wind,23,0,8250
2/14/2020,Wind,18,19,3877
4/18/2023,Wind,9,10,7969
6/3/2024,Wind,6,7,2313
2/6/2021,Wind,14,15,3721
12/5/2023,Wind,8,9,11763
11/17/2021,Wind,1,2,1735
4/1/2025,Wind,21,22,16314
11/12/2020,Wind,23,0,3830
3/29/2023,Wind,20,21,10029
8/18/2025,Wind,1,2,6436
1/16/2023,Wind,18,19,10560
6/25/2023,Solar,12,13,7617
7/10/2020,Wind,14,15,6004
5/3/2020,Solar,18,19,2715
7/11/2023,Wind,2,3,1440
1/19/2025,Wind,23,0,1247
9/15/2025,Wind,13,14,11829
2/21/2020,Wind,4,5,4526
4/3/2020,Wind,4,5,2045
11/16/2020,Wind,9,10,8791
1/8/2024,Wind,0,1,11527
1/5/2023,Wind,17,18,5141
2/13/2022,Wind,3,4,7754
6/24/2022,Wind,17,18,10605
6/6/2022,Solar,14,15,8772
11/25/2025,Wind,20,21,10545
12/21/2024,Wind,10,11,11019
7/4/2025,Solar,14,15,10382
4/3/2025,Wind,22,23,6607
5/27/2020,Wind,7,8,3233
7/20/2025,Wind,19,20,9310
8/3/2025,Wind,2,3,1880
1/19/2021,Wind,5,6,10754
7/22/2021,Wind,19,20,3126
11/12/2022,Solar,11,12,5451
11/16/2023,Wind,3,4,3165
11/25/2020,Wind,17,18,2800
3/23/2020,Wind,19,20,6877
7/21/2025,Wind,3,4,9816
9/19/2025,Wind,1,2,2045
6/5/2022,Wind,17,18,8606
10/13/2024,Wind,23,0,3303
4/8/2023,Solar,10,11,6560
7/27/2020,Wind,12,13,10256
10/13/2020,Wind,17,18,4407
8/16/2021,Wind,0,1,5226
2/23/2022,Wind,20,21,2068
6/14/2020,Wind,1,2,4021
2/24/2022,Wind,6,7,5440
2/18/2022,Wind,1,2,6858
12/2/2022,Wind,13,14,3589
5/22/2020,Wind,16,17,7240
10/9/2021,Wind,8,9,2847
10/13/2021,Wind,0,1,3296
4/9/2022,Wind,22,23,1982
3/14/2020,Wind,9,10,5211
9/11/2025,Wind,17,18,14879
7/12/2020,Wind,18,19,4023
10/15/2025,Solar,10,11,6940
3/17/2025,Wind,16,17,14877
8/7/2020,Wind,21,22,1119
4/13/2020,Wind,5,6,4328
5/31/2020,Wind,23,0,6056
5/28/2023,Wind,17,18,6428
8/23/2022,Wind,4,5,1005
7/30/2020,Solar,17,18,3388
12/25/2021,Wind,7,8,1572
11/16/2024,Wind,6,7,1374
5/6/2022,Wind,1,2,3436
7/25/2023,Wind,7,8,5855
6/30/2023,Wind,0,1,2447
6/21/2020,Wind,1,2,1887
3/30/2020,Wind,23,0,7156
11/7/2022,Wind,5,6,11253
8/2/2025,Wind,3,4,3930
12/14/2020,Wind,9,10,8267
5/12/2024,Wind,7,8,4275
1/12/2020,Wind,22,23,3733
8/8/2021,Wind,1,2,7331
5/11/2022,Wind,5,6,3101
10/1/2023,Wind,21,22,2395
2/23/2022,Solar,12,13,5805
10/22/2023,Wind,23,0,3732
6/14/2024,Wind,12,13,12826
3/4/2025,Solar,15,16,6290
6/23/2024,Solar,13,14,4302
10/22/2021,Wind,19,20,2834
7/10/2024,Wind,0,1,2264
11/4/2020,Solar,13,14,4014
11/15/2022,Wind,9,10,10782
1/28/2023,Wind,23,0,2268
4/19/2024,Wind,11,12,16276
7/23/2024,Wind,13,14,14087
10/6/2023,Wind,20,21,1085
7/7/2022,Wind,15,16,10600
6/30/2024,Wind,6,7,3753
5/5/2021,Wind,12,13,11434
10/9/2022,Solar,13,14,6807
1/9/2024,Wind,16,17,4360
6/19/2023,Wind,18,19,4195
1/24/2025,Wind,22,23,11288
6/21/2022,Wind,21,22,1796
9/7/2023,Wind,7,8,2686
6/24/2023,Solar,11,12,8244
4/28/2025,Wind,2,3,3071
5/15/2021,Wind,5,6,4264
5/25/2023,Wind,2,3,6906
9/14/2020,Solar,13,14,5071
4/7/2024,Wind,22,23,5202
6/21/2022,Wind,4,5,3804
7/4/2025,Wind,3,4,5286
9/21/2021,Wind,19,20,2280
3/4/2024,Wind,9,10,6988
7/27/2021,Wind,22,23,3166
4/9/2025,Wind,1,2,5058
7/4/2021,Wind,13,14,6911
10/20/2021,Wind,20,21,13048
11/27/2022,Wind,20,21,7343
3/17/2025,Wind,14,15,15549
3/14/2024,Wind,7,8,6363
5/10/2020,Wind,18,19,4802
12/27/2020,Wind,6,7,11736
11/21/2021,Wind,9,10,1770
11/28/2025,Wind,15,16,7931
12/9/2021,Wind,11,12,7038
3/16/2024,Wind,22,23,2197
8/5/2020,Solar,16,17,4806
4/6/2025,Wind,19,20,8524
2/23/2022,Wind,7,8,888
12/22/2020,Wind,7,8,10664
6/10/2023,Solar,8,9,3002
11/13/2025,Wind,6,7,10431
3/16/2022,Wind,2,3,4258
9/16/2025,Wind,2,3,11697
11/21/2020,Wind,23,0,2372
12/12/2024,Wind,5,6,3271
6/15/2023,Solar,10,11,5298
2/24/2023,Wind,0,1,6635
4/1/2022,Wind,13,14,14543
4/20/2021,Wind,6,7,577
6/17/2024,Wind,21,22,1375
6/29/2021,Solar,8,9,2049
5/7/2023,Wind,5,6,1473
8/9/2020,Wind,4,5,1263
11/9/2024,Wind,6,7,884
7/3/2024,Wind,15,16,12305
2/26/2020,Wind,19,20,6383
7/8/2025,Solar,10,11,10854
12/27/2023,Wind,16,17,13272
2/8/2025,Wind,22,23,4543
10/25/2024,Wind,10,11,6611
12/2/2021,Wind,7,8,7999
5/10/2024,Wind,3,4,5301
1/31/2023,Wind,10,11,6313
2/28/2024,Wind,9,10,4006
10/27/2022,Wind,17,18,5638
11/9/2024,Wind,21,22,622
11/26/2020,Wind,7,8,2650
12/12/2022,Wind,16,17,3694
1/8/2022,Wind,3,4,6540
7/22/2023,Wind,5,6,1465
12/21/2020,Wind,13,14,12706
2/16/2021,Wind,20,21,9859
8/18/2020,Wind,22,23,728
2/2/2020,Wind,16,17,11800
4/22/2020,Wind,20,21,2587
6/5/2020,Wind,7,8,5969
5/23/2024,Solar,11,12,6613
3/20/2022,Wind,1,2,6580
5/19/2024,Solar,11,12,2794
9/6/2023,Solar,17,18,4611
4/22/2021,Wind,16,17,8227
7/21/2025,Wind,19,20,13652
10/26/2020,Wind,9,10,7859
9/26/2025,Solar,15,16,4353
7/28/2020,Wind,6,7,3610
1/16/2024,Wind,4,5,1715
10/26/2020,Wind,20,21,7818
3/26/2024,Wind,0,1,8416
11/28/2023,Wind,8,9,7464
11/14/2024,Solar,14,15,5909
12/17/2024,Wind,11,12,6713
3/20/2020,Wind,11,12,6937
3/28/2025,Wind,8,9,5489
1/16/2022,Wind,1,2,1349
8/17/2021,Wind,8,9,2250
10/22/2025,Solar,12,13,6865
1/25/2020,Wind,8,9,1579
2/22/2025,Wind,0,1,11725
4/10/2023,Wind,10,11,7919
10/20/2021,Wind,14,15,14657
1/30/2020,Wind,9,10,8402
9/29/2024,Wind,13,14,6168
11/15/2020,Wind,12,13,14508
6/8/2021,Wind,3,4,916
12/12/2020,Wind,21,22,5943
12/11/2020,Wind,3,4,7153
2/8/2023,Wind,3,4,3513
5/21/2020,Wind,20,21,600
7/9/2025,Solar,14,15,10461
2/10/2024,Wind,7,8,4227
7/7/2023,Solar,16,17,8765
1/3/2020,Wind,13,14,9695
12/6/2020,Wind,22,23,1374
10/6/2021,Wind,8,9,8548
6/9/2023,Solar,16,17,5753
7/4/2021,Wind,12,13,6187
2/19/2021,Wind,5,6,4799
11/24/2021,Wind,5,6,4927
12/15/2021,Wind,4,5,1396
1/25/2025,Wind,16,17,5724
7/14/2020,Solar,15,16,5718
10/18/2023,Wind,6,7,11303
6/27/2024,Wind,18,19,7928
4/24/2021,Wind,18,19,6916
10/16/2023,Wind,21,22,9973
2/18/2024,Wind,22,23,6925
5/8/2020,Wind,8,9,3039
3/12/2024,Wind,7,8,5075
3/14/2020,Wind,20,21,3300
1/17/2021,Wind,7,8,5676
1/3/2022,Wind,13,14,12240
8/7/2020,Wind,5,6,2101
9/26/2023,Solar,11,12,6439
7/28/2025,Wind,19,20,6132
7/19/2025,Wind,23,0,3954
3/20/2021,Wind,18,19,4921
8/25/2021,Wind,5,6,4981
5/16/2021,Wind,9,10,4884
11/24/2025,Wind,6,7,7424
1/6/2023,Wind,14,15,7958
8/25/2023,Wind,9,10,5505
8/21/2020,Wind,10,11,7837
12/10/2020,Wind,15,16,2800
12/24/2022,Wind,22,23,3971
2/26/2025,Wind,8,9,8242
3/1/2022,Solar,11,12,4988
9/25/2022,Wind,21,22,1684
11/26/2022,Wind,0,1,2624
3/25/2021,Solar,9,10,3091
1/18/2025,Wind,7,8,1399
10/6/2022,Wind,7,8,1712
5/20/2025,Wind,0,1,6826
10/5/2020,Wind,16,17,10905
1/31/2020,Wind,21,22,8388
1/10/2021,Wind,15,16,4559
6/14/2023,Wind,3,4,3197
3/15/2021,Wind,15,16,10846
11/29/2024,Wind,3,4,6487
12/22/2020,Wind,4,5,10281
10/5/2020,Wind,3,4,11256
4/20/2021,Wind,5,6,637
8/25/2020,Wind,21,22,9550
11/24/2023,Wind,18,19,10539
6/20/2025,Wind,5,6,5645
8/31/2024,Solar,15,16,8116
7/23/2024,Wind,9,10,9773
7/16/2025,Solar,15,16,16069
5/6/2021,Wind,15,16,8791
10/10/2020,Wind,7,8,2346
2/13/2025,Solar,14,15,4494
9/29/2025,Wind,23,0,2697
10/27/2021,Wind,3,4,2392
6/1/2022,Wind,5,6,1109
7/24/2020,Wind,4,5,1771
4/29/2020,Wind,22,23,5811
3/30/2023,Wind,17,18,15694
7/24/2023,Wind,6,7,3944
4/23/2023,Wind,23,0,9704
10/12/2022,Wind,1,2,1054
3/12/2021,Wind,3,4,10222
7/12/2022,Wind,2,3,3789
12/22/2020,Wind,23,0,7182
2/13/2024,Wind,8,9,5445
5/3/2024,Wind,20,21,2251
12/5/2022,Solar,11,12,3554
12/18/2023,Solar,12,13,5551
6/10/2021,Wind,6,7,1116
8/5/2024,Wind,21,22,751
11/24/2021,Wind,1,2,6358
8/31/2025,Wind,4,5,5964
6/24/2020,Solar,14,15,6958
8/11/2023,Solar,17,18,6263
4/21/2021,Solar,13,14,5395
2/25/2024,Wind,2,3,8187
7/22/2024,Wind,2,3,4013
8/6/2022,Wind,9,10,7062
7/7/2023,Wind,6,7,4525
3/22/2021,Wind,3,4,4256
11/19/2025,Wind,1,2,9964
7/16/2022,Solar,10,11,6731
8/3/2022,Wind,22,23,1474
5/3/2025,Wind,18,19,7626
9/29/2023,Wind,19,20,2198
1/15/2022,Wind,19,20,651
4/9/2022,Wind,4,5,4701
10/9/2022,Wind,22,23,5394
8/12/2023,Solar,15,16,9789
7/2/2025,Wind,22,23,5548
5/16/2023,Wind,23,0,7799
7/31/2020,Wind,18,19,4080
4/23/2020,Wind,1,2,2669
12/14/2021,Wind,0,1,810
3/11/2020,Wind,12,13,12163
7/26/2024,Wind,21,22,506
8/4/2021,Solar,17,18,3345
7/18/2023,Wind,8,9,3434
8/28/2020,Wind,17,18,8079
8/27/2024,Solar,17,18,6209
3/28/2021,Wind,9,10,5097
12/16/2023,Wind,21,22,2504
6/3/2021,Solar,16,17,3738
10/15/2021,Wind,8,9,1488
10/5/2024,Wind,19,20,5905
4/7/2020,Wind,18,19,2681
11/26/2021,Wind,12,13,10802
6/26/2022,Solar,8,9,1719
3/19/2020,Solar,14,15,3939
6/15/2025,Solar,14,15,4719
11/17/2022,Wind,17,18,8379
12/2/2024,Wind,22,23,7331
9/11/2024,Wind,3,4,11638
5/22/2025,Wind,21,22,4939
10/16/2024,Wind,3,4,11452
12/2/2020,Wind,12,13,2987
11/6/2025,Wind,19,20,2440
8/29/2025,Wind,15,16,15987
3/5/2024,Wind,22,23,3012
6/26/2025,Wind,23,0,3959
10/20/2023,Wind,8,9,4473
9/21/2025,Wind,17,18,4316
8/7/2020,Solar,16,17,3640
12/3/2021,Wind,3,4,3110
10/16/2021,Solar,10,11,3384
8/30/2025,Wind,7,8,4396
2/23/2025,Wind,22,23,11952
10/20/2020,Wind,16,17,9534
12/26/2024,Wind,20,21,3449
12/13/2024,Wind,22,23,785
7/16/2022,Wind,0,1,3960
10/11/2020,Wind,3,4,3670
7/26/2024,Solar,15,16,7022
9/29/2023,Wind,6,7,8290
12/20/2023,Wind,13,14,11237
7/11/2020,Wind,19,20,4072
1/31/2025,Wind,1,2,2272
3/10/2020,Wind,8,9,11993
3/3/2022,Wind,4,5,1517
3/7/2024,Wind,17,18,11067
10/19/2024,Wind,22,23,3297
5/21/2020,Solar,13,14,4337
10/11/2023,Solar,13,14,8576
7/2/2022,Wind,0,1,754
1/15/2023,Wind,21,22,14992
7/19/2022,Wind,3,4,5671
10/22/2022,Wind,3,4,6189
12/31/2023,Wind,5,6,17336
4/4/2022,Wind,3,4,2150
3/2/2022,Wind,1,2,2780
9/24/2021,Wind,4,5,475
5/23/2021,Wind,23,0,9144
9/29/2020,Wind,5,6,1805
3/9/2024,Wind,7,8,12796
4/16/2024,Wind,10,11,10158
6/11/2020,Wind,12,13,4847
2/1/2022,Wind,0,1,6934
8/30/2024,Wind,3,4,2706
6/27/2021,Wind,3,4,3872
11/17/2020,Wind,19,20,2225
7/23/2024,Wind,1,2,4890
7/16/2022,Wind,2,3,3533
7/8/2025,Wind,20,21,3770
10/19/2022,Wind,17,18,7629
6/16/2020,Wind,20,21,1666
1/10/2025,Wind,15,16,3319
9/10/2020,Solar,11,12,3052
11/13/2021,Wind,8,9,5126
4/22/2025,Solar,13,14,7792
5/15/2020,Wind,5,6,6575
3/25/2024,Wind,15,16,10580
1/26/2023,Wind,23,0,6312
7/19/2024,Wind,5,6,1335
6/30/2025,Wind,21,22,1192
2/12/2023,Wind,0,1,3402
9/27/2022,Wind,6,7,6509
7/27/2020,Wind,15,16,11749
7/10/2023,Solar,13,14,8700
1/20/2025,Wind,2,3,1542
3/28/2023,Wind,16,17,9979
10/4/2021,Wind,8,9,5584
6/9/2024,Wind,1,2,3464
8/17/2021,Solar,12,13,6878
1/27/2023,Wind,7,8,8252
8/5/2021,Wind,14,15,8681
7/21/2025,Wind,23,0,7848
5/27/2025,Wind,17,18,15563
2/22/2024,Wind,0,1,14343
12/10/2023,Wind,0,1,16050
6/18/2021,Wind,1,2,3603
4/25/2025,Solar,10,11,7896
7/5/2021,Wind,0,1,2602
7/7/2021,Wind,23,0,1703
12/12/2020,Wind,11,12,6348
11/1/2025,Wind,16,17,9647
1/22/2024,Wind,20,21,14875
8/28/2025,Wind,16,17,11353
4/29/2022,Solar,10,11,4724
1/20/2021,Wind,18,19,15051
6/19/2024,Wind,22,23,6935
4/2/2022,Wind,16,17,12110
8/8/2024,Wind,5,6,1189
11/2/2024,Wind,18,19,3994
9/6/2021,Solar,15,16,5313
3/28/2020,Wind,19,20,9382
2/14/2022,Wind,21,22,6029
10/13/2022,Wind,17,18,4003
7/15/2024,Wind,16,17,10450
4/22/2023,Wind,0,1,3755
10/26/2024,Solar,16,17,2125
1/25/2025,Wind,11,12,7875
2/6/2024,Wind,14,15,15869
11/24/2024,Wind,18,19,19758
12/4/2022,Wind,2,3,3252
2/12/2023,Solar,14,15,6688
1/31/2020,Wind,4,5,7716
11/29/2020,Wind,10,11,4788
4/29/2022,Wind,18,19,4816
8/1/2021,Solar,16,17,6683
3/15/2020,Wind,0,1,3612
7/1/2023,Wind,21,22,7075
3/2/2023,Wind,21,22,4877
8/3/2024,Wind,7,8,3218
11/19/2024,Wind,20,21,12210
1/8/2024,Wind,6,7,12121
12/21/2024,Wind,21,22,18922
10/25/2022,Wind,17,18,4158
4/15/2022,Wind,1,2,1942
12/7/2021,Wind,6,7,5150
1/17/2022,Wind,23,0,2215
2/24/2025,Wind,9,10,15311
7/14/2021,Wind,20,21,6824
1/11/2023,Wind,4,5,13408
10/15/2024,Wind,11,12,7313
9/14/2023,Wind,20,21,983
12/4/2021,Wind,13,14,14167
5/10/2021,Wind,21,22,1928
7/31/2021,Wind,13,14,6027
11/26/2025,Wind,9,10,5852
6/20/2022,Wind,20,21,4764
8/1/2020,Solar,13,14,4517
9/30/2022,Wind,17,18,8433
6/10/2024,Wind,13,14,16343
9/8/2024,Wind,5,6,5635
8/20/2021,Solar,10,11,3653
10/21/2020,Wind,17,18,11801
11/8/2023,Wind,22,23,14010
10/11/2020,Wind,7,8,3222
8/4/2023,Solar,11,12,7826
5/15/2021,Wind,16,17,11074
11/1/2021,Wind,18,19,5774
2/13/2025,Wind,4,5,1341
2/20/2022,Wind,20,21,16004
1/2/2025,Wind,6,7,7704
1/23/2023,Wind,4,5,4026
3/15/2022,Wind,0,1,5845
12/1/2022,Wind,15,16,4324
5/10/2024,Wind,21,22,5155
8/15/2025,Solar,16,17,9881
2/9/2020,Wind,11,12,15238
5/21/2024,Wind,21,22,3665
5/11/2024,Wind,6,7,4326
9/23/2020,Wind,18,19,5813
11/17/2025,Wind,15,16,10323
1/2/2021,Wind,0,1,1169
8/8/2023,Wind,23,0,2853
5/18/2023,Wind,19,20,6720
10/24/2022,Wind,22,23,7627
9/3/2022,Wind,20,21,1066
11/29/2024,Solar,14,15,7650
4/4/2020,Solar,10,11,4136
3/18/2020,Solar,11,12,3727
4/29/2020,Wind,13,14,10092
10/16/2021,Solar,16,17,3207
10/6/2021,Wind,17,18,8756
2/26/2025,Wind,11,12,13305
3/1/2021,Solar,13,14,5810
11/24/2022,Wind,3,4,11415
9/1/2025,Wind,20,21,5387
11/14/2024,Wind,21,22,3630
3/20/2021,Wind,6,7,4488
12/17/2021,Wind,5,6,6817
2/7/2025,Wind,3,4,9958
1/5/2024,Wind,0,1,12301
9/8/2024,Wind,12,13,11440
7/27/2020,Wind,8,9,3719
2/17/2023,Wind,13,14,13006
7/22/2024,Wind,5,6,3267
9/7/2024,Solar,12,13,6652
8/2/2021,Solar,8,9,1835
7/24/2021,Wind,18,19,5008
6/26/2022,Wind,21,22,1353
5/25/2021,Wind,9,10,10972
1/3/2024,Wind,5,6,16091
4/28/2024,Wind,18,19,4975
2/10/2022,Wind,3,4,4390
9/1/2023,Wind,2,3,4835
1/23/2025,Wind,8,9,6187
8/12/2022,Solar,9,10,4233
6/6/2022,Wind,0,1,3154
4/26/2021,Wind,23,0,6682
8/21/2022,Wind,4,5,492
7/29/2025,Solar,17,18,9703
1/14/2020,Wind,1,2,12193
11/23/2020,Wind,6,7,197
3/3/2020,Wind,16,17,2913
4/30/2022,Wind,23,0,4152
8/28/2025,Wind,3,4,2154
9/28/2025,Solar,17,18,3101
4/26/2020,Solar,19,20,826
4/26/2020,Wind,7,8,1234
1/13/2020,Wind,0,1,3124
7/4/2021,Wind,8,9,1516
8/20/2022,Solar,16,17,6307
10/15/2022,Wind,21,22,4985
11/4/2024,Wind,20,21,2945
5/27/2024,Wind,1,2,2781
5/3/2021,Wind,7,8,1219
6/25/2023,Wind,21,22,4990
1/24/2023,Wind,17,18,3120
2/11/2022,Wind,8,9,2704
6/17/2023,Wind,22,23,1596
9/25/2021,Solar,10,11,3100
9/9/2024,Wind,8,9,8509
4/25/2023,Wind,23,0,2732
4/17/2021,Wind,20,21,5570
8/1/2022,Wind,23,0,1415
7/14/2021,Wind,18,19,7691
10/14/2025,Wind,10,11,8624
2/21/2020,Wind,14,15,8633
10/24/2024,Solar,11,12,7285
7/17/2022,Wind,2,3,6218
8/15/2022,Solar,12,13,7754
8/23/2020,Wind,7,8,4453
8/1/2020,Wind,6,7,1772
7/3/2025,Wind,3,4,5681
5/2/2022,Wind,0,1,3281
10/11/2020,Wind,0,1,4013
5/15/2021,Wind,10,11,7542
8/19/2024,Solar,10,11,6872
10/21/2025,Wind,5,6,12221
6/25/2023,Solar,11,12,7269
9/15/2024,Solar,17,18,7756
7/19/2024,Wind,6,7,1367
6/20/2022,Solar,11,12,6635
11/24/2020,Wind,2,3,1825
3/20/2022,Wind,4,5,4944
5/26/2020,Solar,15,16,7491
9/9/2025,Wind,20,21,2139
1/23/2020,Wind,4,5,5821
7/22/2022,Wind,4,5,3155
2/22/2023,Wind,6,7,2969
5/4/2023,Wind,18,19,7974
3/29/2022,Solar,15,16,3886
1/24/2025,Wind,13,14,19431
3/17/2025,Wind,21,22,11797
11/4/2024,Wind,4,5,2853
1/11/2023,Wind,10,11,10073
6/21/2022,Solar,15,16,4791
7/2/2020,Wind,18,19,6452
5/12/2024,Solar,14,15,4059
3/11/2021,Wind,6,7,14266
9/23/2020,Wind,13,14,8641
4/30/2024,Wind,21,22,3124
9/16/2023,Wind,22,23,2367
5/4/2025,Wind,19,20,11985
4/8/2022,Wind,18,19,10607
12/23/2023,Wind,16,17,14470
8/11/2025,Wind,22,23,5924
7/16/2021,Wind,17,18,7525
2/11/2020,Wind,7,8,11753
11/9/2024,Wind,1,2,1782
9/27/2022,Wind,18,19,9228
9/1/2024,Wind,8,9,4830
11/1/2020,Wind,7,8,9246
1/9/2025,Wind,7,8,14188
12/31/2024,Wind,1,2,2303
1/6/2025,Wind,0,1,18763
1/30/2024,Solar,14,15,7283
4/18/2021,Wind,20,21,2015
4/24/2021,Solar,15,16,8651
10/27/2021,Wind,19,20,2324
7/2/2020,Wind,0,1,2474
1/7/2024,Wind,4,5,7340
1/18/2024,Wind,14,15,6969
9/9/2023,Wind,1,2,1650
3/17/2025,Solar,10,11,11786
10/20/2024,Wind,7,8,6846
9/11/2021,Solar,16,17,4615
3/12/2024,Wind,15,16,12222
8/6/2020,Solar,16,17,3605
1/15/2022,Wind,1,2,847
4/18/2022,Solar,17,18,4269
1/13/2020,Wind,6,7,2987
3/16/2021,Solar,11,12,5314
6/15/2022,Wind,6,7,2328
9/30/2023,Solar,12,13,6508
10/29/2024,Wind,21,22,685
9/4/2025,Wind,20,21,6150
8/21/2023,Solar,15,16,6576
4/19/2020,Wind,14,15,2914
7/12/2021,Wind,9,10,2663
1/3/2022,Wind,7,8,9393
11/10/2020,Wind,6,7,486
2/3/2025,Wind,23,0,1883
3/31/2025,Wind,0,1,4280
7/12/2024,Wind,17,18,8243
6/14/2024,Wind,17,18,12714
9/21/2025,Solar,11,12,3451
5/16/2021,Wind,23,0,9508
3/7/2022,Wind,5,6,6815
8/10/2022,Solar,10,11,6251
3/7/2023,Wind,5,6,5865
3/14/2025,Wind,15,16,7686
10/4/2024,Wind,7,8,4180
12/15/2022,Wind,22,23,7205
9/3/2020,Wind,0,1,931
6/17/2022,Wind,21,22,1078
12/21/2023,Wind,18,19,17520
3/2/2023,Solar,14,15,6558
8/4/2024,Wind,20,21,1620
12/29/2024,Wind,21,22,548
11/14/2024,Wind,1,2,3831
8/4/2022,Solar,9,10,3343
4/26/2022,Wind,0,1,2101
5/16/2022,Wind,5,6,5648
1/9/2020,Wind,16,17,10435
11/24/2022,Wind,14,15,9150
1/20/2024,Wind,23,0,10670
3/14/2020,Wind,22,23,3349
3/10/2020,Wind,22,23,11030
5/26/2024,Wind,2,3,4508
8/13/2023,Wind,1,2,1162
3/28/2022,Wind,6,7,1606
10/12/2020,Solar,14,15,4590
10/22/2024,Solar,10,11,3182
10/19/2020,Solar,11,12,5009
9/12/2021,Wind,21,22,1376
7/17/2024,Wind,3,4,2046
8/17/2024,Wind,1,2,1571
8/13/2023,Solar,16,17,7801
6/28/2024,Wind,2,3,3695
2/6/2022,Wind,4,5,13477
3/31/2021,Solar,10,11,4010
10/25/2023,Wind,11,12,11630
7/23/2024,Wind,23,0,2067
3/18/2023,Wind,3,4,7204
12/5/2024,Wind,23,0,18205
1/8/2024,Wind,2,3,11508
6/11/2020,Wind,8,9,2692
6/6/2025,Wind,22,23,4429
6/2/2021,Wind,23,0,2032
9/21/2020,Wind,21,22,1334
9/2/2025,Wind,23,0,11315
9/21/2025,Wind,20,21,4453
8/9/2021,Wind,10,11,6015
3/16/2021,Wind,2,3,3997
10/18/2022,Solar,13,14,5899
12/26/2021,Wind,12,13,4600
7/27/2024,Wind,2,3,455
9/11/2020,Solar,9,10,1917
9/13/2020,Wind,19,20,705
8/15/2023,Solar,17,18,4625
7/29/2021,Wind,5,6,4205
5/19/2024,Wind,2,3,552
3/30/2023,Wind,7,8,11130
7/10/2025,Solar,16,17,11067
8/9/2025,Wind,4,5,1139
11/1/2023,Wind,18,19,12788
6/12/2024,Wind,20,21,2252
9/20/2025,Wind,5,6,6560
5/1/2020,Wind,0,1,7535
1/21/2020,Wind,11,12,2976
6/29/2025,Wind,6,7,2536
10/12/2020,Wind,6,7,2120
7/25/2024,Solar,12,13,9805
6/5/2023,Solar,13,14,9739
6/9/2023,Wind,7,8,4688
9/4/2025,Wind,21,22,6077
5/11/2024,Wind,23,0,4091
3/24/2025,Solar,10,11,5051
7/26/2023,Wind,7,8,2889
8/6/2024,Wind,20,21,2592
4/22/2025,Wind,5,6,1421
8/27/2024,Solar,11,12,8753
7/11/2021,Solar,15,16,4877
11/11/2021,Wind,7,8,1001
2/25/2025,Wind,0,1,4530
4/2/2025,Wind,11,12,18987
7/22/2020,Wind,6,7,3797
2/5/2020,Wind,16,17,2504
3/30/2020,Wind,20,21,8073
5/11/2020,Wind,4,5,9699
11/5/2021,Wind,2,3,3405
8/30/2020,Wind,3,4,3012
9/8/2025,Wind,21,22,2307
3/4/2022,Wind,8,9,3630
8/6/2022,Wind,2,3,5462
12/13/2024,Wind,19,20,698
12/31/2023,Wind,17,18,17198
9/4/2025,Wind,9,10,9465
2/25/2025,Wind,9,10,8542
3/18/2022,Wind,11,12,12613
3/19/2025,Solar,14,15,12452
8/7/2022,Wind,0,1,7995
3/24/2025,Wind,4,5,747
12/22/2020,Wind,11,12,9500
5/5/2020,Wind,22,23,2517
12/14/2024,Wind,7,8,2252
2/3/2023,Wind,21,22,4534
11/12/2022,Wind,8,9,4144
7/18/2024,Solar,11,12,7522
3/9/2020,Wind,6,7,6476
6/28/2021,Solar,12,13,4142
3/24/2022,Solar,11,12,6783
1/3/2020,Wind,8,9,9177
5/2/2025,Wind,20,21,3054
11/23/2022,Wind,10,11,12239
11/3/2023,Wind,4,5,9640
4/9/2024,Wind,23,0,8241
5/16/2021,Wind,19,20,9726
2/14/2025,Wind,5,6,5166
10/23/2022,Wind,14,15,13158
12/14/2022,Wind,17,18,2357
7/31/2024,Solar,16,17,6848
1/15/2025,Wind,0,1,2675
11/21/2021,Wind,21,22,5308
11/12/2023,Wind,5,6,7747
11/10/2021,Wind,19,20,1095
10/30/2022,Wind,15,16,4128
1/12/2021,Wind,13,14,11705
11/17/2023,Wind,5,6,4471
7/3/2022,Solar,8,9,2588
3/9/2021,Wind,17,18,3112
3/17/2023,Wind,10,11,9438
4/1/2025,Wind,5,6,10726
3/28/2020,Wind,2,3,2228
1/29/2022,Wind,4,5,5616
2/11/2023,Wind,1,2,2311
5/19/2020,Wind,22,23,3873
5/8/2023,Wind,20,21,1613
4/23/2021,Solar,9,10,4703
10/13/2025,Wind,19,20,6779
1/8/2020,Wind,12,13,5049
11/13/2023,Wind,4,5,10748
6/30/2021,Wind,5,6,2072
8/28/2023,Wind,3,4,3728
9/2/2021,Wind,16,17,6041
3/31/2022,Wind,7,8,5596
1/14/2023,Wind,14,15,18425
12/10/2020,Wind,17,18,3945
1/6/2025,Wind,8,9,18841
2/5/2024,Wind,14,15,9758
11/4/2024,Solar,14,15,4760
11/10/2022,Wind,4,5,3540
7/14/2020,Solar,9,10,2423
9/17/2020,Wind,0,1,4803
7/12/2021,Solar,15,16,4724
5/22/2020,Solar,10,11,5050
1/18/2021,Wind,14,15,5818
9/22/2022,Wind,22,23,613
2/22/2021,Wind,7,8,6262
3/22/2020,Wind,8,9,8856
10/12/2020,Wind,9,10,2453
4/19/2025,Wind,15,16,4612
8/25/2025,Wind,22,23,1411
4/20/2022,Wind,4,5,4490
12/9/2020,Wind,14,15,2985
7/22/2020,Solar,14,15,4307
5/21/2023,Wind,5,6,5032
1/22/2022,Wind,6,7,2925
12/1/2021,Wind,11,12,12759
1/11/2021,Wind,2,3,1886
3/9/2020,Wind,5,6,7030
2/26/2024,Wind,16,17,13709
3/7/2022,Wind,18,19,5870
10/11/2021,Solar,10,11,4324
9/1/2025,Wind,13,14,12704
10/2/2020,Wind,22,23,3285
12/20/2024,Wind,11,12,8847
8/7/2022,Solar,15,16,10239
2/7/2024,Wind,13,14,17700
6/4/2020,Wind,16,17,6146
10/13/2021,Wind,7,8,2432
2/9/2020,Wind,1,2,8445
2/21/2022,Wind,22,23,10192
3/3/2024,Wind,5,6,3260
7/17/2025,Wind,4,5,1257
2/23/2024,Wind,16,17,12084
3/7/2025,Wind,23,0,10966
12/15/2023,Wind,20,21,1834
9/24/2025,Wind,1,2,7488
8/3/2025,Solar,8,9,4235
11/20/2025,Wind,17,18,3840
9/11/2020,Wind,8,9,1169
11/2/2025,Wind,6,7,8973
9/22/2022,Solar,15,16,5500
5/23/2020,Wind,15,16,8605
12/20/2022,Wind,0,1,13706
11/22/2024,Wind,0,1,5864
11/13/2022,Wind,3,4,2267
4/19/2021,Solar,10,11,3728
7/4/2024,Wind,6,7,7129
6/26/2023,Wind,21,22,3874
10/22/2023,Wind,21,22,2996
1/16/2022,Solar,13,14,5824
9/7/2020,Wind,23,0,1722
5/23/2022,Wind,7,8,3621
10/4/2025,Wind,1,2,16699
12/10/2020,Wind,20,21,6025
5/1/2021,Wind,6,7,1335
6/11/2021,Wind,19,20,2701
1/1/2024,Wind,10,11,12702
5/9/2023,Wind,10,11,5818
1/12/2022,Solar,15,16,3844
11/12/2023,Wind,3,4,7217
11/2/2022,Wind,1,2,10172
9/8/2020,Solar,13,14,4412
4/16/2021,Wind,0,1,6013
11/15/2022,Wind,2,3,6725
12/23/2022,Wind,19,20,13142
4/13/2022,Solar,9,10,2030
4/21/2023,Solar,15,16,7766
3/3/2025,Wind,20,21,3662
11/11/2022,Solar,11,12,6178
6/10/2023,Wind,19,20,2892
8/25/2021,Wind,1,2,6301
2/4/2022,Wind,22,23,5142
2/3/2020,Wind,3,4,8082
3/24/2021,Solar,9,10,3598
4/25/2021,Wind,1,2,8643
6/15/2024,Wind,17,18,9554
1/7/2020,Wind,15,16,4202
3/25/2021,Wind,5,6,1803
4/11/2021,Wind,4,5,4909
12/25/2022,Wind,14,15,9014
9/9/2025,Wind,19,20,2515
6/28/2020,Wind,2,3,5007
4/29/2022,Wind,3,4,3276
4/8/2023,Wind,7,8,3945
3/19/2023,Wind,6,7,2707
3/23/2020,Wind,8,9,8097
7/4/2023,Wind,21,22,7479
9/2/2021,Wind,6,7,5757
5/1/2024,Wind,4,5,1919
8/10/2024,Solar,8,9,2611
4/6/2024,Wind,4,5,13920
7/28/2020,Wind,15,16,7320
9/12/2023,Solar,14,15,4847
6/20/2022,Wind,7,8,3854
4/30/2024,Wind,4,5,3211
7/19/2021,Wind,8,9,3621
11/2/2024,Wind,5,6,2593
10/23/2023,Wind,1,2,4629
11/8/2025,Wind,22,23,2972
7/17/2022,Wind,7,8,4452
8/21/2023,Solar,18,19,2986
4/14/2022,Wind,19,20,1781
11/2/2023,Wind,14,15,16663
3/11/2024,Wind,1,2,3569
5/19/2025,Wind,4,5,5554
8/18/2023,Wind,8,9,2753
1/24/2021,Wind,15,16,9368
11/4/2025,Wind,19,20,14722
1/2/2025,Wind,17,18,2940
11/7/2022,Wind,13,14,14582
6/21/2022,Solar,17,18,4256
10/23/2025,Wind,10,11,21130
12/4/2021,Wind,5,6,8479
6/30/2025,Wind,3,4,4201
11/6/2022,Wind,20,21,11082
10/22/2021,Wind,15,16,7563
9/26/2024,Wind,17,18,18099
11/10/2025,Wind,7,8,7424
12/14/2023,Wind,3,4,7386
1/30/2025,Wind,15,16,7524
12/26/2020,Wind,6,7,2946
9/22/2025,Wind,17,18,8345
12/10/2024,Wind,1,2,10950
12/1/2020,Wind,4,5,7384
9/23/2021,Wind,2,3,1187
7/17/2022,Solar,14,15,8450
7/20/2020,Solar,17,18,4972
9/10/2023,Wind,8,9,3618
7/10/2023,Solar,12,13,8155
2/10/2021,Wind,10,11,8366
1/29/2020,Wind,16,17,5091
9/16/2025,Wind,1,2,12139
11/29/2020,Wind,23,0,1854
9/20/2022,Solar,10,11,4950
8/22/2020,Wind,8,9,5453
1/9/2022,Wind,2,3,13974
6/4/2020,Wind,1,2,2997
11/4/2021,Wind,18,19,3557
1/14/2023,Wind,17,18,15699
2/21/2021,Wind,18,19,6413
5/2/2021,Wind,21,22,919
5/30/2025,Wind,4,5,790
2/8/2024,Wind,15,16,17063
3/22/2023,Wind,7,8,10725
4/22/2023,Wind,3,4,4253
3/27/2024,Wind,14,15,15606
12/25/2020,Wind,10,11,6831
12/24/2023,Wind,4,5,10062
5/24/2024,Solar,13,14,5499
4/28/2020,Wind,18,19,7447
8/20/2025,Wind,22,23,3508
1/24/2022,Wind,1,2,3310
4/20/2023,Wind,16,17,9461
9/2/2020,Wind,22,23,1225
9/2/2023,Wind,20,21,2344
9/10/2020,Solar,10,11,2771
8/22/2025,Solar,18,19,5766
5/24/2023,Solar,9,10,6816
1/11/2025,Wind,9,10,2854
2/28/2024,Wind,0,1,4724
3/6/2020,Wind,14,15,8581
8/18/2020,Wind,18,19,3539
2/18/2022,Wind,3,4,9335
9/3/2021,Solar,14,15,3775
3/24/2020,Wind,23,0,7447
8/25/2024,Wind,20,21,2137
10/22/2021,Wind,0,1,2121
7/17/2021,Wind,19,20,5398
10/30/2022,Wind,8,9,5100
3/9/2021,Solar,15,16,5136
6/23/2020,Wind,1,2,2034
4/22/2023,Wind,1,2,4008
7/12/2024,Solar,12,13,7573
9/5/2024,Wind,22,23,700
4/16/2021,Wind,1,2,5880
5/17/2022,Wind,2,3,2321
10/1/2024,Wind,23,0,4747
9/27/2021,Wind,8,9,6867
4/3/2020,Wind,8,9,2170
1/17/2023,Wind,23,0,4827
11/7/2024,Solar,13,14,5149
3/31/2020,Wind,1,2,6769
3/28/2020,Wind,22,23,11081
9/14/2024,Solar,12,13,10121
10/18/2025,Solar,16,17,7924
10/31/2021,Wind,17,18,10469
4/28/2022,Solar,15,16,7312
1/24/2024,Wind,19,20,6892
6/24/2021,Wind,22,23,1974
12/11/2023,Wind,16,17,6768
1/27/2024,Solar,11,12,5814
8/15/2022,Solar,14,15,8036
1/29/2021,Wind,3,4,13907
9/5/2020,Wind,1,2,2121
8/12/2024,Solar,16,17,8871
1/26/2021,Wind,13,14,5482
4/11/2025,Wind,20,21,4837
7/11/2025,Solar,11,12,11758
5/16/2025,Solar,13,14,7092
10/25/2025,Wind,16,17,9821
1/31/2021,Wind,22,23,5906
5/25/2025,Wind,13,14,9581
7/5/2022,Solar,9,10,4126
11/19/2020,Wind,9,10,9061
10/18/2022,Wind,22,23,5538
1/15/2023,Wind,3,4,10240
5/2/2022,Wind,20,21,3792
10/8/2020,Wind,3,4,6421
11/24/2023,Wind,1,2,8505
5/17/2020,Solar,10,11,4507
3/18/2022,Wind,3,4,6998
10/28/2023,Wind,22,23,16635
5/19/2021,Wind,2,3,3258
7/17/2022,Wind,20,21,2312
7/22/2023,Solar,11,12,10194
11/12/2024,Wind,13,14,13235
3/27/2022,Wind,9,10,4841
4/5/2022,Wind,17,18,9675
8/29/2023,Wind,20,21,1992
6/23/2025,Wind,22,23,3779
2/9/2020,Wind,20,21,11896
1/5/2023,Wind,6,7,7965
9/15/2023,Wind,20,21,3195
9/15/2023,Wind,23,0,4953
11/14/2020,Wind,15,16,8436
2/11/2022,Wind,17,18,2107
2/20/2025,Wind,4,5,7070
6/28/2025,Solar,8,9,3941
8/6/2022,Wind,4,5,5611
5/24/2020,Wind,23,0,2435
6/13/2025,Wind,23,0,5332
5/3/2025,Solar,16,17,10481
11/22/2024,Wind,7,8,9522
8/22/2021,Wind,9,10,4991
1/10/2023,Wind,12,13,15075
6/21/2021,Wind,4,5,2933
9/20/2022,Solar,17,18,5469
1/27/2021,Wind,17,18,3743
9/23/2020,Wind,9,10,4073
4/8/2020,Solar,18,19,1595
10/9/2024,Wind,7,8,8883
5/7/2025,Wind,0,1,9348
9/14/2023,Wind,21,22,1857
2/11/2020,Wind,5,6,11769
1/17/2020,Wind,12,13,8804
3/24/2025,Solar,14,15,6048
8/7/2024,Solar,10,11,5496
5/15/2025,Wind,1,2,6358
3/22/2023,Wind,6,7,9994
11/26/2020,Wind,16,17,1476
5/13/2020,Wind,20,21,7492
3/18/2025,Wind,1,2,12131
11/6/2025,Wind,10,11,6247
8/19/2021,Wind,3,4,1695
2/23/2020,Wind,4,5,9644
4/23/2025,Wind,3,4,6268
5/10/2022,Wind,2,3,1193
12/1/2023,Wind,20,21,5060
7/21/2021,Wind,2,3,2864
9/23/2022,Wind,5,6,546
1/3/2023,Wind,10,11,6763
12/7/2024,Wind,22,23,17557
3/28/2022,Wind,3,4,1693
10/7/2020,Wind,10,11,6946
8/23/2022,Wind,21,22,736
5/27/2023,Wind,20,21,3594
10/10/2023,Wind,20,21,2170
5/17/2025,Wind,4,5,4673
5/21/2020,Wind,21,22,660
3/15/2023,Wind,7,8,2413
12/14/2024,Wind,10,11,3475
1/19/2025,Solar,14,15,3805
12/29/2021,Wind,1,2,9126
1/29/2025,Wind,1,2,17602
1/22/2024,Wind,2,3,16724
8/21/2023,Solar,8,9,2472
9/16/2022,Wind,21,22,5135
4/21/2023,Wind,7,8,3141
4/22/2023,Wind,15,16,9856
11/5/2021,Wind,22,23,2244
12/23/2024,Wind,6,7,16444
3/9/2022,Wind,17,18,5318
8/10/2025,Wind,23,0,7903
2/17/2023,Wind,1,2,7099
8/29/2020,Wind,18,19,4957
8/29/2025,Wind,9,10,13975
2/5/2021,Wind,7,8,1837
5/13/2020,Wind,10,11,5295
1/27/2024,Wind,1,2,1993
2/13/2025,Wind,8,9,1808
3/10/2022,Wind,20,21,6268
7/2/2022,Wind,4,5,780
2/11/2022,Wind,21,22,2877
12/18/2022,Wind,16,17,9972
4/7/2023,Solar,14,15,8432
1/9/2025,Wind,12,13,13546
12/19/2020,Wind,23,0,5475
2/18/2022,Wind,12,13,18336
10/16/2025,Wind,7,8,5067
9/29/2020,Wind,23,0,648
8/17/2025,Wind,3,4,5689
9/29/2022,Solar,10,11,3096
4/22/2024,Wind,22,23,4627
7/3/2025,Wind,23,0,6293
10/1/2020,Wind,10,11,6509
2/24/2024,Wind,2,3,7042
6/26/2024,Wind,23,0,1220
11/17/2022,Wind,11,12,15564
8/23/2022,Wind,1,2,1180
3/8/2025,Wind,12,13,14394
4/25/2020,Wind,6,7,1918
3/29/2025,Wind,13,14,14163
3/20/2021,Wind,1,2,6045
3/26/2021,Wind,14,15,11408
4/25/2023,Wind,0,1,2929
10/16/2020,Wind,7,8,2998
7/15/2022,Solar,15,16,7499
8/28/2023,Wind,4,5,3258
1/9/2024,Wind,0,1,4857
11/5/2025,Wind,15,16,12356
12/14/2020,Wind,22,23,6487
7/31/2022,Wind,23,0,3161
1/14/2023,Wind,20,21,13584
4/13/2020,Wind,16,17,11122
2/26/2024,Wind,13,14,14168
9/3/2020,Wind,6,7,1674
12/21/2020,Wind,16,17,11318
4/24/2023,Wind,0,1,9557
4/30/2023,Wind,20,21,1754
8/27/2021,Solar,10,11,5627
9/16/2022,Solar,11,12,6902
11/21/2025,Wind,1,2,4563
9/22/2022,Solar,13,14,6248
6/26/2021,Solar,18,19,2918
5/24/2023,Wind,21,22,6974
7/21/2020,Wind,19,20,3934
8/8/2021,Wind,12,13,9302
3/5/2021,Wind,12,13,9127
7/28/2022,Wind,23,0,1995
8/6/2023,Wind,1,2,13743
12/2/2022,Wind,15,16,3878
10/11/2023,Wind,17,18,6965
11/20/2022,Wind,1,2,4543
7/15/2023,Wind,10,11,11920
2/9/2023,Solar,10,11,4291
3/11/2024,Wind,14,15,10464
2/28/2023,Wind,17,18,7747
7/19/2022,Wind,0,1,5843
3/24/2022,Wind,23,0,5843
7/31/2021,Wind,2,3,5229
2/1/2025,Wind,5,6,3211
8/29/2020,Wind,10,11,3727
1/21/2021,Wind,3,4,12756
7/3/2022,Wind,3,4,1428
9/14/2025,Wind,0,1,5040
12/22/2021,Wind,8,9,3172
2/6/2021,Wind,18,19,4300
3/9/2020,Wind,16,17,8263
2/5/2022,Wind,7,8,3579
10/31/2025,Wind,20,21,14868
4/7/2025,Solar,18,19,5498
8/2/2021,Wind,2,3,1200
6/11/2025,Solar,17,18,8263
10/25/2022,Solar,13,14,5679
10/21/2022,Wind,5,6,9051
10/20/2025,Wind,13,14,19753
8/14/2025,Wind,19,20,3576
1/30/2024,Wind,8,9,6919
7/6/2023,Solar,9,10,3928
6/8/2020,Solar,14,15,5620
10/7/2021,Wind,7,8,1491
4/4/2021,Wind,4,5,5664
11/26/2020,Solar,14,15,2923
12/30/2024,Solar,10,11,2306
8/30/2022,Solar,14,15,5938
7/19/2021,Solar,10,11,5500
7/24/2021,Wind,8,9,4225
2/21/2021,Wind,5,6,8883
4/27/2022,Wind,2,3,5575
1/4/2023,Wind,12,13,17318
7/11/2021,Wind,0,1,1348
11/4/2025,Wind,20,21,14429
9/12/2022,Wind,8,9,3604
9/2/2022,Wind,6,7,1890
5/5/2021,Wind,9,10,9071
1/29/2021,Wind,19,20,11119
11/26/2023,Wind,22,23,5154
11/7/2024,Wind,20,21,3375
8/3/2021,Wind,19,20,1828
4/19/2022,Wind,8,9,2444
8/8/2021,Wind,14,15,9714
1/2/2022,Wind,6,7,8787
2/5/2024,Wind,21,22,8276
7/11/2021,Wind,2,3,1192
9/20/2020,Wind,21,22,2433
11/11/2024,Wind,11,12,6891
7/31/2024,Wind,4,5,2129
3/21/2020,Wind,0,1,7735
10/14/2021,Solar,14,15,5650
1/19/2025,Wind,22,23,1188
10/7/2024,Wind,13,14,6044
2/13/2025,Wind,2,3,1090
6/11/2022,Solar,8,9,2423
10/25/2023,Wind,9,10,10380
3/18/2024,Solar,10,11,5581
9/21/2020,Wind,4,5,817
11/28/2025,Wind,7,8,7806
4/7/2020,Wind,4,5,1718
3/2/2020,Wind,10,11,5353
7/23/2020,Solar,10,11,2720
3/22/2022,Wind,23,0,4199
2/22/2023,Wind,22,23,1437
10/4/2023,Wind,0,1,3511
10/26/2023,Wind,17,18,4734
2/25/2023,Wind,19,20,8542
8/28/2024,Wind,21,22,2163
11/13/2020,Wind,15,16,4593
4/29/2021,Solar,16,17,3421
4/15/2024,Wind,21,22,14523
2/17/2024,Wind,9,10,4037
10/18/2020,Wind,22,23,912
10/7/2023,Solar,10,11,6141
7/17/2021,Wind,23,0,5090
10/30/2022,Wind,20,21,2069
2/2/2021,Wind,10,11,11997
6/25/2020,Wind,5,6,3558
5/3/2025,Solar,17,18,9346
11/12/2021,Wind,0,1,934
8/2/2024,Solar,11,12,6672
9/26/2020,Wind,20,21,8134
9/21/2023,Wind,3,4,9550
4/23/2022,Wind,9,10,6361
1/2/2021,Wind,18,19,1837
12/17/2021,Wind,18,19,8144
11/23/2021,Wind,12,13,9900
12/13/2023,Wind,1,2,9953
10/27/2024,Solar,9,10,3309
9/7/2025,Wind,1,2,6555
8/22/2020,Wind,2,3,5104
7/30/2022,Wind,21,22,1951
8/26/2025,Wind,8,9,5983
11/1/2020,Wind,11,12,13574
6/20/2025,Solar,10,11,8561
9/22/2023,Wind,12,13,11770
1/20/2025,Wind,5,6,1668
10/20/2021,Wind,5,6,10713
12/20/2020,Wind,15,16,4461
8/9/2025,Wind,19,20,5496
11/20/2024,Wind,3,4,8076
7/2/2025,Wind,17,18,11247
1/23/2020,Wind,21,22,2993
8/11/2021,Wind,3,4,704
6/10/2020,Solar,16,17,3105
8/9/2021,Wind,6,7,2967
11/5/2020,Wind,20,21,8082
4/23/2024,Wind,1,2,4273
7/30/2024,Wind,23,0,2765
7/23/2022,Solar,15,16,6571
12/25/2020,Wind,1,2,6863
8/8/2024,Wind,1,2,1289
12/30/2022,Wind,17,18,15843
2/25/2022,Wind,10,11,7997
10/21/2023,Wind,12,13,20931
7/21/2021,Wind,5,6,1927
11/15/2023,Wind,10,11,10577
1/9/2023,Wind,17,18,13412
11/8/2021,Wind,7,8,1922
4/14/2021,Wind,22,23,5346
6/27/2021,Wind,20,21,1366
2/5/2020,Wind,17,18,1746
9/17/2021,Wind,2,3,711
12/29/2023,Wind,6,7,12493
12/2/2022,Wind,1,2,2232
7/23/2021,Solar,13,14,7412
1/26/2025,Wind,4,5,10046
6/3/2022,Wind,21,22,2859
6/23/2022,Wind,0,1,1625
4/23/2021,Wind,17,18,7944
3/23/2022,Solar,16,17,5220
4/3/2023,Wind,1,2,5706
6/16/2023,Solar,8,9,2630
11/16/2024,Wind,19,20,2040
6/22/2025,Solar,13,14,5526
2/24/2023,Wind,11,12,6498
10/17/2020,Solar,17,18,1367
5/11/2022,Solar,10,11,7976
6/20/2023,Wind,19,20,3357
5/22/2022,Wind,23,0,3313
10/30/2024,Wind,6,7,1827
2/20/2020,Wind,19,20,10617
6/22/2022,Solar,9,10,3779
3/31/2021,Wind,19,20,1121
12/30/2024,Wind,0,1,709
3/20/2020,Wind,10,11,6229
12/25/2021,Wind,6,7,1843
3/28/2023,Wind,1,2,2283
6/30/2022,Solar,15,16,5921
7/24/2025,Wind,23,0,2166
2/27/2022,Wind,20,21,6011
3/16/2025,Wind,17,18,7970
6/15/2024,Wind,11,12,10538
1/13/2023,Wind,19,20,10798
2/10/2020,Wind,16,17,13770
11/8/2021,Wind,17,18,1805
1/10/2025,Wind,16,17,2433
6/2/2020,Wind,23,0,1765
12/18/2022,Wind,4,5,5927
11/19/2023,Wind,11,12,16559
4/14/2020,Wind,4,5,7144
6/21/2024,Solar,10,11,5580
5/21/2021,Wind,6,7,8861
6/25/2021,Wind,1,2,2038
10/9/2023,Solar,11,12,5494
4/11/2024,Wind,5,6,3540
1/12/2025,Wind,6,7,3081
12/28/2024,Wind,17,18,354
7/20/2020,Wind,4,5,2939
5/18/2020,Wind,5,6,1868
2/6/2022,Wind,19,20,16044
4/30/2023,Wind,5,6,3818
2/29/2024,Wind,13,14,12775
8/17/2022,Wind,20,21,1406
3/12/2022,Wind,2,3,9389
3/21/2020,Wind,15,16,11152
2/2/2025,Wind,9,10,3472
2/14/2022,Wind,5,6,11744
8/9/2023,Wind,20,21,1211
2/23/2024,Wind,8,9,14058
6/30/2020,Wind,0,1,3738
8/14/2023,Solar,17,18,7241
4/10/2022,Solar,15,16,7678
6/9/2025,Solar,10,11,3733
5/7/2024,Solar,12,13,7214
5/31/2022,Solar,10,11,4174
7/24/2025,Wind,0,1,2396
3/14/2024,Wind,16,17,9218
5/30/2025,Solar,17,18,6501
9/27/2020,Wind,22,23,5190
9/27/2022,Wind,14,15,13231
1/27/2020,Wind,2,3,8486
6/28/2021,Solar,17,18,3945
10/3/2020,Wind,0,1,3195
6/12/2025,Solar,11,12,5733
9/2/2025,Wind,17,18,15009
6/4/2023,Wind,17,18,7894
12/2/2024,Wind,8,9,8193
6/4/2023,Wind,20,21,5847
3/25/2023,Wind,5,6,14863
5/2/2024,Wind,12,13,12077
9/18/2024,Wind,21,22,8671
10/9/2025,Wind,8,9,2496
9/11/2022,Wind,2,3,664
1/29/2025,Wind,15,16,12248
3/29/2021,Wind,9,10,4622
5/31/2023,Wind,22,23,8211
8/31/2024,Wind,23,0,5370
11/6/2023,Wind,1,2,12102
3/25/2021,Wind,8,9,2635
8/5/2024,Solar,8,9,2548
7/2/2021,Wind,5,6,405
1/27/2025,Wind,4,5,18396
5/15/2020,Wind,18,19,4342
9/6/2021,Wind,4,5,1107
10/24/2021,Wind,20,21,3398
12/6/2024,Wind,7,8,14357
8/26/2023,Wind,22,23,1513
5/4/2020,Solar,16,17,5092
10/17/2022,Wind,7,8,7554
8/2/2022,Solar,10,11,5062
4/13/2025,Wind,15,16,4463
4/25/2022,Wind,7,8,3208
10/26/2022,Wind,13,14,8890
12/7/2022,Wind,4,5,2473
10/24/2025,Wind,19,20,12506
8/31/2020,Wind,9,10,3237
6/30/2022,Wind,17,18,5168
11/4/2025,Wind,15,16,12341
8/17/2022,Wind,21,22,1307
12/8/2020,Wind,11,12,2686
3/24/2020,Wind,1,2,6628
7/21/2023,Solar,14,15,8927
6/28/2023,Wind,0,1,2630
9/14/2022,Solar,12,13,5716
5/29/2020,Wind,15,16,7953
8/19/2022,Wind,17,18,7064
8/17/2025,Wind,4,5,6032
4/1/2025,Wind,17,18,13004
10/13/2024,Wind,9,10,2980
4/5/2022,Wind,12,13,9346
4/29/2021,Solar,14,15,4221
2/25/2023,Wind,14,15,9931
7/19/2023,Wind,17,18,11158
10/10/2022,Wind,1,2,4732
4/17/2021,Wind,0,1,4306
12/21/2021,Wind,20,21,3015
4/22/2021,Wind,21,22,6303
11/23/2025,Wind,17,18,10653
6/11/2024,Wind,5,6,1874
5/27/2024,Wind,20,21,3315
9/28/2020,Wind,19,20,4208
8/7/2023,Wind,3,4,3593
3/29/2021,Wind,22,23,2491
5/22/2021,Wind,21,22,5778
11/19/2021,Solar,14,15,3318
1/27/2025,Wind,5,6,18096
8/13/2025,Solar,9,10,4027
9/14/2021,Wind,17,18,3219
5/8/2022,Wind,2,3,4076
7/3/2022,Wind,2,3,1530
7/24/2021,Wind,0,1,5890
11/21/2022,Wind,0,1,7993
4/5/2023,Solar,10,11,5948
8/11/2025,Solar,14,15,11543
7/13/2021,Wind,11,12,5885
9/19/2022,Wind,6,7,2502
12/5/2024,Wind,17,18,15699
11/1/2025,Wind,9,10,14047
11/17/2025,Wind,3,4,5317
8/16/2020,Wind,20,21,1759
1/22/2023,Wind,12,13,7106
5/24/2025,Wind,17,18,13001
1/21/2021,Wind,12,13,12248
7/17/2023,Solar,11,12,7791
10/28/2022,Wind,10,11,8983
7/8/2021,Wind,0,1,1738
6/6/2021,Wind,19,20,2910
9/12/2025,Wind,2,3,10052
10/13/2024,Solar,15,16,5251
2/13/2023,Wind,5,6,3438
4/21/2023,Solar,16,17,7315
12/22/2024,Wind,4,5,18507
6/11/2020,Wind,19,20,3890
10/17/2021,Wind,4,5,1793
4/7/2022,Wind,9,10,16777
11/25/2024,Wind,19,20,6360
5/30/2024,Wind,14,15,11924
11/19/2023,Wind,14,15,17043
2/4/2024,Wind,20,21,8328
9/23/2022,Wind,4,5,505
5/17/2023,Wind,15,16,13945
5/2/2024,Wind,23,0,9680
9/21/2025,Solar,12,13,4035
8/28/2025,Wind,13,14,12192
1/15/2023,Wind,18,19,14920
3/30/2024,Wind,0,1,4270
11/27/2024,Wind,1,2,8974
3/11/2022,Wind,8,9,12227
8/27/2022,Wind,23,0,4610
11/9/2025,Wind,16,17,4511
4/3/2021,Wind,2,3,9279
7/5/2022,Solar,12,13,7173
10/2/2020,Wind,16,17,4517
3/3/2024,Wind,19,20,4860
10/30/2020,Wind,22,23,2173
1/29/2025,Wind,13,14,14188
6/7/2025,Wind,2,3,5372
7/17/2022,Wind,4,5,5437
9/21/2021,Wind,2,3,3038
8/21/2022,Solar,15,16,5244
10/28/2022,Wind,1,2,7785
3/14/2025,Wind,1,2,2246
4/22/2024,Wind,23,0,4362
8/15/2021,Solar,14,15,6192
11/1/2023,Wind,8,9,12856
12/19/2024,Wind,5,6,17699
9/15/2024,Solar,14,15,6259
7/1/2022,Solar,14,15,7548
1/11/2020,Wind,4,5,2401
9/7/2021,Solar,14,15,7947
12/4/2022,Wind,23,0,708
7/27/2025,Solar,11,12,8163
3/19/2022,Wind,3,4,11419
6/13/2023,Solar,12,13,7666
10/31/2020,Wind,15,16,9419
6/19/2023,Wind,6,7,1407
5/15/2023,Wind,23,0,7719
3/16/2021,Wind,19,20,6005
6/12/2023,Solar,17,18,4747
7/3/2020,Wind,21,22,2958
6/19/2025,Wind,20,21,5164
2/12/2020,Wind,7,8,8307
9/7/2024,Wind,19,20,4461
12/17/2020,Wind,17,18,2892
10/4/2021,Wind,22,23,6535
2/27/2021,Wind,6,7,5900
12/14/2022,Wind,2,3,1972
1/1/2024,Wind,1,2,15228
7/25/2023,Wind,22,23,2896
7/18/2022,Wind,8,9,4324
5/10/2021,Wind,10,11,9543
11/8/2021,Solar,12,13,4759
12/10/2022,Wind,5,6,1514
6/25/2020,Solar,17,18,3179
11/29/2020,Wind,2,3,4361
8/5/2023,Wind,4,5,2376
10/12/2020,Wind,2,3,3229
1/13/2021,Wind,17,18,9862
4/20/2022,Wind,22,23,4403
3/6/2020,Wind,7,8,7635
1/15/2021,Wind,0,1,8913
2/16/2022,Wind,0,1,13892
4/2/2021,Wind,18,19,12278
11/24/2021,Wind,20,21,2080
9/18/2022,Solar,13,14,11642
8/5/2025,Wind,18,19,11488
4/16/2022,Solar,11,12,9283
5/2/2024,Wind,20,21,11202
12/1/2022,Wind,8,9,4364
9/17/2023,Solar,12,13,7328
6/21/2025,Solar,13,14,10245
5/27/2020,Wind,5,6,3501
2/27/2021,Wind,16,17,10738
3/26/2024,Wind,21,22,8154
8/26/2022,Solar,16,17,6095
7/13/2022,Wind,21,22,1816
1/23/2020,Wind,6,7,5026
8/17/2020,Wind,7,8,1942
3/26/2020,Wind,9,10,7178
3/6/2024,Wind,21,22,1843
4/30/2025,Wind,23,0,5987
2/14/2020,Wind,7,8,3792
8/26/2022,Wind,18,19,4553
4/22/2025,Wind,6,7,1187
12/1/2022,Wind,17,18,3675
2/5/2025,Solar,13,14,6610
1/30/2022,Wind,17,18,1434
9/29/2021,Wind,21,22,3641
5/13/2024,Wind,6,7,1884
8/30/2020,Wind,21,22,3777
7/11/2020,Solar,16,17,5785
9/29/2025,Solar,12,13,8857
6/28/2024,Solar,8,9,3771
5/9/2020,Solar,11,12,3231
5/22/2024,Wind,19,20,4870
7/3/2020,Wind,8,9,2944
11/23/2020,Solar,15,16,1643
2/24/2022,Wind,1,2,3851
3/7/2025,Wind,7,8,9990
5/26/2020,Wind,6,7,3338
1/12/2023,Wind,9,10,16699
11/30/2021,Wind,10,11,13024
6/19/2022,Wind,3,4,10066
12/7/2022,Wind,7,8,2196
7/21/2022,Wind,23,0,2858
5/17/2025,Wind,22,23,3077
12/15/2024,Wind,21,22,9775
9/28/2020,Wind,22,23,4092
3/5/2022,Solar,11,12,5186
7/4/2025,Solar,12,13,10562
6/20/2024,Wind,5,6,4917
2/4/2022,Wind,19,20,6944
1/18/2020,Wind,10,11,2843
5/26/2021,Wind,21,22,2353
10/30/2024,Wind,7,8,2071
8/18/2020,Wind,2,3,1283
5/23/2022,Wind,13,14,9217
4/28/2025,Wind,3,4,3069
7/9/2024,Wind,4,5,5209
10/20/2025,Wind,17,18,17333
3/9/2020,Wind,12,13,9648
3/14/2025,Wind,2,3,2194
9/16/2020,Wind,6,7,526
6/26/2023,Solar,14,15,10618
5/6/2025,Wind,14,15,8761
10/27/2024,Wind,3,4,1944
9/6/2024,Wind,4,5,1511
10/18/2020,Wind,3,4,583
8/12/2020,Solar,14,15,4536
7/14/2021,Wind,23,0,7745
1/21/2024,Wind,10,11,14443
6/19/2024,Wind,2,3,3425
9/22/2024,Wind,22,23,3299
1/6/2022,Wind,21,22,7422
1/3/2020,Wind,10,11,9189
1/21/2023,Wind,3,4,6960
9/4/2021,Solar,16,17,3636
6/19/2021,Solar,14,15,4390
4/11/2021,Wind,0,1,4255
3/13/2021,Wind,13,14,17323
9/15/2025,Wind,11,12,11011
5/9/2024,Wind,1,2,4350
8/31/2024,Solar,14,15,8366
5/22/2025,Wind,18,19,9293
3/30/2021,Solar,15,16,5587
4/29/2022,Wind,21,22,4703
6/24/2025,Solar,15,16,5446
6/19/2022,Wind,2,3,10201
4/1/2020,Wind,17,18,3836
6/8/2020,Wind,4,5,1414
11/13/2025,Wind,19,20,11859
10/3/2023,Wind,19,20,4989
1/11/2023,Wind,21,22,15556
8/20/2024,Wind,1,2,3390
3/1/2020,Wind,14,15,8968
8/14/2021,Wind,21,22,916
12/14/2021,Wind,2,3,587
10/27/2024,Wind,1,2,1635
7/30/2021,Wind,1,2,1469
4/16/2025,Wind,6,7,3691
10/4/2020,Wind,0,1,7366
12/18/2022,Wind,6,7,6077
7/9/2021,Wind,21,22,370
1/17/2022,Wind,17,18,1397
2/10/2025,Wind,1,2,3221
7/23/2023,Wind,15,16,9714
5/1/2020,Wind,5,6,6913
5/12/2023,Wind,18,19,5556
12/21/2022,Wind,19,20,11825
1/4/2020,Wind,10,11,4479
7/14/2021,Wind,17,18,8231
7/8/2025,Wind,21,22,2398
5/31/2025,Wind,1,2,837
9/17/2025,Wind,8,9,4458
5/10/2022,Wind,21,22,2140
3/31/2023,Wind,18,19,19093
10/4/2024,Wind,23,0,2882
2/4/2021,Wind,2,3,4372
1/3/2020,Wind,11,12,9534
8/31/2020,Wind,23,0,1614
9/8/2025,Solar,9,10,3178
11/11/2022,Wind,18,19,3699
10/21/2024,Solar,15,16,8393
7/4/2022,Solar,15,16,6170
2/1/2025,Wind,2,3,3863
5/23/2022,Wind,12,13,8430
6/20/2025,Solar,8,9,5469
5/22/2020,Solar,13,14,6982
1/1/2022,Wind,23,0,5385
10/29/2022,Wind,8,9,7385
1/3/2025,Wind,22,23,3446
3/29/2021,Wind,4,5,3859
1/24/2021,Wind,13,14,9132
10/6/2021,Wind,6,7,8232
11/26/2023,Wind,15,16,3911
5/28/2022,Solar,9,10,5809
2/5/2024,Wind,4,5,7263
1/28/2025,Wind,7,8,18356
2/22/2023,Wind,17,18,2037
2/17/2024,Wind,1,2,3267
10/3/2022,Wind,22,23,1692
11/25/2021,Wind,17,18,2854
2/24/2025,Wind,10,11,15434
11/20/2021,Wind,8,9,1106
8/20/2025,Wind,2,3,2739
11/14/2020,Wind,18,19,10406
7/23/2025,Solar,16,17,6403
9/29/2021,Wind,20,21,3738
1/23/2024,Wind,20,21,17177
4/10/2025,Solar,11,12,11510
12/24/2024,Wind,0,1,4716
8/15/2025,Solar,15,16,10700
6/3/2024,Solar,8,9,3377
1/10/2025,Wind,0,1,4208
5/28/2020,Wind,7,8,3834
2/2/2024,Wind,6,7,5384
4/15/2021,Wind,1,2,5298
7/16/2023,Wind,1,2,10971
7/4/2022,Wind,0,1,3402
12/15/2022,Wind,18,19,8325
5/31/2020,Wind,13,14,8072
11/8/2020,Wind,9,10,3896
7/25/2021,Wind,10,11,5701
2/15/2020,Wind,17,18,10164
5/22/2023,Wind,20,21,4807
6/20/2024,Wind,21,22,2123
1/24/2022,Wind,7,8,3018
8/30/2021,Wind,23,0,4985
10/7/2021,Solar,14,15,5955
6/18/2020,Solar,14,15,5121
2/17/2020,Wind,5,6,6130
3/30/2020,Wind,1,2,11994
7/3/2025,Wind,8,9,5437
12/10/2021,Wind,16,17,13856
3/8/2023,Wind,11,12,15972
7/31/2025,Wind,19,20,6732
5/27/2023,Wind,0,1,8791
10/29/2023,Wind,5,6,14125
4/21/2024,Wind,8,9,7076
11/30/2025,Wind,8,9,4801
1/23/2022,Wind,19,20,4009
12/10/2024,Wind,3,4,9960
7/16/2022,Solar,13,14,8810
8/23/2020,Wind,15,16,8621
10/20/2021,Wind,10,11,13349
5/5/2023,Solar,12,13,8234
5/28/2020,Solar,13,14,7312
12/23/2022,Wind,8,9,9829
9/10/2025,Wind,16,17,6743
1/1/2023,Wind,22,23,12955
5/30/2024,Wind,23,0,5756
11/7/2024,Wind,17,18,2897
6/30/2024,Wind,19,20,4150
7/26/2020,Wind,2,3,4286
11/1/2024,Wind,2,3,695
4/5/2024,Wind,3,4,8961
11/16/2020,Wind,18,19,4496
12/15/2022,Wind,13,14,6526
10/12/2021,Solar,11,12,5020
6/25/2020,Wind,4,5,3496
6/21/2023,Solar,18,19,2516
4/17/2025,Solar,16,17,7819
3/7/2024,Wind,22,23,12265
8/1/2025,Wind,21,22,4475
9/13/2025,Wind,12,13,13818
7/8/2025,Wind,7,8,6101
3/14/2023,Wind,7,8,16522
7/17/2023,Wind,0,1,3144
7/24/2023,Wind,21,22,3610
5/1/2022,Solar,15,16,6259
10/16/2021,Wind,1,2,1687
7/19/2020,Wind,1,2,1362
9/22/2024,Wind,8,9,3775
7/27/2021,Wind,6,7,1578
1/23/2020,Wind,2,3,6707
7/7/2023,Solar,11,12,8342
1/23/2022,Wind,9,10,3207
5/2/2020,Wind,9,10,4667
6/22/2022,Wind,2,3,3806
8/15/2024,Wind,1,2,1851
10/4/2021,Wind,17,18,6267
1/21/2023,Wind,14,15,10389
10/5/2021,Wind,16,17,12707
4/8/2025,Wind,22,23,5079
8/16/2021,Wind,6,7,4749
1/18/2020,Wind,5,6,4645
8/16/2021,Wind,7,8,5046
1/5/2025,Wind,18,19,18488
10/25/2020,Wind,5,6,7800
6/11/2022,Solar,11,12,5797
5/9/2024,Wind,6,7,3436
7/7/2024,Wind,20,21,3000
7/11/2023,Solar,14,15,9794
6/16/2020,Wind,21,22,1450
10/22/2022,Solar,12,13,6219
6/22/2022,Solar,13,14,5622
6/12/2020,Wind,18,19,4969
3/29/2024,Wind,11,12,13290
12/27/2020,Wind,12,13,13159
7/1/2021,Solar,14,15,5041
8/4/2025,Wind,3,4,3303
12/2/2021,Wind,19,20,4964
4/24/2023,Wind,14,15,10534
9/15/2022,Wind,23,0,2156
12/12/2022,Wind,6,7,1038
12/11/2022,Wind,6,7,2415
5/30/2021,Wind,23,0,5191
6/7/2022,Wind,20,21,3487
12/20/2021,Wind,23,0,3377
10/26/2025,Wind,1,2,10453
4/2/2023,Wind,8,9,10121
4/26/2020,Wind,20,21,466
4/19/2021,Solar,9,10,2735
3/1/2021,Wind,8,9,5349
8/26/2023,Wind,17,18,5041
9/23/2024,Wind,8,9,4634
3/21/2023,Wind,16,17,8241
7/29/2020,Solar,11,12,3483
11/14/2024,Wind,0,1,4003
8/5/2020,Wind,2,3,1003
7/15/2020,Wind,8,9,1905
4/24/2023,Wind,5,6,8273
6/13/2020,Wind,8,9,2926
1/4/2020,Wind,18,19,2983
6/25/2024,Wind,6,7,3497
1/12/2022,Solar,14,15,4731
8/19/2025,Wind,21,22,3579
6/28/2020,Wind,0,1,4765
3/8/2025,Wind,6,7,10878
9/6/2024,Wind,6,7,2426
5/31/2024,Wind,12,13,11737
6/1/2020,Wind,17,18,4261
11/2/2020,Wind,12,13,13394
4/11/2023,Wind,12,13,9998
3/1/2021,Wind,1,2,5776
2/24/2020,Wind,18,19,10814
9/15/2025,Wind,2,3,9831
5/23/2023,Wind,18,19,10411
3/4/2021,Wind,21,22,3114
3/20/2022,Wind,6,7,4720
6/21/2025,Solar,14,15,9972
8/12/2023,Wind,4,5,1660
2/11/2021,Wind,14,15,8606
12/16/2020,Wind,8,9,6819
1/23/2022,Wind,10,11,4428
8/22/2021,Wind,23,0,2991
10/27/2024,Solar,14,15,3213
9/8/2025,Solar,12,13,6498
2/27/2024,Wind,1,2,13652
2/2/2025,Wind,19,20,1296
11/19/2022,Wind,8,9,2689
1/10/2023,Wind,19,20,14924
12/26/2021,Wind,10,11,4021
7/26/2021,Wind,17,18,6326
7/10/2023,Solar,8,9,2252
3/18/2022,Wind,1,2,6520
3/26/2024,Wind,6,7,4088
12/25/2021,Wind,10,11,1761
3/9/2025,Wind,4,5,9371
11/21/2025,Wind,22,23,3561
8/28/2024,Solar,11,12,8271
4/9/2022,Wind,7,8,3140
8/27/2025,Wind,13,14,9935
7/24/2024,Solar,14,15,8396
12/1/2021,Wind,3,4,13696
10/2/2022,Wind,14,15,11081
6/2/2021,Wind,18,19,5123
8/25/2025,Wind,0,1,4994
6/21/2025,Solar,10,11,7971
6/20/2023,Wind,23,0,1043
8/9/2022,Solar,11,12,9212
5/7/2024,Wind,0,1,2917
2/20/2023,Wind,0,1,3125
10/17/2023,Wind,7,8,7154
12/18/2020,Wind,4,5,5875
5/29/2020,Wind,16,17,7583
8/14/2023,Solar,14,15,9682
5/4/2021,Wind,15,16,14449
3/1/2021,Wind,9,10,5489
2/4/2025,Wind,17,18,4150
5/20/2023,Wind,16,17,9396
2/20/2021,Wind,6,7,11021
6/8/2023,Wind,23,0,4890
8/11/2021,Solar,8,9,1398
4/16/2022,Wind,1,2,5425
2/22/2020,Wind,15,16,11215
9/20/2020,Wind,5,6,1430
7/26/2025,Solar,16,17,12297
7/7/2020,Solar,16,17,4966
10/14/2024,Wind,7,8,4181
1/10/2021,Wind,12,13,4787
5/26/2020,Solar,13,14,7674
6/11/2022,Solar,10,11,4978
11/15/2021,Wind,3,4,3192
2/17/2024,Wind,2,3,2933
8/4/2021,Wind,20,21,1904
2/24/2022,Wind,4,5,4560
4/25/2021,Wind,16,17,10672
10/10/2022,Solar,15,16,4814
6/7/2020,Solar,13,14,4010
3/20/2023,Wind,21,22,1961
4/16/2022,Wind,19,20,6468
2/21/2023,Wind,19,20,1282
9/16/2025,Wind,10,11,13417
10/15/2025,Solar,11,12,8271
4/30/2022,Wind,2,3,4404
3/16/2023,Wind,13,14,12494
6/18/2020,Solar,13,14,4693
5/13/2022,Solar,11,12,5938
11/5/2020,Wind,11,12,6089
4/29/2025,Solar,15,16,6311
5/4/2023,Wind,23,0,3643
11/17/2025,Wind,0,1,5025
7/1/2021,Wind,5,6,651
3/15/2023,Solar,11,12,6484
9/15/2023,Solar,10,11,5974
12/22/2023,Wind,23,0,13587
3/22/2021,Wind,4,5,4054
12/12/2022,Wind,22,23,6733
9/3/2023,Solar,11,12,7094
11/9/2021,Wind,0,1,1819
1/17/2021,Wind,12,13,7552
6/21/2023,Wind,7,8,1637
5/20/2021,Wind,18,19,9869
4/16/2021,Wind,7,8,4456
12/17/2022,Wind,9,10,3658
5/8/2022,Wind,6,7,3605
12/22/2022,Wind,12,13,14188
7/11/2021,Solar,19,20,1524
1/27/2020,Wind,23,0,11841
6/15/2020,Solar,14,15,5662
1/17/2020,Wind,19,20,7060
8/8/2025,Wind,21,22,1377
12/22/2023,Wind,3,4,16098
10/22/2025,Solar,14,15,7599
5/21/2023,Wind,11,12,5316
6/14/2025,Wind,23,0,2727
7/7/2025,Wind,8,9,7413
1/9/2024,Wind,13,14,7152
1/21/2021,Wind,5,6,11117
3/28/2024,Wind,0,1,14268
3/24/2024,Wind,9,10,14489
5/11/2022,Wind,7,8,3997
6/20/2021,Wind,19,20,3126
12/23/2020,Wind,13,14,11166
4/14/2024,Solar,11,12,3777
10/17/2025,Wind,1,2,5705
8/24/2023,Wind,5,6,3806
10/5/2022,Wind,22,23,6523
3/4/2025,Wind,22,23,2922
6/15/2021,Wind,1,2,2375
6/27/2020,Wind,14,15,11830
1/22/2020,Wind,23,0,6702
9/1/2023,Wind,0,1,4962
7/27/2024,Wind,7,8,942
9/12/2024,Solar,13,14,11222
9/5/2022,Wind,22,23,5367
6/22/2022,Wind,19,20,2962
9/6/2023,Wind,7,8,2356
8/26/2020,Wind,23,0,1950
2/19/2021,Wind,6,7,4981
6/14/2022,Solar,14,15,6715
2/22/2020,Wind,13,14,12629
9/14/2022,Solar,11,12,5082
6/15/2024,Wind,13,14,11056
1/1/2023,Wind,7,8,9266
9/5/2021,Solar,17,18,2963
11/24/2023,Wind,23,0,9503
5/26/2024,Wind,0,1,3450
9/23/2025,Wind,4,5,4925
8/28/2022,Wind,5,6,3796
11/17/2023,Wind,4,5,4902
12/15/2024,Wind,12,13,9874
8/22/2020,Wind,17,18,10771
10/3/2020,Wind,2,3,2954
6/4/2024,Wind,22,23,4507
5/3/2024,Solar,15,16,10504
2/6/2020,Solar,11,12,4762
1/19/2025,Wind,3,4,931
7/6/2021,Wind,15,16,11191
8/12/2020,Solar,11,12,3755
2/3/2024,Wind,12,13,7803
10/7/2025,Solar,9,10,3821
10/19/2024,Wind,13,14,10146
10/28/2025,Wind,3,4,11254
8/11/2021,Wind,21,22,438
2/5/2024,Wind,22,23,8550
9/28/2022,Wind,23,0,2524
12/18/2024,Wind,8,9,15129
2/6/2022,Wind,2,3,13175
10/12/2022,Wind,8,9,584
7/26/2022,Wind,21,22,2482
5/28/2021,Solar,14,15,5503
9/13/2023,Wind,19,20,1538
10/29/2025,Wind,11,12,7794
7/2/2024,Solar,13,14,8030
12/4/2024,Wind,23,0,6973
4/14/2021,Wind,1,2,4020
2/4/2023,Solar,10,11,4372
9/17/2023,Wind,3,4,2904
4/19/2023,Wind,4,5,7469
5/29/2021,Wind,3,4,2960
5/5/2025,Wind,9,10,12112
6/22/2024,Wind,0,1,4950
5/9/2020,Wind,18,19,2119
3/27/2025,Wind,18,19,3241
3/5/2022,Wind,7,8,2368
5/15/2020,Wind,2,3,7692
10/15/2022,Wind,9,10,11169
7/5/2023,Wind,5,6,9980
3/18/2022,Wind,9,10,9550
1/15/2022,Solar,11,12,3590
10/21/2022,Wind,12,13,8623
10/1/2021,Wind,18,19,5384
9/15/2023,Solar,16,17,6137
5/18/2022,Wind,6,7,1431
1/26/2025,Wind,7,8,10617
4/6/2021,Wind,4,5,4973
6/5/2024,Solar,15,16,8338
5/27/2023,Solar,16,17,7001
10/7/2023,Solar,14,15,8412
6/19/2025,Wind,23,0,6656
7/14/2020,Solar,16,17,5502
1/30/2025,Wind,9,10,6843
4/18/2020,Solar,10,11,2403
5/1/2020,Wind,20,21,7607
12/17/2024,Wind,7,8,2584
10/20/2021,Wind,2,3,11312
1/19/2025,Solar,13,14,4287
1/19/2020,Wind,12,13,7168
4/3/2022,Wind,12,13,8072
11/26/2022,Wind,16,17,4098
4/6/2024,Wind,11,12,11113
6/29/2024,Wind,9,10,4606
6/21/2022,Solar,13,14,4725
5/24/2021,Wind,7,8,7606
7/19/2025,Wind,22,23,3591
1/24/2023,Wind,6,7,7138
1/5/2023,Wind,5,6,8718
3/31/2024,Wind,15,16,12871
10/20/2021,Wind,4,5,10723
10/8/2020,Wind,16,17,10734
11/22/2025,Wind,4,5,4238
2/9/2021,Wind,7,8,1690
12/11/2022,Wind,4,5,2435
10/2/2022,Wind,10,11,8595
12/11/2021,Wind,21,22,4734
1/29/2025,Wind,19,20,7676
10/17/2024,Wind,16,17,3148
2/15/2020,Wind,10,11,9345
8/30/2021,Wind,17,18,7498
12/1/2022,Wind,2,3,3707
9/24/2023,Wind,23,0,6907
1/29/2020,Wind,5,6,8170
6/27/2025,Wind,0,1,3718
3/23/2020,Wind,20,21,7815
6/3/2024,Solar,11,12,6838
6/3/2020,Wind,21,22,4054
3/15/2024,Wind,22,23,11551
5/6/2020,Wind,1,2,2902
6/20/2022,Wind,8,9,4120
8/4/2022,Wind,8,9,2352
6/5/2025,Wind,2,3,3520
5/22/2024,Wind,21,22,3246
5/31/2021,Solar,12,13,8251
5/17/2025,Solar,16,17,5091
6/8/2023,Wind,3,4,4963
6/10/2020,Solar,13,14,3476
4/6/2021,Wind,7,8,4483
5/12/2020,Wind,13,14,5427
10/22/2021,Wind,13,14,7756
10/25/2020,Wind,20,21,5286
11/10/2024,Solar,9,10,2337
8/27/2020,Wind,3,4,746
12/8/2020,Wind,13,14,2927
2/25/2020,Wind,19,20,11340
5/25/2025,Wind,22,23,7827
10/29/2024,Wind,8,9,2469
6/12/2023,Wind,2,3,1550
6/11/2022,Solar,18,19,3464
10/14/2024,Wind,9,10,4669
11/29/2023,Wind,7,8,3138
5/11/2023,Wind,19,20,3543
5/30/2022,Wind,5,6,3358
4/20/2023,Wind,1,2,9578
10/26/2025,Wind,15,16,14457
6/3/2021,Solar,12,13,4373
5/9/2022,Solar,19,20,1377
12/20/2021,Wind,3,4,3033
10/9/2023,Wind,6,7,1355
9/15/2023,Wind,0,1,3113
9/8/2023,Wind,5,6,1193
6/24/2020,Wind,3,4,4927
11/30/2024,Wind,2,3,4784
4/14/2025,Wind,4,5,625
8/13/2021,Wind,1,2,1385
7/6/2021,Wind,20,21,3252
5/2/2020,Wind,6,7,4527
9/25/2021,Wind,7,8,1626
9/13/2025,Wind,23,0,5473
5/3/2022,Wind,20,21,3913
5/31/2022,Wind,6,7,629
4/4/2021,Wind,20,21,1822
5/2/2022,Solar,14,15,6399
4/22/2022,Wind,6,7,4924
12/6/2021,Wind,13,14,6810
12/11/2021,Wind,4,5,7205
2/28/2025,Wind,2,3,4602
2/9/2023,Wind,0,1,2302
10/16/2020,Wind,12,13,4771
10/17/2023,Wind,19,20,9601
10/21/2025,Wind,0,1,16078
11/7/2023,Wind,15,16,10062
10/30/2025,Wind,20,21,7973
10/19/2020,Wind,1,2,1282
9/8/2023,Wind,0,1,1364
10/19/2025,Wind,18,19,12954
11/13/2022,Solar,15,16,2623
2/24/2021,Wind,23,0,6614
4/16/2023,Solar,14,15,10098
8/19/2024,Wind,21,22,2334
3/1/2024,Wind,20,21,13391
4/25/2025,Wind,23,0,5109
6/5/2025,Wind,0,1,2919
5/4/2024,Wind,20,21,3018
8/19/2023,Solar,17,18,5543
3/21/2024,Solar,9,10,3781
4/5/2021,Wind,1,2,3111
5/19/2021,Wind,22,23,3897
12/21/2023,Wind,3,4,14043
2/22/2025,Wind,4,5,10381
2/7/2021,Wind,23,0,1739
5/10/2025,Wind,6,7,7169
2/25/2025,Wind,14,15,13221
7/2/2024,Wind,2,3,2993
5/25/2023,Wind,6,7,7649
4/13/2022,Solar,16,17,3243
2/15/2025,Wind,18,19,3681
4/19/2022,Wind,5,6,2287
2/14/2021,Wind,23,0,10047
1/13/2024,Wind,2,3,2005
6/23/2024,Wind,21,22,1679
6/23/2023,Wind,22,23,2045
12/13/2022,Wind,16,17,2696
10/3/2023,Wind,20,21,4434
7/13/2023,Solar,15,16,9653
4/19/2020,Wind,17,18,4146
12/1/2022,Wind,19,20,3999
6/23/2025,Wind,19,20,9992
9/8/2020,Wind,1,2,1554
7/3/2024,Wind,18,19,9354
7/25/2025,Wind,3,4,2035
6/20/2021,Solar,10,11,3778
5/31/2023,Wind,8,9,7123
5/1/2021,Solar,11,12,3323
4/2/2023,Wind,12,13,12812
1/8/2022,Wind,10,11,10733
2/23/2024,Wind,13,14,16191
1/22/2021,Wind,17,18,3817
7/5/2025,Wind,4,5,2489
4/18/2024,Solar,12,13,8623
10/24/2024,Wind,0,1,6796
8/8/2023,Wind,22,23,2582
1/13/2020,Wind,17,18,9926
6/27/2025,Solar,13,14,11541
7/1/2024,Wind,5,6,1695
5/11/2024,Wind,21,22,3472
9/7/2025,Wind,14,15,7231
11/19/2023,Wind,13,14,17786
12/11/2020,Wind,18,19,6188
8/28/2020,Wind,5,6,4524
2/4/2025,Solar,13,14,8211
2/9/2020,Wind,5,6,11052
4/13/2022,Wind,5,6,1227
10/24/2021,Wind,22,23,3438
10/24/2024,Wind,5,6,6302
2/16/2023,Wind,6,7,4250
6/11/2024,Wind,4,5,1800
10/16/2020,Wind,23,0,1207
6/28/2020,Wind,3,4,4867
3/23/2024,Wind,11,12,12855
8/13/2025,Wind,3,4,1056
7/4/2022,Wind,1,2,3580
4/18/2022,Solar,15,16,5600
8/18/2025,Solar,16,17,7367
11/17/2024,Wind,18,19,4964
4/30/2023,Wind,23,0,1696
3/20/2020,Wind,2,3,3316
12/15/2023,Solar,12,13,4274
11/28/2021,Wind,13,14,10375
10/31/2025,Wind,21,22,15246
10/5/2022,Wind,12,13,14483
6/23/2025,Wind,10,11,11567
3/1/2023,Wind,18,19,7450
12/12/2022,Wind,10,11,3288
11/12/2021,Wind,15,16,3879
12/21/2023,Wind,12,13,19358
10/25/2024,Wind,2,3,6941
2/24/2023,Wind,18,19,3224
7/8/2022,Solar,11,12,7531
11/8/2020,Wind,1,2,4275
11/1/2021,Wind,0,1,9125
11/23/2024,Wind,0,1,8044
12/23/2024,Wind,5,6,17108
11/15/2023,Wind,21,22,4402
7/29/2020,Solar,13,14,4027
3/1/2020,Wind,16,17,8574
12/16/2020,Wind,10,11,8045
11/2/2021,Wind,4,5,4888
11/9/2020,Wind,9,10,3308
10/4/2023,Wind,4,5,2628
2/16/2024,Wind,22,23,4567
3/21/2020,Wind,11,12,10973
8/8/2021,Wind,5,6,5042
5/29/2021,Wind,5,6,2581
9/8/2023,Solar,14,15,7239
1/16/2024,Wind,2,3,1868
6/26/2025,Wind,21,22,4580
9/28/2021,Wind,5,6,1599
3/6/2020,Wind,2,3,10808
10/10/2021,Wind,5,6,1374
6/7/2025,Wind,18,19,13408
12/2/2023,Solar,11,12,4402
6/9/2020,Wind,20,21,2462
7/14/2025,Wind,19,20,8818
2/5/2021,Wind,21,22,2566
2/2/2023,Wind,21,22,7011
5/26/2023,Solar,16,17,11645
8/3/2024,Solar,14,15,10343
10/14/2022,Wind,0,1,3451
8/12/2025,Solar,12,13,10561
3/28/2022,Wind,7,8,1693
5/2/2025,Wind,4,5,3410
4/13/2025,Wind,17,18,5953
10/9/2020,Wind,21,22,3453
8/6/2025,Wind,2,3,3916
6/11/2021,Wind,21,22,2176
6/19/2020,Solar,9,10,3181
1/24/2023,Wind,7,8,7104
9/15/2020,Wind,21,22,833
7/24/2023,Wind,7,8,4430
7/6/2025,Wind,16,17,14176
4/15/2021,Wind,12,13,9189
3/22/2025,Wind,23,0,4464
1/4/2024,Wind,11,12,11461
2/17/2023,Wind,7,8,8100
5/20/2024,Wind,4,5,1616
1/27/2024,Wind,10,11,5738
8/31/2023,Wind,15,16,10018
2/19/2021,Wind,3,4,4793
7/8/2021,Solar,14,15,5195
5/19/2023,Wind,1,2,6367
1/29/2021,Wind,16,17,14125
6/1/2022,Wind,20,21,2172
4/30/2020,Wind,16,17,14234
9/22/2021,Wind,21,22,2338
2/2/2024,Wind,4,5,4279
7/24/2022,Solar,15,16,7307
5/25/2021,Wind,13,14,14393
7/17/2023,Wind,7,8,2338
6/8/2024,Solar,9,10,4101
7/19/2022,Wind,8,9,5523
11/16/2020,Wind,10,11,9212
2/2/2024,Wind,23,0,6383
6/25/2020,Wind,20,21,1654
7/10/2025,Wind,22,23,3466
6/3/2022,Wind,5,6,2794
6/18/2020,Wind,2,3,1786
3/21/2024,Wind,4,5,2332
4/25/2023,Wind,1,2,2739
1/7/2022,Wind,9,10,9573
4/18/2023,Wind,12,13,12157
3/26/2023,Wind,8,9,14251
12/19/2023,Wind,9,10,9075
10/26/2022,Wind,0,1,6850
6/3/2025,Wind,8,9,5477
6/17/2020,Wind,3,4,1304
8/29/2025,Wind,3,4,8790
2/16/2020,Wind,15,16,13620
9/15/2020,Wind,4,5,3135
2/7/2022,Solar,14,15,6367
9/18/2021,Wind,21,22,2374
5/9/2023,Wind,4,5,2754
3/18/2024,Solar,9,10,3934
1/10/2024,Wind,12,13,2707
12/24/2020,Wind,2,3,10311
6/10/2024,Wind,8,9,7335
11/9/2022,Wind,1,2,9198
11/11/2024,Wind,1,2,2550
12/5/2022,Wind,19,20,1646
1/6/2020,Wind,22,23,6114
8/21/2023,Wind,21,22,1791
1/12/2020,Wind,17,18,4993
10/12/2024,Wind,18,19,6137
11/9/2020,Solar,13,14,2889
9/13/2022,Wind,0,1,2581
3/29/2020,Wind,16,17,13630
2/15/2025,Wind,22,23,5661
8/27/2025,Wind,0,1,2252
7/12/2023,Wind,22,23,3539
1/2/2025,Wind,7,8,6369
2/19/2021,Wind,9,10,6811
9/23/2025,Wind,2,3,7896
7/10/2022,Wind,8,9,4514
3/26/2021,Wind,5,6,3646
10/15/2021,Wind,6,7,1575
2/7/2025,Wind,15,16,10457
10/10/2025,Wind,18,19,3559
6/22/2023,Wind,15,16,9514
2/24/2022,Wind,22,23,7938
1/15/2025,Wind,16,17,3431
7/28/2021,Wind,4,5,3354
5/5/2025,Wind,15,16,15064
2/12/2023,Wind,21,22,4192
10/5/2021,Wind,8,9,10165
7/16/2022,Wind,19,20,4533
5/2/2023,Solar,16,17,8967
5/22/2021,Wind,9,10,12712
4/14/2025,Wind,6,7,479
8/19/2022,Solar,11,12,6190
11/12/2020,Wind,8,9,5261
6/5/2020,Wind,2,3,3265
8/10/2021,Wind,5,6,1248
2/15/2023,Wind,0,1,4757
7/26/2021,Solar,11,12,5093
2/6/2022,Wind,10,11,17304
12/20/2020,Wind,19,20,5429
5/29/2024,Wind,13,14,11498
3/14/2023,Wind,19,20,6322
3/17/2023,Wind,18,19,6610
8/8/2020,Wind,5,6,1149
5/2/2021,Wind,2,3,2502
1/21/2021,Wind,16,17,11579
7/4/2020,Wind,2,3,3974
8/7/2020,Solar,14,15,4514
4/1/2020,Wind,21,22,3851
9/15/2022,Wind,6,7,1567
2/16/2023,Wind,10,11,7146
5/18/2024,Wind,0,1,677
12/30/2020,Wind,6,7,2807
4/28/2024,Wind,12,13,8476
3/23/2021,Solar,15,16,3997
11/26/2023,Wind,1,2,2638
4/25/2023,Wind,21,22,2248
8/24/2021,Wind,11,12,9610
1/27/2025,Wind,21,22,17504
1/3/2025,Wind,15,16,4264
7/3/2022,Wind,23,0,3250
4/27/2022,Wind,18,19,7424
10/17/2022,Wind,20,21,1731
12/24/2024,Wind,20,21,2733
7/5/2025,Wind,7,8,3504
3/24/2024,Wind,12,13,17542
3/5/2021,Wind,9,10,5969
4/18/2023,Wind,0,1,7377
2/20/2020,Wind,14,15,13570
4/22/2023,Wind,21,22,4685
6/30/2021,Wind,22,23,1138
9/15/2023,Wind,5,6,2859
6/27/2021,Wind,19,20,1928
12/18/2023,Wind,6,7,1983
1/3/2025,Wind,4,5,2458
10/11/2025,Wind,2,3,3113
9/17/2022,Wind,16,17,10338
10/19/2020,Wind,14,15,7098
10/10/2024,Wind,7,8,7668
4/26/2022,Wind,5,6,2225
5/8/2023,Solar,14,15,6648
11/11/2021,Wind,17,18,380
11/23/2023,Wind,20,21,8437
4/27/2025,Solar,17,18,5174
9/27/2025,Wind,21,22,2138
10/4/2023,Wind,18,19,2050
4/3/2022,Wind,6,7,4104
8/25/2020,Wind,1,2,723
7/17/2022,Wind,23,0,4351
10/3/2025,Wind,13,14,11301
8/6/2021,Wind,11,12,11666
5/14/2021,Wind,10,11,6084
4/22/2024,Wind,15,16,11441
9/12/2021,Wind,3,4,833
5/21/2025,Solar,12,13,9175
9/21/2020,Solar,15,16,2049
2/7/2021,Wind,20,21,3072
8/27/2022,Solar,18,19,4302
11/4/2022,Wind,8,9,6595
9/18/2022,Wind,21,22,4391
6/18/2022,Solar,10,11,5292
10/22/2021,Wind,3,4,2015
4/29/2020,Wind,12,13,9416
2/13/2023,Wind,3,4,3717
5/7/2022,Wind,18,19,5564
7/4/2021,Wind,6,7,932
1/15/2023,Wind,4,5,11169
2/16/2023,Wind,18,19,6891
8/5/2024,Wind,6,7,776
5/16/2021,Wind,1,2,5170
3/8/2023,Wind,10,11,15041
10/30/2020,Wind,13,14,7334
4/26/2021,Wind,10,11,7918
7/7/2025,Wind,6,7,5004
8/24/2021,Wind,9,10,6030
4/1/2022,Wind,0,1,10193
8/21/2024,Wind,23,0,1351
1/19/2024,Wind,22,23,3386
5/24/2021,Wind,12,13,12352
5/18/2021,Wind,1,2,5826
11/4/2023,Wind,14,15,17543
7/14/2024,Solar,9,10,2112
3/10/2022,Wind,9,10,5077
3/10/2024,Wind,1,2,3791
2/28/2021,Wind,23,0,6317
4/23/2025,Wind,0,1,4602
6/16/2025,Solar,8,9,4345
3/26/2021,Wind,7,8,4671
8/3/2022,Wind,7,8,1048
11/1/2023,Wind,7,8,12440
11/21/2022,Wind,12,13,10615
9/23/2020,Wind,21,22,7077
7/21/2021,Solar,9,10,2455
5/25/2025,Wind,23,0,7409
1/20/2020,Wind,18,19,5481
7/16/2020,Wind,23,0,1793
4/11/2025,Wind,3,4,4126
7/30/2023,Wind,2,3,5343
12/19/2022,Wind,23,0,13567
12/4/2024,Wind,2,3,1630
6/10/2022,Solar,11,12,7582
11/17/2021,Wind,9,10,2394
4/24/2022,Wind,3,4,2963
5/28/2023,Wind,0,1,5726
1/24/2025,Wind,10,11,19742
6/8/2023,Solar,11,12,8461
11/19/2024,Wind,7,8,18100
7/10/2022,Wind,5,6,4280
5/15/2022,Wind,7,8,4614
9/28/2022,Wind,9,10,4568
2/17/2021,Wind,12,13,11639
10/9/2024,Wind,12,13,12368
6/4/2025,Solar,14,15,8787
11/4/2020,Solar,11,12,3051
2/26/2022,Wind,8,9,5296
3/17/2024,Solar,12,13,8354
2/15/2023,Solar,14,15,5873
7/31/2020,Wind,8,9,3969
4/15/2022,Solar,9,10,3210
12/12/2020,Wind,5,6,4914
9/2/2022,Wind,8,9,2497
3/16/2020,Wind,7,8,3407
11/21/2024,Wind,15,16,9569
8/7/2021,Wind,3,4,3328
2/28/2025,Solar,12,13,10622
4/23/2022,Wind,3,4,5891
1/7/2025,Wind,4,5,14713
10/25/2021,Wind,23,0,3138
11/7/2021,Wind,1,2,6691
2/4/2021,Wind,19,20,3434
2/22/2020,Wind,4,5,8062
10/23/2024,Wind,23,0,6864
8/17/2023,Wind,0,1,2496
3/2/2025,Solar,13,14,12215
2/5/2023,Wind,0,1,3594
2/7/2024,Wind,7,8,17057
6/20/2023,Solar,13,14,7992
1/13/2020,Wind,4,5,2614
9/22/2024,Wind,2,3,4342
8/27/2025,Wind,23,0,2306
11/9/2024,Wind,22,23,654
1/28/2021,Wind,5,6,10801
11/8/2024,Wind,4,5,2745
6/27/2024,Solar,9,10,4237
2/5/2025,Solar,15,16,5425
2/24/2025,Wind,20,21,6233
8/9/2022,Solar,14,15,10463
8/6/2020,Wind,0,1,1316
12/20/2022,Wind,16,17,8489
5/6/2022,Solar,13,14,6950
5/23/2025,Wind,2,3,3630
1/29/2022,Wind,19,20,9050
1/8/2023,Wind,4,5,11271
12/7/2024,Wind,7,8,18470
1/16/2020,Wind,7,8,5457
6/8/2022,Wind,17,18,10342
5/20/2021,Wind,14,15,11590
7/25/2021,Wind,8,9,3518
5/7/2020,Solar,15,16,4042
3/26/2021,Wind,18,19,8689
6/27/2023,Wind,1,2,3541
10/24/2024,Wind,1,2,6617
8/24/2020,Solar,15,16,6376
10/23/2021,Wind,1,2,1627
4/4/2020,Wind,23,0,6994
2/2/2023,Wind,22,23,6620
11/16/2022,Wind,4,5,8639
9/10/2020,Wind,6,7,1588
3/9/2022,Wind,19,20,5409
7/23/2025,Wind,4,5,981
3/10/2022,Wind,15,16,6480
12/4/2021,Wind,21,22,11148
9/2/2024,Wind,4,5,1417
8/5/2025,Wind,7,8,4930
2/19/2024,Wind,4,5,3561
9/23/2025,Wind,20,21,7015
3/17/2025,Wind,5,6,5480
12/12/2020,Wind,0,1,6148
6/2/2022,Solar,11,12,6196
8/11/2024,Wind,20,21,4609
7/27/2021,Wind,17,18,6091
10/1/2022,Wind,18,19,9643
12/12/2023,Wind,20,21,12126
3/17/2020,Wind,6,7,985
6/5/2024,Wind,21,22,2061
6/20/2021,Wind,5,6,3261
10/31/2025,Wind,3,4,9983
1/3/2024,Wind,22,23,16866
4/25/2021,Wind,2,3,8382
1/23/2024,Wind,10,11,10479
6/12/2023,Wind,5,6,1553
2/19/2022,Wind,1,2,11830
1/29/2020,Wind,7,8,7825
12/20/2020,Wind,18,19,5033
6/2/2020,Solar,15,16,3567
5/28/2024,Wind,8,9,6596
1/30/2023,Wind,9,10,7712
5/4/2020,Wind,18,19,4761
11/1/2021,Wind,12,13,12570
3/26/2020,Wind,17,18,6738
3/20/2022,Solar,11,12,5199
11/9/2021,Wind,18,19,1386
6/2/2020,Wind,6,7,1579
3/14/2021,Wind,6,7,10061
4/2/2024,Wind,17,18,14399
4/4/2025,Solar,10,11,8357
1/17/2023,Wind,7,8,2989
1/12/2023,Wind,8,9,16345
9/22/2022,Wind,4,5,2032
5/2/2020,Wind,7,8,4238
9/26/2024,Wind,2,3,12285
8/15/2024,Solar,16,17,9170
12/19/2024,Wind,23,0,10852
8/4/2025,Wind,21,22,4350
8/27/2023,Wind,20,21,4122
5/25/2023,Wind,10,11,12510
12/12/2020,Wind,2,3,5549
9/11/2023,Wind,7,8,1487
2/29/2024,Wind,15,16,11785
2/18/2025,Wind,17,18,7911
8/11/2020,Wind,6,7,789
7/12/2021,Wind,21,22,3009
12/10/2022,Wind,9,10,2001
9/8/2022,Wind,1,2,3781
4/13/2024,Wind,1,2,2145
5/19/2022,Wind,11,12,8552
5/15/2024,Wind,1,2,3240
1/4/2024,Wind,0,1,15949
3/16/2024,Wind,4,5,7152
4/17/2024,Wind,2,3,5485
10/10/2023,Wind,23,0,2350
7/20/2021,Solar,17,18,5061
6/28/2024,Solar,19,20,2931
10/17/2022,Wind,4,5,8371
5/4/2024,Wind,16,17,7097
11/23/2022,Wind,16,17,11998
7/25/2024,Solar,14,15,10189
11/22/2023,Wind,0,1,7046
5/23/2023,Wind,13,14,11450
10/17/2024,Wind,14,15,3422
6/18/2020,Solar,15,16,5327
9/16/2020,Wind,19,20,4286
9/1/2024,Solar,10,11,5454
11/29/2022,Wind,1,2,2348
7/31/2022,Wind,0,1,2172
11/11/2022,Wind,22,23,4710
10/24/2024,Solar,13,14,8418
9/9/2025,Wind,1,2,2328
6/3/2022,Solar,10,11,3195
4/11/2020,Solar,12,13,4030
3/28/2025,Wind,6,7,2900
9/24/2024,Wind,1,2,5173
5/29/2021,Wind,8,9,2818
12/13/2020,Wind,17,18,8724
12/21/2024,Wind,15,16,16264
1/30/2021,Wind,9,10,7466
4/28/2023,Wind,19,20,4416
2/22/2023,Wind,8,9,3681
7/4/2024,Wind,2,3,4917
8/17/2023,Wind,22,23,3285
3/1/2025,Wind,6,7,6964
4/5/2021,Wind,17,18,11176
4/24/2025,Wind,3,4,2874
1/1/2023,Wind,11,12,11352
9/21/2024,Wind,18,19,3706
2/6/2022,Wind,8,9,15231
6/22/2023,Wind,12,13,8029
6/19/2022,Wind,23,0,6609
12/29/2022,Wind,7,8,14628
10/8/2021,Wind,16,17,7401
3/3/2021,Solar,15,16,2297
8/25/2022,Solar,9,10,4102
11/2/2023,Wind,12,13,15749
4/28/2023,Wind,15,16,11332
3/19/2024,Solar,8,9,2995
10/18/2025,Wind,2,3,5298
9/9/2025,Wind,18,19,3952
2/26/2020,Wind,6,7,10052
8/2/2023,Wind,3,4,11426
1/27/2024,Wind,4,5,2168
12/29/2022,Wind,9,10,14107
8/31/2024,Wind,5,6,4126
1/12/2025,Wind,4,5,2882
10/10/2021,Solar,12,13,5083
3/6/2025,Solar,12,13,15080
9/27/2023,Wind,20,21,6093
3/21/2022,Wind,6,7,4047
7/25/2022,Wind,14,15,13252
1/7/2020,Wind,20,21,5559
6/19/2025,Solar,12,13,5699
10/2/2023,Wind,22,23,9165
10/22/2025,Wind,6,7,4199
8/20/2020,Wind,1,2,4652
1/5/2023,Wind,8,9,6315
4/15/2021,Wind,8,9,4765
4/3/2023,Wind,6,7,5730
7/28/2022,Solar,16,17,4699
3/16/2022,Wind,22,23,4803
2/11/2024,Wind,23,0,5948
4/18/2022,Solar,10,11,4102
8/20/2020,Wind,0,1,4778
5/30/2021,Wind,18,19,5283
2/3/2024,Wind,0,1,5398
2/2/2022,Wind,12,13,7343
8/11/2022,Solar,16,17,7985
3/2/2020,Wind,0,1,8237
7/20/2020,Solar,12,13,6001
2/25/2025,Wind,6,7,5499
9/27/2023,Solar,9,10,4720
1/28/2021,Wind,7,8,13384
4/11/2021,Wind,9,10,6470
1/4/2023,Wind,13,14,17387
5/22/2023,Wind,7,8,2460
6/1/2020,Wind,23,0,2810
1/12/2025,Wind,7,8,3280
12/28/2020,Wind,14,15,9585
3/26/2024,Wind,11,12,5113
5/5/2021,Wind,3,4,6830
2/3/2022,Wind,8,9,3193
11/15/2022,Wind,23,0,8025
1/13/2025,Wind,17,18,3745
10/29/2021,Wind,11,12,12826
2/20/2020,Wind,21,22,9235
9/11/2020,Wind,20,21,978
4/20/2022,Wind,13,14,6149
2/26/2021,Wind,9,10,3431
3/21/2023,Wind,2,3,3815
8/24/2022,Wind,6,7,918
3/4/2023,Wind,3,4,4696
7/12/2025,Wind,6,7,3675
8/8/2021,Wind,8,9,5143
3/26/2020,Wind,11,12,9436
4/14/2023,Wind,18,19,9132
2/24/2022,Wind,2,3,4044
1/19/2020,Wind,21,22,7199
9/28/2025,Wind,18,19,1930
7/25/2025,Wind,20,21,3699
9/21/2022,Solar,15,16,7231
3/27/2023,Wind,21,22,2171
1/10/2022,Wind,17,18,1854
6/15/2025,Solar,11,12,3323
9/27/2025,Wind,19,20,988
6/5/2024,Solar,16,17,5467
1/31/2022,Wind,12,13,16588
5/10/2025,Solar,15,16,6026
11/9/2020,Solar,12,13,3129
12/8/2024,Wind,9,10,17595
3/4/2021,Solar,10,11,2510
7/10/2020,Wind,6,7,2854
3/12/2025,Solar,15,16,3819
9/1/2023,Solar,18,19,3528
1/12/2024,Wind,7,8,6614
7/14/2023,Solar,10,11,9021
11/29/2020,Wind,14,15,3884
11/3/2023,Wind,20,21,11587
7/15/2024,Wind,2,3,806
1/13/2021,Wind,21,22,10124
5/5/2021,Wind,19,20,7103
3/21/2023,Wind,21,22,6853
7/3/2024,Wind,16,17,12507
7/11/2025,Wind,2,3,4561
7/30/2021,Wind,10,11,7443
4/6/2022,Wind,8,9,5703
11/9/2025,Solar,10,11,6137
2/8/2024,Wind,9,10,14578
5/6/2021,Wind,23,0,2774
10/23/2021,Wind,9,10,2533
10/7/2022,Wind,23,0,2893
2/2/2024,Wind,20,21,7591
12/13/2022,Wind,18,19,3271
5/28/2022,Wind,23,0,6736
4/8/2023,Solar,15,16,8121
6/5/2024,Wind,3,4,2600
3/26/2025,Wind,8,9,4117
8/27/2024,Wind,7,8,4362
3/22/2020,Wind,5,6,8012
4/26/2022,Wind,22,23,5243
5/19/2023,Wind,15,16,10001
1/24/2022,Wind,3,4,2969
2/1/2022,Wind,8,9,7682
12/16/2024,Wind,4,5,7471
12/16/2023,Solar,11,12,5289
10/29/2023,Wind,17,18,13201
1/6/2022,Wind,20,21,6842
4/6/2022,Wind,15,16,13079
6/16/2023,Wind,22,23,1185
10/26/2021,Wind,1,2,3058
11/26/2025,Solar,13,14,6697
12/8/2022,Wind,12,13,2588
1/25/2021,Wind,7,8,5382
3/30/2020,Wind,18,19,11078
12/8/2023,Wind,12,13,5928
9/3/2022,Wind,7,8,1564
5/13/2024,Wind,2,3,2486
7/17/2024,Wind,6,7,1311
8/1/2021,Solar,14,15,6936
7/25/2024,Wind,7,8,1757
4/30/2021,Solar,16,17,2380
8/23/2025,Solar,17,18,7139
10/12/2021,Wind,21,22,3745
12/29/2020,Wind,2,3,6417
1/6/2023,Wind,1,2,7136
4/18/2025,Solar,14,15,7510
10/27/2021,Solar,15,16,5169
12/9/2023,Wind,0,1,8230
12/21/2024,Wind,0,1,11974
1/5/2025,Wind,8,9,17589
10/6/2021,Wind,22,23,2961
1/16/2024,Solar,13,14,3645
9/21/2022,Wind,0,1,2874
11/8/2024,Wind,5,6,2488
1/29/2021,Wind,9,10,14288
8/7/2021,Wind,1,2,2984
7/23/2024,Wind,20,21,4481
6/27/2025,Wind,6,7,2148
10/9/2020,Wind,6,7,2199
8/15/2020,Solar,13,14,3858
10/13/2024,Wind,19,20,846
11/18/2021,Wind,0,1,1595
4/29/2021,Wind,7,8,2584
9/24/2024,Wind,19,20,4603
10/13/2020,Wind,15,16,6503
9/7/2025,Wind,2,3,6502
3/28/2024,Wind,1,2,14376
7/7/2020,Wind,20,21,2114
5/22/2020,Wind,17,18,6372
1/26/2023,Wind,10,11,5197
4/25/2020,Solar,13,14,4085
7/14/2024,Solar,10,11,2634
12/11/2024,Wind,14,15,6865
10/20/2023,Wind,18,19,7162
7/31/2022,Wind,7,8,1873
11/19/2020,Wind,22,23,4071
5/13/2023,Wind,13,14,9897
1/29/2024,Wind,17,18,5859
4/19/2024,Wind,14,15,18551
6/9/2020,Wind,16,17,5018
3/30/2025,Wind,21,22,6026
7/4/2020,Wind,0,1,2880
4/21/2023,Solar,12,13,7908
3/11/2025,Wind,9,10,5850
9/1/2021,Wind,21,22,7034
8/18/2025,Wind,5,6,5172
1/16/2022,Wind,11,12,5504
4/8/2020,Wind,22,23,690
3/20/2024,Wind,8,9,4474
9/2/2021,Wind,8,9,6040
6/6/2025,Wind,5,6,8130
4/5/2025,Solar,15,16,6317
7/18/2021,Wind,5,6,4909
5/30/2020,Wind,8,9,3028
1/15/2023,Wind,2,3,9467
9/8/2022,Wind,22,23,5397
10/22/2025,Wind,20,21,10734
12/28/2021,Wind,14,15,15685
9/29/2024,Wind,22,23,10984
6/14/2020,Solar,13,14,5704
12/23/2021,Wind,10,11,9426
3/18/2024,Wind,23,0,933
8/24/2023,Wind,15,16,13574
10/29/2021,Wind,9,10,12500
6/16/2025,Solar,17,18,8507
10/7/2024,Wind,14,15,6327
8/25/2021,Wind,2,3,6018
3/3/2023,Wind,6,7,4375
7/22/2024,Wind,22,23,3692
8/12/2025,Wind,19,20,3451
4/18/2023,Wind,1,2,7360
3/25/2024,Wind,4,5,1955
1/17/2022,Solar,14,15,3473
5/5/2024,Wind,0,1,3218
4/8/2023,Wind,21,22,3198
8/1/2022,Solar,16,17,6020
3/5/2024,Wind,10,11,9324
6/2/2025,Wind,7,8,2418
11/4/2024,Wind,7,8,2712
8/11/2025,Wind,4,5,5798
12/25/2023,Wind,18,19,12549
4/13/2022,Wind,23,0,1056
10/13/2024,Solar,12,13,5958
7/30/2023,Wind,19,20,8854
9/14/2020,Wind,5,6,2506
11/14/2023,Wind,23,0,12183
8/25/2024,Wind,0,1,8078
9/29/2025,Wind,7,8,1685
4/23/2024,Wind,22,23,4207
11/14/2022,Wind,6,7,3756
6/21/2025,Wind,5,6,3209
1/2/2024,Wind,22,23,17304
4/29/2020,Wind,14,15,11037
1/4/2021,Wind,1,2,1985
10/26/2025,Wind,22,23,14963
6/23/2024,Solar,8,9,3443
12/4/2022,Wind,3,4,3339
1/20/2022,Wind,5,6,3390
6/21/2020,Wind,22,23,3262
4/7/2024,Wind,3,4,9110
5/21/2024,Wind,6,7,1742
3/8/2023,Wind,22,23,14517
8/26/2021,Solar,15,16,8587
10/16/2025,Wind,1,2,4833
11/6/2020,Wind,15,16,5205
10/20/2022,Wind,18,19,5532
2/22/2025,Wind,16,17,8303
11/8/2021,Wind,19,20,1830
4/16/2024,Wind,15,16,10661
4/7/2022,Wind,20,21,13977
11/7/2023,Wind,18,19,8342
5/16/2020,Wind,23,0,4229
12/8/2021,Wind,17,18,4609
4/27/2022,Wind,8,9,5412
1/31/2025,Wind,23,0,3781
12/26/2022,Wind,15,16,8297
5/15/2023,Wind,20,21,8937
2/22/2022,Wind,14,15,14800
6/3/2023,Wind,8,9,4876
3/3/2021,Wind,19,20,854
6/18/2020,Wind,21,22,1799
9/28/2024,Solar,16,17,7308
6/13/2020,Wind,13,14,5636
12/26/2024,Wind,7,8,2631
7/28/2020,Wind,23,0,2945
9/12/2020,Wind,20,21,1281
12/1/2023,Wind,4,5,1917
2/5/2021,Wind,5,6,1882
5/25/2024,Wind,21,22,1504
2/8/2023,Wind,0,1,4023
